player_id,full_name,position,fantasy_positions,team,active,status,espn_id,yahoo_id,rotowire_id,rotoworld_id,fantasy_data_id,gsis_id,injury_status,injury_body_part,injury_start_date,injury_notes,depth_chart_position,depth_chart_order,number,years_exp,college,search_full_name,search_last_name,news_updated
1,GJ Kinne,QB,QB,,False,Inactive,15299,26154,8833,,18,,,,,,,,2,1,Tulsa,gjkinne,kinne,
1001,Tyler Clutts,RB,RB,,False,Inactive,13945,24769,7298,,13527,,,,,,,,44,9,Fresno State,tylerclutts,clutts,
1003,Trindon Holliday,WR,WR,,False,Inactive,13386,24173,,,13555,,,,,,,,15,6,LSU,trindonholliday,holliday,
1004,Ben Tate,RB,RB,,False,Inactive,13210,,,,13557,,,,,,,,44,5,Auburn,bentate,tate,
1007,Kevin Brock,TE,TE,,False,Inactive,12874,9699,,,13586,,,,,,,,85,3,Rutgers,kevinbrock,brock,
1009,Bryan Walters,WR,WR,,False,Injured Reserve,13662,24436,6858,,13595,,,,,,,,81,10,Cornell,bryanwalters,walters,
1014,Richie Brockel,RB,RB|TE,,False,Inactive,13538,24431,,,13653,,,,,,,,47,10,Boise State,richiebrockel,brockel,
1015,Jed Collins,RB,RB,,False,Inactive,11517,,,,13661,,,,,,,,45,4,Washington State,jedcollins,collins,
102,Josh Brown,K,K,,False,Inactive,4680,6558,3132,525,2695,,,,,,,,3,17,Nebraska,joshbrown,brown,
1020,Terrelle Pryor,WR,WR,,False,Inactive,14851,25681,7640,6757,13693,00-0028825,,,,,,,10,11,Ohio State,terrellepryor,pryor,1575246615206
10210,Cameron Latu,TE,TE,PHI,True,Active,,,16931,,24421,,,,,,TE,4,36,3,Alabama,cameronlatu,latu,1766634634499
10211,Camerun Peoples,RB,RB,,True,Active,,,16927,,,,,,,,,,32,1,Appalachian State,camerunpeoples,peoples,1693069512469
10212,Josh Whyle,TE,TE,GB,True,Active,,,16866,,24375,,,,,,TE,3,81,3,Cincinnati,joshwhyle,whyle,1767917753762
10213,Tre Tucker,WR,WR,LV,True,Active,,,16694,,24177,,,,,,RWR,3,1,3,Cincinnati,tretucker,tucker,1767809155946
10214,Davis Allen,TE,TE,LAR,True,Active,,,17030,,24148,,,,,,TE,4,87,3,Clemson,davisallen,allen,1767643806199
10215,Jake Haener,QB,QB,KC,True,Active,,,16912,,23249,,,,,,QB,3,3,3,Fresno State,jakehaener,haener,1770077430896
10216,Kenny McIntosh,RB,RB,SEA,True,Inactive,,,17002,,24373,,IR,Knee - ACL,,,RB,5,25,3,Georgia,kennymcintosh,mcintosh,1753731916459
10217,Clayton Tune,QB,QB,,True,Active,,,16913,,24170,,,,,,,,6,3,Houston,claytontune,tune,1767807057135
10218,Xavier Hutchinson,WR,WR,HOU,True,Active,,,16932,,24347,,,,,,LWR,5,19,3,Iowa State,xavierhutchinson,hutchinson,1768784129022
10219,Chris Rodriguez,RB,RB,WAS,True,Active,,,16933,,23237,,,,,,RB,3,36,3,Kentucky,chrisrodriguez,rodriguez,1767585905930
1022,Thaddeus Lewis,QB,QB,,False,Inactive,13606,24311,6847,6083,13697,,,,,,,,7,10,Duke,thaddeuslewis,lewis,
10220,Will Mallory,TE,TE,IND,True,Active,,,17014,,23143,,Questionable,Chest,,,TE,3,86,3,Miami (FL),willmallory,mallory,1767381939428
10221,Ronnie Bell,WR,WR,NO,True,Active,,,16843,,22627,,,,,,LWR,8,85,3,Michigan,ronniebell,bell,1767581705434
10222,Jayden Reed,WR,WR,GB,True,Active,,,16977,,23233,,,,,,SWR,2,11,3,Michigan State,jaydenreed,reed,1769729712489
10223,Eric Gray,RB,RB,NYG,True,Active,,,16970,,23195,,,,,,RB,4,20,3,Oklahoma,ericgray,gray,1765985450566
10224,Brayden Willis,TE,TE,SF,True,Active,,,17010,,24149,,,,,,TE,4,82,3,Oklahoma,braydenwillis,willis,1768433758233
10225,Jonathan Mingo,WR,WR,DAL,True,Active,,,16937,,23161,,,,,,RWR,6,81,3,Ole Miss,jonathanmingo,mingo,1769438704149
10226,Andrei Iosivas,WR,WR,CIN,True,Active,,,16965,,24119,,,,,,SWR,3,80,3,Princeton,andreiiosivas,iosivas,1767670509561
10227,Payne Durham,TE,TE,TB,True,Active,,,16720,,24151,,,,,,TE,2,87,3,Purdue,paynedurham,durham,1767838246544
10228,Charlie Jones,WR,WR,CIN,True,Active,,,16719,,24122,,Questionable,Ankle,,,SWR,5,15,3,Purdue,charliejones,jones,1767386141318
10229,Rashee Rice,WR,WR,KC,True,Inactive,,,16963,,24120,,IR,Concussion,,,SWR,2,4,3,SMU,rasheerice,rice,1767975658355
10230,Jalen Wayne,WR,WR,,True,Active,,,16961,,,,,,,,,,86,1,South Alabama,jalenwayne,wayne,1726001753612
10231,Elijah Higgins,TE,TE,ARI,True,Active,,,16959,,24449,,,,,,TE,2,84,3,Stanford,elijahhiggins,higgins,1768796730226
10232,Michael Wilson,WR,WR,ARI,True,Active,,,16957,,24173,,,,,,RWR,2,14,3,Stanford,michaelwilson,wilson,1769719515804
10233,Max Duggan,QB,QB,,True,Active,,,16729,,,,,,,,,,8,1,TCU,maxduggan,duggan,1724099748571
10234,Derius Davis,WR,WR,LAC,True,Active,,,16939,,24121,,,,,,SWR,6,12,3,TCU,deriusdavis,davis,1768363259768
10235,Roschon Johnson,RB,RB,CHI,True,Inactive,,,16772,,24372,,IR,Thumb,,,RB,2,23,3,Texas,roschonjohnson,johnson,1770250251222
10236,Dalton Kincaid,TE,TE,BUF,True,Active,,,16697,,24102,,Questionable,Knee - PCL,,,TE,1,86,3,Utah,daltonkincaid,kincaid,1769719509871
1026,Bryce Brown,RB,RB,,False,Inactive,15092,25939,8053,7670,13719,,,,,,,,36,8,Kansas State,brycebrown,brown,
1029,Nick Foles,QB,QB,,True,Active,14877,25798,8066,7475,13723,00-0029567,,,,,,,9,11,Arizona,nickfoles,foles,1723207839633
103,Matt Forte,RB,RB,,False,Inactive,11278,8821,5662,4685,2699,00-0026184,,,,,,,22,12,Tulane,mattforte,forte,1519848901545
1030,Damaris Johnson,WR,WR,,False,Inactive,15624,26004,8048,,13729,,,,,,,,14,8,Tulsa,damarisjohnson,johnson,
1033,Chris Polk,RB,RB,,False,Inactive,14889,26006,8024,,13735,,,,,,,,22,8,Washington,chrispolk,polk,
1034,Brandon Bolden,RB,RB,,True,Active,15478,26389,8077,8119,13741,00-0029239,,,,,,,34,12,Ole Miss,brandonbolden,bolden,1705418708388
104,Donnie Avery,WR,WR,,False,Inactive,11267,,,,2730,,,,,,,,17,7,Houston,donnieavery,avery,
10444,Cedric Tillman,WR,WR,CLE,True,Active,,,16706,,24348,,,,,,LWR,2,19,3,Tennessee,cedrictillman,tillman,1767618608527
1045,Trevor Graham,WR,WR,,False,Inactive,14920,25779,8101,,13763,,,,,,,,87,8,North Carolina State,trevorgraham,graham,
1046,Rishard Matthews,WR,WR,,False,Injured Reserve,15102,25937,8232,7667,13788,00-0029580,,,,,,,0,10,Nevada,rishardmatthews,matthews,1565626261627
1048,Lamar Miller,RB,RB,,True,Active,14886,25807,8008,7408,13791,00-0029615,,,,,,,0,10,Miami (FL),lamarmiller,miller,1639491610971
1049,Ryan Tannehill,QB,QB,,True,Active,14876,25718,8040,7417,13799,00-0029701,,,,,,,17,12,Texas A&M,ryantannehill,tannehill,1742657741871
1050,Marcus Thigpen,RB,RB|WR,,False,Inactive,12524,25694,8468,,13800,,,,,,,,11,11,Indiana,marcusthigpen,thigpen,
1054,Stephen Hill,WR,WR,,False,Inactive,14910,25753,8034,7445,13817,,,,,,,,87,4,Georgia Tech,stephenhill,hill,
1059,Bobby Rainey,RB,RB,,False,Inactive,15501,26455,8413,8173,13852,,,,,,,,31,8,Western Kentucky,bobbyrainey,rainey,1507712701784
1060,Tommy Streeter,WR,WR,,False,Inactive,15063,25908,,,13854,,,,,,,,85,2,Miami,tommystreeter,streeter,
1061,Deonte Thompson,WR,WR,,False,Inactive,15503,26456,8492,8175,13856,00-0029388,,,,,,,10,10,Florida,deontethompson,thompson,1567286406315
1065,Orson Charles,TE,TE,,False,Inactive,14902,25826,8042,,13861,00-0029414,,,,,,,83,10,Georgia,orsoncharles,charles,1574534123388
10651,Mohamed Ibrahim,RB,RB,,True,Active,,,17025,,,,,,,,,,36,1,Minnesota,mohamedibrahim,ibrahim,1724698544558
1067,Marvin Jones,WR,WR,,True,Active,15072,25876,8223,7503,13870,00-0029293,,,,,,,0,11,California,marvinjones,jones,1698246360814
1071,Mohamed Sanu,WR,WR,,True,Active,14922,25793,8026,7433,13878,00-0029632,,,,,,,16,10,Rutgers,mohamedsanu,sanu,1661792747409
1073,Taylor Thompson,TE,TE,,False,Inactive,15067,,,,13881,,,,,,,,84,3,SMU,taylorthompson,thompson,
1077,Travis Benjamin,WR,WR,,True,Active,15062,25810,8111,7562,13887,00-0029269,,,,,,,17,10,Miami (FL),travisbenjamin,benjamin,1635697526973
108,Steve Johnson,WR,WR,,False,Inactive,11458,9001,5798,4962,2950,,,,,,,,11,12,Kentucky,stevejohnson,johnson,
1082,Trent Richardson,RB,RB,,False,Inactive,14884,25713,8046,7462,13902,,,,,,,,33,8,Alabama,trentrichardson,richardson,1554402003629
1085,Brandon Weeden,QB,QB,,False,Inactive,14878,25732,8056,7480,13910,00-0029677,,,,,,,3,10,Oklahoma State,brandonweeden,weeden,1533997544873
10857,Stetson Bennett,QB,QB,LAR,True,Active,,,16871,,24351,,,,,,QB,3,13,3,Georgia,stetsonbennett,bennett,1768775427996
10858,Alex Quevedo,K,K,,True,Active,,,16918,,,,,,,,,,19,1,Central Oklahoma,alexquevedo,quevedo,1685568908150
10859,Sam LaPorta,TE,TE,DET,True,Inactive,,,17033,,23141,,IR,Back,,,TE,1,87,3,Iowa,samlaporta,laporta,1769896524510
10860,Malik Cunningham,WR,WR,DET,True,Active,,,16691,,24279,,,,,,SWR,7,80,3,Louisville,malikcunningham,cunningham,1767686710750
10861,Xazavian Valladay,RB,RB,,True,Active,,,16789,,,,,,,,,,47,2,Arizona State,xazavianvalladay,valladay,1758670803290
10862,Dorian Thompson-Robinson,QB,QB,,True,Active,,,16945,,,,,,,,,,14,2,UCLA,dorianthompsonrobinson,thompsonrobinson,1756067749891
10863,A.T. Perry,WR,WR,PIT,True,Active,,,16802,,24349,,,,,,SWR,7,87,3,Wake Forest,atperry,perry,1769754040855
10864,Player Invalid,WR,WR,,False,Inactive,,,,,,,,,,,,,,1,,playerinvalid,invalid,
10865,Travis Dye,RB,RB,,True,Active,,,17028,,,,,,,,,,35,1,USC,travisdye,dye,1693411209262
10866,Aidan O'Connell,QB,QB,LV,True,Active,,,16716,,24350,,,,,,QB,3,12,3,Purdue,aidanoconnell,oconnell,1767591306251
10867,Jake Bobo,WR,WR,SEA,True,Active,,,17040,,24339,,,,,,RWR,4,19,3,UCLA,jakebobo,bobo,1770268554165
10869,Matt Landers,WR,WR,,True,Active,,,16907,,,,,,,,,,83,2,Arkansas,mattlanders,landers,1761264024648
10870,Deneric Prince,RB,RB,NE,True,Inactive,,,17126,,24365,,IR,Undisclosed,,,RB,6,30,3,Tulsa,denericprince,prince,1755128155252
10871,Luke Schoonmaker,TE,TE,DAL,True,Active,,,16855,,24288,,,,,,TE,2,86,3,Michigan,lukeschoonmaker,schoonmaker,1769439304299
1091,David Paulson,TE,TE,,False,Inactive,15043,25950,,,13929,,,,,,,,81,3,Oregon,davidpaulson,paulson,
10937,Jake Moody,K,K,WAS,True,Active,,,17133,,24423,,,,,,K,1,16,3,Michigan,jakemoody,moody,1767751516002
10955,Chad Ryland,K,K,ARI,True,Active,,,17107,,24436,,,,,,K,1,38,3,Maryland,chadryland,ryland,1767984658965
1097,Kendall Wright,WR,WR,,False,Inactive,14909,25730,8091,7425,13957,00-0029708,,,,,,,12,10,Baylor,kendallwright,wright,1542492335362
10983,Sean Clifford,QB,QB,CIN,True,Active,,,17061,,24476,,,,,,QB,4,4,3,Penn State,seanclifford,clifford,1767733215277
1099,Randy Bullock,K,K,,True,Active,15091,25871,8222,7610,13961,00-0029421,,,,,,,46,12,Texas A&M,randybullock,bullock,1726528853855
11,Garrett Hartley,K,K,,False,Inactive,11543,9222,,,418,,,,,,,,8,7,Oklahoma,garretthartley,hartley,
110,Stephen Gostkowski,K,K,,True,Inactive,9704,7867,4932,3937,2982,00-0024333,,,,,,,3,16,Memphis,stephengostkowski,gostkowski,1610046958339
11008,Anders Carlson,K,K,,True,Active,,,17165,,,,,,,,,,18,2,Auburn,anderscarlson,carlson,1763501144160
1102,Keshawn Martin,WR,WR,,False,Inactive,14916,25831,8216,7577,13974,,,,,,,,17,8,Michigan State,keshawnmartin,martin,
11024,Grant DuBose,WR,WR,,True,Active,,,16852,,,,Questionable,Shoulder,,,,,16,2,Charlotte,grantdubose,dubose,1756330824041
11034,Jalen Brooks,WR,WR,ARI,True,Active,,,17185,,24397,,,,,,SWR,8,86,3,South Carolina,jalenbrooks,brooks,1768796730214
1104,DeVier Posey,WR,WR,,False,Inactive,14969,25778,8104,,13981,00-0029673,,,,,,,85,10,Ohio State,devierposey,posey,1535753791251
11046,Colton Dowell,WR,WR,SF,True,Active,,,17413,,24494,,,,,,SWR,10,85,3,Tennessee-Martin,coltondowell,dowell,1768542017346
1105,Dwayne Allen,TE,TE,,False,Inactive,14901,25774,8041,7452,13987,00-0029689,,,,,,,89,10,Clemson,dwayneallen,allen,1567351534824
11053,Antoine Green,WR,WR,,True,Active,,,17128,,,,Questionable,Concussion,,,,,18,2,North Carolina,antoinegreen,green,1745972435877
11056,Jared Wayne,WR,WR,HOU,True,Active,,,16847,,,,,,,,,,89,3,Pittsburgh,jaredwayne,wayne,1768958411063
11058,Blake Grupe,K,K,IND,True,Active,,,17595,,24506,,,,,,K,2,10,3,Notre Dame,blakegrupe,grupe,1767716412381
1106,Vick Ballard,RB,RB,,False,Inactive,14898,25880,8072,7615,13991,,,,,,,,26,8,Mississippi State,vickballard,ballard,
11060,Robert Burns,RB,RB,,True,Active,,,17501,,,,,,,,,,39,2,UConn,robertburns,burns,1741393849925
11065,Adrian Martinez,QB,QB,SF,True,Active,,,17266,,24507,,,,,,QB,3,4,3,Kansas State,adrianmartinez,martinez,1769754040910
11068,Mitch Tinsley,WR,WR,CIN,True,Active,,,16834,,24342,,,,,,RWR,4,82,3,Penn State,mitchtinsley,tinsley,1767686710796
1107,Coby Fleener,TE,TE,,False,Inactive,14900,25744,8064,7418,13997,00-0029697,,,,,,,82,8,Stanford,cobyfleener,fleener,1529874901586
11070,Kazmeir Allen,WR,WR,,True,Active,,,16775,,,,,,,,,,22,2,UCLA,kazmeirallen,allen,1756251320641
11073,Thayer Thomas,WR,WR,,True,Active,,,17433,,24572,,Questionable,Undisclosed,,,,,89,2,North Carolina State,thayerthomas,thomas,1760838612080
11077,Jack Podlesny,K,K,,True,Active,,,16780,,,,,,,,,,16,1,Georgia,jackpodlesny,podlesny,1718831751372
11080,Malik Knowles,WR,WR,,True,Active,,,16844,,,,,,,,,,82,2,Kansas State,malikknowles,knowles,1756068349202
11081,Cephus Johnson,WR,WR,,True,Active,,,17270,,,,,,,,,,28,1,Southeastern Louisiana,cephusjohnson,johnson,1724624735345
11082,Ben Sims,TE,TE,MIN,True,Active,,,17012,,24533,,,,,,TE,4,89,3,Baylor,bensims,sims,1766755250677
11088,Monte Pottebaum,RB,RB,,True,Active,,,17451,,,,,,,,,,40,1,Iowa,montepottebaum,pottebaum,1690752944697
11089,Jordan Byrd,WR,WR,,True,Active,,,17448,,,,,,,,,,16,1,San Diego State,jordanbyrd,byrd,1693357205834
1109,Chandler Harnish,QB,QB,,False,Inactive,15007,,,,14002,,,,,,,,8,1,Northern Illinois,chandlerharnish,harnish,
11092,B.T. Potter,K,K,,True,Active,,,17209,,,,,,,,,,3,1,Clemson,btpotter,potter,1693083613718
11099,Kearis Jackson,WR,WR,,True,Active,,,16906,,,,,,,,,,5,2,Georgia,kearisjackson,jackson,1742340026845
111,Marcedes Lewis,TE,TE,,True,Active,9614,7777,4891,3615,3061,00-0024243,,,,,,,89,20,UCLA,marcedeslewis,lewis,1767822644938
1110,T.Y. Hilton,WR,WR,,True,Active,14924,25802,8098,7558,14005,00-0029608,,,,,,,16,11,Florida International,tyhilton,hilton,1675359914240
11102,Charles McClelland,RB,RB,,True,Active,,,16766,,,,,,,,,,38,1,Cincinnati,charlesmcclelland,mcclelland,1689883855784
11104,SaRodorick Thompson,RB,RB,,True,Active,,,17052,,,,,,,,,,27,1,Texas Tech,sarodorickthompson,thompson,1724619935192
11105,Shaquan Davis,WR,WR,,True,Active,,,17129,,,,,,,,,,82,1,South Carolina State,shaquandavis,davis,1726606810095
1111,Andrew Luck,QB,QB,,False,Injured Reserve,14874,25711,7237,6439,14008,00-0029668,,,,,,,0,10,Stanford,andrewluck,luck,1618344045094
11111,Sy Barnett,WR,WR,,True,Active,,,17457,,,,,,,,,,81,1,Davenport,sybarnett,barnett,1684253149963
11113,Joel Wilson,TE,TE,TEN,True,Active,,,16675,,24539,,,,,,TE,4,83,3,Central Michigan,joelwilson,wilson,1767734415490
11114,Elijah Dotson,RB,RB,,True,Active,,,17424,,,,,,,,,,41,2,Northern Colorado,elijahdotson,dotson,1755999644002
11115,Terrell Bynum,WR,WR,,True,Active,,,17423,,,,,,,,,,34,1,USC,terrellbynum,bynum,1724802957294
11123,Tyler Hoosman,RB,RB,,True,Active,,,17312,,,,,,,,,,44,1,North Dakota,tylerhoosman,hoosman,1693356605507
11126,Michael Ezeike,TE,TE,,True,Active,,,17340,,,,,,,,,,47,1,UCLA,michaelezeike,ezeike,1724812860332
11130,Pokey Wilson,WR,WR,,True,Active,,,16839,,,,,,,,,,81,2,Florida State,pokeywilson,wilson,1756081250519
11133,Jaray Jenkins,WR,WR,,True,Active,,,17183,,,,,,,,,,82,1,LSU,jarayjenkins,jenkins,1728942915697
11136,Oliver Martin,WR,WR,,True,Active,,,17459,,,,,,,,,,88,1,Nebraska,olivermartin,martin,1693437618770
11139,Elijah Cooks,WR,WR,NO,True,Active,,,17062,,24755,,,,,,SWR,11,86,3,San Jose State,elijahcooks,cooks,1767665408980
1114,Justin Blackmon,WR,WR,,False,Inactive,14907,,8006,7402,14019,00-0029707,,,,,,,14,10,Oklahoma State,justinblackmon,blackmon,
11140,Leonard Taylor,TE,TE,,True,Inactive,,,16704,,,,Questionable,Undisclosed,,,,,49,1,Cincinnati,leonardtaylor,taylor,1701817238481
11145,Tanner Brown,K,K,,True,Active,,,17378,,,,,,,,,,49,1,Oklahoma State,tannerbrown,brown,1734545433516
11146,Christopher Dunn,K,K,,True,Active,,,17370,,,,,,,,,,15,1,North Carolina State,christopherdunn,dunn,1686866128017
11148,Tyler Hudson,WR,WR,,True,Active,,,16902,,,,,,,,,,86,1,Louisville,tylerhudson,hudson,1693255249957
11155,Christian Sims,TE,TE,,True,Active,,,17337,,,,,,,,,,46,1,Bowling Green,christiansims,sims,1693254649926
11157,Brycen Tremayne,WR,WR,CAR,True,Active,,,17330,,24296,,,,,,RWR,6,87,3,Stanford,brycentremayne,tremayne,1767829245887
11158,Jalen Sample,WR,WR,,True,Active,,,17616,,,,,,,,,,18,1,Minnesota State,jalensample,sample,1692552316999
11159,Zion Bowens,WR,WR,,True,Active,,,17246,,,,,,,,,,84,1,Hawai'i,zionbowens,bowens,1693240848010
11163,Tim DeMorat,QB,QB,,True,Active,,,17053,,,,,,,,,,16,1,Fordham,timdemorat,demorat,1690322116303
11168,Xavier Smith,WR,WR,LAR,True,Active,,,17467,,24743,,,,,,SWR,6,19,3,Florida A&M,xaviersmith,smith,1767637510450
11169,Dresser Winn,QB,QB,,True,Active,,,17478,,,,,,,,,,4,2,Tennessee-Martin,dresserwinn,winn,1756082751397
11172,Shae Wyatt,WR,WR,,True,Active,,,16814,,,,,,,,,,41,1,Tulane,shaewyatt,wyatt,1686084352906
11174,Jack Colletto,RB,RB,,True,Active,,,16752,,,,,,,,,,45,1,Oregon State,jackcolletto,colletto,1727820031878
11176,Khalan Laborn,RB,RB,,True,Active,,,17313,,,,,,,,,,36,1,Marshall,khalanlaborn,laborn,1692481807747
11182,Ronald Awatt,RB,RB,,True,Active,,,17482,,,,,,,,,,35,1,UTEP,ronaldawatt,awatt,1691518221420
11184,Daniel Arias,WR,WR,,True,Active,,,17234,,,,,,,,,,38,1,Colorado,danielarias,arias,1724268633805
11186,Carlos Washington,RB,RB,ATL,True,Active,,,17465,,24304,,,,,,RB,4,26,3,Southeastern Louisiana,carloswashington,washington,1767686110722
11189,Zay Malone,WR,WR,,True,Active,,,17464,,,,,,,,,,82,1,Henderson State,zaymalone,malone,1696968936807
11190,Keilahn Harris,WR,WR,,True,Inactive,,,17087,,,,Questionable,Undisclosed,,,,,89,1,Oklahoma Baptist,keilahnharris,harris,1716932150188
11191,Justin Marshall,WR,WR,,True,Active,,,17325,,,,,,,,,,18,1,Buffalo,justinmarshall,marshall,1693179341919
11192,Malik Flowers,WR,WR,,True,Active,,,17486,,,,,,,,,,19,1,Montana,malikflowers,flowers,1697577630327
11197,Joel Honigford,TE,TE,,True,Active,,,17473,,,,,,,,,,42,1,Michigan,joelhonigford,honigford,1693352403393
11199,Emari Demercado,RB,RB,ARI,True,Active,,,17091,,24609,,,,,,RB,3,31,3,TCU,emaridemercado,demercado,1767800119921
11201,Blake Whiteheart,TE,TE,CLE,True,Active,,,17130,,24354,,,,,,TE,3,86,3,Wake Forest,blakewhiteheart,whiteheart,1767926154696
11204,Duece Watts,WR,WR,,True,Active,,,16981,,,,,,,,,,85,1,Tulane,duecewatts,watts,1724799357115
11209,Henry Pearson,RB,RB,,True,Active,,,16980,,,,,,,,,,44,1,Appalachian State,henrypearson,pearson,1724796054757
11210,Malik Heath,WR,WR,ATL,True,Active,,,17184,,24362,,,,,,SWR,5,86,3,Ole Miss,malikheath,heath,1767053428158
11213,Camren McDonald,TE,TE,,True,Active,,,16887,,,,,,,,,,45,1,Florida State,camrenmcdonald,mcdonald,1693254649931
11214,Tanner Morgan,QB,QB,,True,Active,,,17063,,,,,,,,,,4,1,Minnesota,tannermorgan,morgan,1699665649882
11216,Holton Ahlers,QB,QB,,True,Active,,,17265,,,,,,,,,,15,1,East Carolina,holtonahlers,ahlers,1697678440443
11222,Marcus Cooper,RB,RB,,True,Active,,,,,,,,,,,,,0,1,Incarnate Word,marcuscooper,cooper,
11223,John Hall,WR,WR,,True,Active,,,17603,,,,,,,,,,82,1,Northwood,johnhall,hall,1693352703652
11224,Griffin Hebert,TE,TE,,True,Active,,,17273,,,,,,,,,,46,1,Louisiana Tech,griffinhebert,hebert,1726002953744
11225,Noah Gindorff,TE,TE,,True,Active,,,17007,,,,,,,,,,81,1,North Dakota State,noahgindorff,gindorff,1698188432343
11226,Tyjon Lindsey,WR,WR,,True,Active,,,17458,,,,,,,,,,81,1,Oregon State,tyjonlindsey,lindsey,1699398048078
11229,Calvin Tyler,RB,RB,,True,Active,,,17586,,,,,,,,,,36,1,Utah State,calvintyler,tyler,1693406109259
1123,Ronnie Hillman,RB,RB,,False,Inactive,14895,25777,8030,7440,14046,00-0029683,,,,,,,34,8,San Diego State,ronniehillman,hillman,
11231,Christian Trahan,TE,TE,,True,Active,,,17585,,,,,,,,,,85,1,Houston,christiantrahan,trahan,1693406109254
11232,Isaiah Winstead,WR,WR,,True,Active,,,17494,,,,,,,,,,31,1,East Carolina,isaiahwinstead,winstead,1724812860328
11237,Jacob Saylors,RB,RB,DET,True,Active,,,17584,,24312,,,,,,RB,4,25,3,East Tennessee State,jacobsaylors,saylors,1767660008531
11245,Patrick Murtagh,TE,TE,,True,Active,,,18069,,24825,,,,,,,,86,2,,patrickmurtagh,murtagh,1756457725011
11247,Mac Hippenhammer,WR,WR,,True,Active,,,17582,,,,,,,,,,14,1,Miami (OH),machippenhammer,hippenhammer,1693405507955
11249,Chris Smith,RB,RB,,True,Active,,,17316,,,,,,,,,,34,1,Louisiana,chrissmith,smith,1685648741267
11256,Tyson Bagent,QB,QB,CHI,True,Active,,,16946,,24168,,,,,,QB,2,17,3,Shepherd (WV),tysonbagent,bagent,1765930245987
11257,Shedrick Jackson,WR,WR,LV,True,Active,,,17334,,24749,,,,,,RWR,8,4,3,Auburn,shedrickjackson,jackson,1767106833496
1126,Brock Osweiler,QB,QB,,False,Injured Reserve,14879,25767,8033,7450,14053,00-0029682,,,,,,,80,10,Arizona State,brockosweiler,osweiler,1571264455252
11260,Robert Burns,RB,RB,CHI,True,Active,,,,,,,,,,,,,45,1,Connecticut,robertburns,burns,
11261,Andre Szmyt,K,K,CLE,True,Active,,,17132,,24575,,,,,,K,1,25,4,Syracuse,andreszmyt,szmyt,1767753316241
11262,Damien Caffrey,TE,TE,,True,Active,,,17500,,,,,,,,,,88,1,Stony Brook,damiencaffrey,caffrey,1683557735072
11266,Thyrick Pitts,WR,WR,,True,Inactive,,,17497,,,,Questionable,Undisclosed,,,,,16,1,Delaware,thyrickpitts,pitts,1715217614583
11267,Aron Cruickshank,WR,WR,,True,Active,,,17439,,,,,,,,,,84,1,Rutgers,aroncruickshank,cruickshank,1693163422977
11270,Hassan Hall,RB,RB,,True,Active,,,17244,,,,,,,,,,29,2,Georgia Tech,hassanhall,hall,1735697426706
11276,Joseph Ngata,WR,WR,,True,Active,,,17085,,,,,,,,,,86,2,Clemson,josephngata,ngata,1736905208009
11280,Brady Russell,TE,TE,SEA,True,Active,,,17235,,24718,,,,,,RB,6,38,3,Colorado,bradyrussell,russell,1770269153835
11282,Johnny King,WR,WR,,True,Active,,,17509,,,,,,,,,,43,1,Southeast Missouri State,johnnyking,king,1693347910321
11283,Darius Hagans,RB,RB,,True,Active,,,17322,,,,,,,,,,25,1,Virginia State,dariushagans,hagans,1693241149135
11284,Cody Chrest,WR,WR,,True,Active,,,17326,,,,,,,,,,9,1,Sam Houston State,codychrest,chrest,1693350610669
11292,Tommy DeVito,QB,QB,NE,True,Active,,,16797,,24625,,,,,,QB,3,16,3,Illinois,tommydevito,devito,1768762226672
11298,Ryan Jones,TE,TE,,True,Active,,,,,,,,,,,,,49,1,East Carolina,ryanjones,jones,
11299,Zavier Scott,RB,RB,MIN,True,Active,,,17510,,24595,,,,,,RB,4,36,3,Maine,zavierscott,scott,1767746715121
1130,Cyrus Gray,RB,RB,,False,Inactive,14897,25892,8059,,14070,,,,,,,,30,4,Texas A&M,cyrusgray,gray,
11301,Braxton Westfield,WR,WR,,True,Active,,,17511,,,,,,,,,,13,1,Carson-Newman,braxtonwestfield,westfield,1683576336974
11304,E.J. Jenkins,TE,TE,PHI,True,Active,,,17218,,24800,,,,,,TE,5,84,3,Georgia Tech,ejjenkins,jenkins,1768343419420
11306,Xavier Gipson,WR,WR,NYG,True,Active,,,17045,,24472,,,,,,LWR,5,88,3,Stephen F. Austin,xaviergipson,gipson,1767483648221
11311,Jason Brownlee,WR,WR,KC,True,Active,,,17182,,24345,,,,,,SWR,7,89,3,Southern Miss,jasonbrownlee,brownlee,1769474135133
11312,T.J. Luther,WR,WR,,True,Active,,,17513,,,,,,,,,,81,2,Gardner-Webb,tjluther,luther,1756168206686
11320,Nikko Remigio,WR,WR,KC,True,Inactive,,,16744,,24343,,IR,Knee,,,SWR,8,81,3,Fresno State,nikkoremigio,remigio,1766698242237
11329,Josh Vann,WR,WR,,True,Active,,,17089,,,,,,,,,,87,1,South Carolina,joshvann,vann,1693324503859
1133,Devon Wylie,WR,WR,,False,Inactive,14923,25817,,,14087,,,,,,,,19,2,Fresno State,devonwylie,wylie,
11344,Keytaon Thompson,WR,WR,,True,Active,,,17041,,,,,,,,,,43,1,Virginia,keytaonthompson,thompson,1685058617468
11347,Chase Cota,WR,WR,,True,Active,,,17333,,,,,,,,,,38,2,Oregon,chasecota,cota,1756239309309
11351,Thomas Greaney,TE,TE,,True,Active,,,17029,,,,,,,,,,81,1,Albany,thomasgreaney,greaney,1693165822939
11357,Tyler Adams,WR,WR,,True,Active,,,17269,,,,,,,,,,2,1,Butler,tyleradams,adams,1693157121693
11359,Kody Case,WR,WR,,True,Active,,,17255,,,,,,,,,,13,1,Illinois,kodycase,case,1693159822316
11366,Chris Coleman,WR,WR,,True,Active,,,17566,,,,,,,,,,83,1,Cal Poly,chriscoleman,coleman,1693250749445
11367,Daewood Davis,WR,WR,,True,Inactive,,,17058,,,,,,,,,,39,1,Western Kentucky,daewooddavis,davis,1723239353271
1137,Juron Criner,WR,WR,,False,Inactive,15044,25878,,,14097,,,,,,,,84,2,Arizona,juroncriner,criner,
11370,Chris Brooks,RB,RB,GB,True,Active,,,16741,,23192,,,,,,RB,4,30,3,BYU,chrisbrooks,brooks,1768152912644
11371,Julian Hill,TE,TE,MIA,True,Active,,,17335,,24463,,,,,,TE,2,89,3,Campbell,julianhill,hill,1767632109751
11374,James Blackman,QB,QB,,True,Active,,,17565,,,,,,,,,,16,1,Arkansas State,jamesblackman,blackman,1693255850055
11377,Tyrell Shavers,WR,WR,BUF,True,Inactive,,,17555,,24511,,Out,Knee - ACL,,Surgery,SWR,7,14,3,San Diego State,tyrellshavers,shavers,1768426556843
11378,Jordan Mims,RB,RB,,True,Active,,,17125,,24310,,,,,,,,24,3,Fresno State,jordanmims,mims,1759195245639
1138,Rod Streater,WR,WR,,False,Inactive,15391,26428,8406,8148,14111,00-0029129,,,,,,,13,10,Temple,rodstreater,streater,1539882652641
11380,Johnny Lumpkin,TE,TE,,True,Active,,,17272,,,,,,,,,,43,2,Louisiana,johnnylumpkin,lumpkin,1756217407027
11381,Travis Vokolek,TE,TE,ARI,True,Inactive,,,16746,,24444,,IR,Neck,,,TE,3,81,3,Nebraska,travisvokolek,vokolek,1760560848414
11382,Dontay Demus,WR,WR,,True,Active,,,16973,,,,,,,,,,83,1,Maryland,dontaydemus,demus,1696368331868
11384,Owen Wright,RB,RB,TB,True,Active,,,17324,,24706,,,,,,RB,5,49,3,Monmouth,owenwright,wright,1767668109170
11385,Brian Walker,TE,TE,,True,Active,,,17529,,,,,,,,,,84,1,Shepherd (WV),brianwalker,walker,1686694206782
11387,Sean Ryan,WR,WR,,True,Active,,,,,,,,,,,,,82,1,Rutgers,seanryan,ryan,
11388,Nolan Henderson,QB,QB,,True,Active,,,16678,,,,,,,,,,5,1,Delaware,nolanhenderson,henderson,1686084352904
1139,Ladarius Green,TE,TE,,False,Inactive,14904,25820,8113,7568,14122,00-0029275,,,,,,,89,8,Louisiana-Lafayette,ladariusgreen,green,
11410,Braxton Burmeister,WR,WR,,True,Active,,,17311,,,,,,,,,,4,1,San Diego State,braxtonburmeister,burmeister,1693255549842
11413,Ronnie Brown,RB,RB,,True,Active,,,,,,,,,,,,,43,1,Shepherd (WV),ronniebrown,brown,
11415,Tanner Taula,TE,TE,,True,Active,,,17612,,24535,,,,,,,,84,3,Illinois State,tannertaula,taula,1756426221535
11418,Taye Barber,WR,WR,,True,Active,,,17609,,,,,,,,,,17,1,TCU,tayebarber,barber,1693234247273
11419,Kade Warner,WR,WR,,True,Active,,,17164,,,,,,,,,,85,1,Kansas State,kadewarner,warner,1693454120247
11421,Ryan Miller,WR,WR,NYG,True,Active,,,17271,,24471,,,,,,SWR,6,9,3,Furman,ryanmiller,miller,1767545101333
11431,Isaiah Bowser,RB,RB,,True,Active,,,17320,,,,,,,,,,26,1,UCF,isaiahbowser,bowser,1686061551463
11433,Nate Adkins,TE,TE,DEN,True,Active,,,16992,,24686,,,,,,TE,3,45,3,South Carolina,nateadkins,adkins,1767975658172
11435,Emanuel Wilson,RB,RB,GB,True,Active,,,17593,,24309,,,,,,RB,3,23,3,Fort Valley State,emanuelwilson,wilson,1768151712454
11438,Dallas Daniels,WR,WR,,True,Active,,,17066,,,,,,,,,,46,1,Jackson State,dallasdaniels,daniels,1684252849958
11439,Jaleel McLaughlin,RB,RB,DEN,True,Active,,,17319,,24311,,,,,,RB,3,38,3,Youngstown State,jaleelmclaughlin,mclaughlin,1769385057661
1144,Cole Beasley,WR,WR,,True,Inactive,15349,26060,8249,7794,14141,00-0029000,,,,,,,9,11,SMU,colebeasley,beasley,1697814958307
11445,Taylor Grimes,WR,WR,,True,Active,,,17590,,,,,,,,,,13,1,Incarnate Word,taylorgrimes,grimes,1693323303780
11447,Kris Leach,TE,TE,,True,Active,,,17592,,,,,,,,,,86,1,Kent State,krisleach,leach,1684252849958
11452,Jesse Matthews,WR,WR,,True,Active,,,17568,,,,,,,,,,86,2,San Diego State,jessematthews,matthews,1755999944161
11456,Tre'Shaun Harrison,WR,WR,,True,Inactive,,,17328,,,,,,,,,,82,1,Oregon State,treshaunharrison,harrison,1732057847649
11457,Trey Wolff,K,K,,True,Active,,,17567,,,,,,,,,,40,1,Texas Tech,treywolff,wolff,1692726040744
11467,John Samuel Shenker,TE,TE,,True,Active,,,17600,,,,,,,,,,86,2,Auburn,johnsamuelshenker,shenker,1736225408577
1147,James Hanna,TE,TE,,False,Inactive,14906,25896,8227,,14152,,,,,,,,84,8,Oklahoma,jameshanna,hanna,1524253501324
11472,Alfonzo Graham,RB,RB,,True,Inactive,,,17620,,,,,,,,,,29,1,Morgan State,alfonzograham,graham,1712267430973
11474,Dylan Drummond,WR,WR,ATL,True,Active,,,17626,,24875,,,,,,RWR,4,81,3,Eastern Michigan,dylandrummond,drummond,1767892851047
11478,Gavin Holmes,WR,WR,,True,Active,,,17630,,,,,,,,,,84,1,Baylor,gavinholmes,holmes,1693170040856
11483,Ellis Merriweather,RB,RB,,True,Active,,,16987,,,,Out,Undisclosed,,,,,38,2,UMass,ellismerriweather,merriweather,1735077624671
11486,Zach Ojile,RB,RB,,True,Active,,,17637,,,,,,,,,,41,1,Minnesota Duluth,zachojile,ojile,1691183105179
1149,Alshon Jeffery,WR,WR,,True,Active,14912,25755,8029,7441,14187,00-0029137,,,,,,,17,10,South Carolina,alshonjeffery,jeffery,1616132128838
11491,Austin Aune,QB,QB,,True,Active,,,16674,,,,,,,,,,14,1,North Texas,austinaune,aune,1686955533956
11493,Jordan Murray,TE,TE,,True,Inactive,,,17247,,,,,,,,,,48,2,Hawai'i,jordanmurray,murray,1762301724759
11495,Bryan Thompson,WR,WR,,True,Inactive,,,17559,,,,,,,,,,89,1,Arizona State,bryanthompson,thompson,1727739621137
11496,Braydon Johnson,WR,WR,,True,Active,,,17220,,,,,,,,,,15,1,Oklahoma State,braydonjohnson,johnson,1685656541955
11502,Brian Cobbs,WR,WR,,True,Active,,,17641,,,,,,,,,,38,1,Utah State,briancobbs,cobbs,1693326004102
11504,Jose Barbon,WR,WR,,True,Active,,,16696,,,,,,,,,,14,1,Temple,josebarbon,barbon,1693353603628
11505,David Durden,WR,WR,,True,Active,,,17219,,,,,,,,,,85,1,West Florida,daviddurden,durden,1725315645396
11506,Jalen Cropper,WR,WR,,True,Active,,,16730,,23467,,,,,,,,16,3,Fresno State,jalencropper,cropper,1760571649556
11508,Princeton Fant,TE,TE,,True,Active,,,17135,,24617,,,,,,,,85,3,Tennessee,princetonfant,fant,1762306525283
11510,Hunter Luepke,RB,RB,DAL,True,Active,,,17000,,24278,,,,,,RB,5,40,3,North Dakota State,hunterluepke,luepke,1768245936982
11511,John Stephens,TE,TE,,True,Inactive,,,17588,,24776,,Questionable,Undisclosed,,,,,49,2,Louisiana,johnstephens,stephens,1763507444043
1152,Evan Rodriguez,TE,TE,,False,Inactive,15000,,,,14193,,,,,,,,48,3,Temple,evanrodriguez,rodriguez,
11520,Lucky Jackson,WR,WR,,True,Active,,,14419,,,,,,,,,,21,2,Western Kentucky,luckyjackson,jackson,1758670505354
11521,Jadakis Bonds,WR,WR,,True,Active,,,17075,,,,,,,,,,6,1,Hampton,jadakisbonds,bonds,1693350010234
11522,Jerome Kapp,WR,WR,,True,Active,,,17644,,,,,,,,,,31,1,Kutztown,jeromekapp,kapp,1693334405078
11523,Cody Chrest,WR,WR,,True,Active,,,,,,,,,,,,,82,1,Sam Houston State,codychrest,chrest,1693318804174
11524,Izaiah Gathings,TE,TE,,True,Active,,,17629,,,,Questionable,Hamstring,,,,,85,1,Middle Tennessee,izaiahgathings,gathings,1722633023332
11526,Malachi Carter,WR,WR,,True,Active,,,17581,,,,,,,,,,88,1,Georgia Tech,malachicarter,carter,1693405507953
11528,Garett Maag,WR,WR,,True,Active,,,17331,,,,,,,,,,82,1,North Dakota State,garettmaag,maag,1693249549287
11529,Ed Lee,WR,WR,,True,Active,,,17646,,,,,,,,,,67,1,Rhode Island,edlee,lee,1691012736125
11530,Nick Williams,WR,WR,,True,Active,,,,,,,,,,,,,86,1,UNLV,nickwilliams,williams,
11532,Matthew Trickett,K,K,,True,Active,,,17385,,,,,,,,,,31,1,Minnesota,matthewtrickett,trickett,1690840850255
11533,Brandon Aubrey,K,K,DAL,True,Active,,,17649,,24902,,,,,,K,1,17,3,Notre Dame,brandonaubrey,aubrey,1767748816107
11536,Milton Wright,WR,WR,,True,Active,,,17652,,,,Questionable,Undisclosed,,,,,38,1,Purdue,miltonwright,wright,1694122225658
11537,Wayne Taulapapa,RB,RB,,True,Active,,,16873,,,,,,,,,,43,1,Washington,waynetaulapapa,taulapapa,1693179642055
11538,Toriano Clinton,RB,RB,,True,Active,,,17654,,,,,,,,,,34,1,Indianapolis,torianoclinton,clinton,1691278207052
11539,Jake Bates,K,K,DET,True,Active,,,17376,,24530,,,,,,K,1,39,3,Arkansas,jakebates,bates,1767647106395
1154,Ryan Broyles,WR,WR,,False,Inactive,14919,25764,,,14203,,,,,,,,84,4,Oklahoma,ryanbroyles,broyles,
11540,La'Michael Pettway,TE,TE,,True,Active,,,14821,,,,,,,,,,46,5,Iowa State,lamichaelpettway,pettway,1724702144642
11543,Lachlan Pitts,TE,TE,,True,Active,,,17338,,,,,,,,,,81,1,William & Mary,lachlanpitts,pitts,1693349110351
11544,Avery Davis,WR,WR,,True,Active,,,17656,,,,,,,,,,84,1,Notre Dame,averydavis,davis,1693171841055
11548,Aaron Dykes,RB,RB,,True,Active,,,17661,,,,,,,,,,46,1,Richmond,aarondykes,dykes,1693347010221
11554,Chase Cota,WR,WR,,True,Active,,,,,,,,,,,,,13,1,Oregon,chasecota,cota,
11556,Devin Leary,QB,QB,,True,Active,,,17911,,,,,,,,,,13,1,Kentucky,devinleary,leary,1756286723949
11557,Joe Milton,QB,QB,DAL,True,Active,,,17830,,25025,,,,,,QB,2,10,2,Tennessee,joemilton,milton,1768237835714
11558,Sam Hartman,QB,QB,WAS,True,Active,,,17664,,25109,,,,,,QB,4,15,2,Notre Dame,samhartman,hartman,1767558602528
11559,Michael Penix,QB,QB,ATL,True,Inactive,,,17700,,23242,,IR,Knee,,,QB,1,9,2,Washington,michaelpenix,penix,1770315357890
11560,Caleb Williams,QB,QB,CHI,True,Active,,,17695,,24927,,,,,,QB,1,18,2,USC,calebwilliams,williams,1768837534464
11561,Michael Pratt,QB,QB,,True,Active,,,16996,,,,,,,,,,11,1,Tulane,michaelpratt,pratt,1766527814105
11562,Spencer Rattler,QB,QB,NO,True,Active,,,17782,,23186,,Questionable,Finger,,,QB,1,2,2,South Carolina,spencerrattler,rattler,1767546301578
11563,Bo Nix,QB,QB,DEN,True,Inactive,,,16995,,25069,,Out,Ankle,,,QB,1,10,2,Oregon,bonix,nix,1769667005434
11564,Drake Maye,QB,QB,NE,True,Active,,,17673,,24958,,,,,,QB,1,10,2,North Carolina,drakemaye,maye,1770269454120
11565,J.J. McCarthy,QB,QB,MIN,True,Active,,,17689,,24956,,Questionable,Hand,,,QB,1,9,2,Michigan,jjmccarthy,mccarthy,1768372260276
11566,Jayden Daniels,QB,QB,WAS,True,Active,,,17692,,23235,,Questionable,Elbow,,,QB,1,5,2,LSU,jaydendaniels,daniels,1767724512973
11567,Jordan Travis,QB,QB,,True,Active,,,17809,,,,NA,Lower Leg,,Surgery,,,3,1,Florida State,jordantravis,travis,1746042034368
11568,Blake Watson,RB,RB,TEN,True,Active,,,17915,,25047,,,,,,RB,5,32,2,Memphis,blakewatson,watson,1767733815353
11569,Jarquez Hunter,RB,RB,LAR,True,Active,,,18523,,24990,,,,,,RB,3,27,1,Auburn,jarquezhunter,hunter,1769379356971
11570,Rasheen Ali,RB,RB,BAL,True,Active,,,17026,,25045,,,,,,RB,5,26,2,Marshall,rasheenali,ali,1767903052049
11571,Isaiah Davis,RB,RB,NYJ,True,Inactive,,,17057,,25064,,IR,Concussion,,,RB,3,32,2,South Dakota State,isaiahdavis,davis,1767476447715
11572,Player Invalid,RB,RB,,False,Inactive,,,,,,,,,,,,,,0,,playerinvalid,invalid,
11573,Frank Gore,RB,RB,BUF,True,Active,,,17853,,25100,,,,,,RB,5,20,2,Southern Miss,frankgore,gore,1769841321446
11574,Dylan Laube,RB,RB,LV,True,Active,,,17818,,25054,,,,,,RB,4,23,2,New Hampshire,dylanlaube,laube,1768225234660
11575,Ray Davis,RB,RB,BUF,True,Active,,,17792,,24980,,,,,,RB,2,22,2,Kentucky,raydavis,davis,1768834234169
11576,Braelon Allen,RB,RB,NYJ,True,Inactive,,,17702,,24934,,IR,Knee - MCL,,Sprain,RB,2,0,2,Wisconsin,braelonallen,allen,1759507239292
11577,Will Shipley,RB,RB,PHI,True,Active,,,17802,,25102,,,,,,RB,3,28,2,Clemson,willshipley,shipley,1768269925235
11578,Player Invalid,RB,RB,,False,Inactive,,,17857,,,,,,,,,,,0,,playerinvalid,invalid,1721426448047
11579,Audric Estime,RB,RB,NO,True,Active,,,17788,,24971,,,,,,RB,4,30,2,Notre Dame,audricestime,estime,1767635411603
1158,Kellen Moore,QB,QB,,False,Inactive,14882,26399,8069,7479,14219,,,,,,,,17,8,Boise State,kellenmoore,moore,1548437735271
11580,Dillon Johnson,RB,RB,,True,Active,,,17680,,,,,,,,,,,1,Washington,dillonjohnson,johnson,1755642344121
11581,MarShawn Lloyd,RB,RB,GB,True,Inactive,,,17795,,23211,,IR,Hamstring,,,RB,2,32,2,USC,marshawnlloyd,lloyd,1766186120079
11582,Carson Steele,RB,RB,PHI,True,Active,,,17909,,24939,,,,,,RB,5,42,2,UCLA,carsonsteele,steele,1768372260265
11583,Jonathon Brooks,RB,RB,CAR,True,Active,,,17747,,24944,,PUP,Knee - ACL,,Surgery,RB,4,24,2,Texas,jonathonbrooks,brooks,1769719509909
11584,Bucky Irving,RB,RB,TB,True,Active,,,17784,,24967,,,,,,RB,1,7,2,Oregon,buckyirving,irving,1770168357994
11585,Player Invalid,RB,RB,,False,Inactive,,,,,,,,,,,,,,0,,playerinvalid,invalid,
11586,Blake Corum,RB,RB,LAR,True,Active,,,17690,,24116,,,,,,RB,2,22,2,Michigan,blakecorum,corum,1769405159995
11587,Player Invalid,RB,RB,,False,Inactive,,,,,,,,,,,,,,0,,playerinvalid,invalid,
11588,Jawhar Jordan,RB,RB,HOU,True,Active,,,17916,,24991,,,,,,RB,5,26,2,Louisville,jawharjordan,jordan,1768916742721
11589,Trey Benson,RB,RB,ARI,True,Inactive,,,17767,,24292,,IR,Knee,,,RB,2,33,2,Florida State,treybenson,benson,1769729109256
11590,Jase McClellan,RB,RB,,True,Active,,,17039,,,,,,,,,,39,1,Alabama,jasemcclellan,mcclellan,1756056948110
11591,Player Invalid,TE,TE,,False,Inactive,,,,,,,,,,,,,,0,,playerinvalid,invalid,
11592,Erick All,TE,TE,CIN,True,Active,,,17696,,25208,,PUP,Knee - ACL,,Surgery,TE,6,83,2,Iowa,erickall,all,1756259421798
11593,Brevyn Spann-Ford,TE,TE,DAL,True,Active,,,17908,,25134,,,,,,TE,3,89,2,Minnesota,brevynspannford,spannford,1769439004258
11594,Player Invalid,TE,TE,,False,Inactive,,,,,,,,,,,,,,0,,playerinvalid,invalid,
11595,Jared Wiley,TE,TE,KC,True,Active,,,17894,,25112,,,,,,TE,3,12,2,TCU,jaredwiley,wiley,1765386659387
11596,Ben Sinnott,TE,TE,WAS,True,Active,,,17833,,24985,,,,,,TE,2,82,2,Kansas State,bensinnott,sinnott,1767643506165
11597,Theo Johnson,TE,TE,NYG,True,Active,,,17021,,23142,,Questionable,Illness,,,TE,1,84,2,Penn State,theojohnson,johnson,1770329456429
11598,Tanner McLachlan,TE,TE,LAC,True,Active,,,17866,,25014,,,,,,TE,5,88,2,Arizona,tannermclachlan,mclachlan,1768359959402
11599,Cade Stover,TE,TE,HOU,True,Active,,,17794,,24986,,Questionable,Knee,,,TE,2,87,2,Ohio State,cadestover,stover,1769046655752
11600,Ja'Tavion Sanders,TE,TE,CAR,True,Inactive,,,17748,,24947,,IR,Lower Leg,,Surgery,TE,1,0,2,Texas,jatavionsanders,sanders,1767285631119
11601,Trey Knox,TE,TE,,True,Active,,,17869,,,,Questionable,Undisclosed,,,,,,1,South Carolina,treyknox,knox,1725315945686
11602,Player Invalid,TE,TE,,False,Inactive,,,,,,,,,,,,,,0,,playerinvalid,invalid,
11603,AJ Barner,TE,TE,SEA,True,Active,,,17811,,25106,,,,,,TE,1,88,2,Michigan,ajbarner,barner,1769481035778
11604,Brock Bowers,TE,TE,LV,True,Inactive,,,17693,,24943,,IR,Knee,,,TE,1,89,2,Georgia,brockbowers,bowers,1769626821533
11605,Jaheim Bell,TE,TE,PHI,True,Active,,,17848,,25104,,,,,,TE,6,85,2,Florida State,jaheimbell,bell,1769189422281
11606,Dallin Holker,TE,TE,,True,Active,,,17824,,,,,,,,,,85,1,Colorado State,dallinholker,holker,1753227621986
11607,Hayden Hatten,WR,WR,,True,Active,,,17903,,,,,,,,,,,1,Idaho,haydenhatten,hatten,1729031122898
11608,Isaiah Williams,WR,WR,NYJ,True,Active,,,17977,,25205,,,,,,SWR,8,18,2,Illinois,isaiahwilliams,williams,1767577805011
11609,Player Invalid,WR,WR,,False,Inactive,,,,,,,,,,,,,,0,,playerinvalid,invalid,
11610,Malik Washington,WR,WR,MIA,True,Active,,,17863,,25103,,Questionable,Thumb,,,SWR,4,6,2,Virginia,malikwashington,washington,1767636611741
11611,Player Invalid,WR,WR,,False,Inactive,,,,,,,,,,,,,,0,,playerinvalid,invalid,
11612,Player Invalid,WR,WR,,False,Inactive,,,,,,,,,,,,,,0,,playerinvalid,invalid,
11613,Player Invalid,WR,WR,,False,Inactive,,,,,,,,,,,,,,0,,playerinvalid,invalid,
11614,Player Invalid,WR,WR,,False,Inactive,,,,,,,,,,,,,,0,,playerinvalid,invalid,
11615,Ainias Smith,WR,WR,CAR,True,Active,,,17015,,23144,,,,,,SWR,8,80,2,Texas A&M,ainiassmith,smith,1769061344123
11616,Jacob Cowing,WR,WR,SF,True,Inactive,,,17008,,24981,,IR,Hamstring,,,SWR,7,19,2,Arizona,jacobcowing,cowing,1768686919766
11617,Malachi Corley,WR,WR,CLE,True,Active,,,17777,,24979,,,,,,SWR,7,83,2,Western Kentucky,malachicorley,corley,1767616808307
11618,Jalen McMillan,WR,WR,TB,True,Active,,,17763,,25098,,,,,,LWR,4,11,2,Washington,jalenmcmillan,mcmillan,1767763817056
11619,Ja'Lynn Polk,WR,WR,NO,True,Inactive,,,17684,,24952,,IR,Shoulder,,,RWR,5,13,2,Washington,jalynnpolk,polk,1767809155904
11620,Rome Odunze,WR,WR,CHI,True,Active,,,17020,,24977,,,,,,LWR,2,15,2,Washington,romeodunze,odunze,1769706307227
11621,Brenden Rice,WR,WR,LV,True,Active,,,17756,,25101,,,,,,SWR,9,82,2,USC,brendenrice,rice,1767735015361
11622,Player Invalid,WR,WR,,False,Inactive,,,,,,,,,,,,,,0,,playerinvalid,invalid,
11623,Jordan Whittington,WR,WR,LAR,True,Active,,,17688,,25201,,,,,,RWR,4,88,2,Texas,jordanwhittington,whittington,1769481335718
11624,Xavier Worthy,WR,WR,KC,True,Active,,,17687,,24924,,Questionable,Illness,,,RWR,1,1,2,Texas,xavierworthy,worthy,1769549141868
11625,Adonai Mitchell,WR,WR,NYJ,True,Active,,,17668,,24954,,,,,,RWR,3,15,2,Texas,adonaimitchell,mitchell,1769723708746
11626,Xavier Legette,WR,WR,CAR,True,Active,,,17734,,25003,,,,,,RWR,2,17,2,South Carolina,xavierlegette,legette,1768251639989
11627,Troy Franklin,WR,WR,DEN,True,Active,,,17719,,24973,,Questionable,Hamstring,,,SWR,4,11,2,Oregon,troyfranklin,franklin,1769366455267
11628,Marvin Harrison,WR,WR,ARI,True,Inactive,,,17674,,24974,,IR,Foot,,,LWR,1,18,2,Ohio State,marvinharrison,harrison,1767634210254
11629,Devontez Walker,WR,WR,BAL,True,Active,,,17728,,24978,,,,,,LWR,4,81,2,North Carolina,devontezwalker,walker,1768233635418
11630,Roman Wilson,WR,WR,PIT,True,Active,,,17043,,25039,,,,,,RWR,3,10,2,Michigan,romanwilson,wilson,1768190731944
11631,Brian Thomas,WR,WR,JAX,True,Active,,,17716,,24933,,,,,,LWR,1,7,2,LSU,brianthomas,thomas,1769873422637
11632,Malik Nabers,WR,WR,NYG,True,Inactive,,,17704,,24953,,IR,Knee,,,LWR,1,1,2,LSU,maliknabers,nabers,1768936511069
11633,Jamari Thrash,WR,WR,CLE,True,Active,,,17686,,24984,,,,,,RWR,3,80,2,Louisville,jamarithrash,thrash,1767795919530
11634,Player Invalid,WR,WR,,False,Inactive,,,,,,,,,,,,,,0,,playerinvalid,invalid,
11635,Ladd McConkey,WR,WR,LAC,True,Active,,,17724,,25097,,,,,,SWR,1,15,2,Georgia,laddmcconkey,mcconkey,1769534740432
11636,Johnny Wilson,WR,WR,PHI,True,Inactive,,,17011,,24325,,IR,Knee,,Surgery,SWR,4,89,2,Florida State,johnnywilson,wilson,1755877830266
11637,Keon Coleman,WR,WR,BUF,True,Active,,,17732,,24964,,,,,,RWR,1,0,2,Florida State,keoncoleman,coleman,1769895624467
11638,Ricky Pearsall,WR,WR,SF,True,Active,,,17761,,24982,,,,,,LWR,1,1,2,Florida,rickypearsall,pearsall,1769537140659
11639,Player Invalid,WR,WR,,False,Inactive,,,,,,,,,,,,,,0,,playerinvalid,invalid,
1164,Rueben Randle,WR,WR,,False,Injured Reserve,14911,25773,8049,7468,14242,,,,,,,,82,8,Louisiana State,ruebenrandle,randle,1527002701431
11640,Jermaine Burton,WR,WR,,True,Active,,,17738,,23158,,,,,,,,81,1,Alabama,jermaineburton,burton,1765226712148
11643,Jaylen Wright,RB,RB,MIA,True,Active,,,17800,,24923,,,,,,RB,3,5,2,Tennessee,jaylenwright,wright,1767636611768
11644,Cody Schrader,RB,RB,DEN,True,Active,,,17829,,25049,,,,,,RB,8,5,2,Missouri,codyschrader,schrader,1769752840766
11645,Javon Baker,WR,WR,,True,Active,,,17787,,25040,,,,,,,,83,2,UCF,javonbaker,baker,1768542017360
11646,Jalen Coker,WR,WR,CAR,True,Active,,,17976,,25122,,,,,,SWR,3,18,2,Holy Cross,jalencoker,coker,1769813417188
11647,Kimani Vidal,RB,RB,LAC,True,Active,,,17821,,25079,,,,,,RB,4,30,2,Troy,kimanividal,vidal,1768194332057
11648,Kedon Slovis,QB,QB,ARI,True,Active,,,17979,,23182,,,,,,QB,3,19,2,BYU,kedonslovis,slovis,1760234709217
11649,Kendall Milton,RB,RB,,True,Active,,,17970,,23213,,,,,,,,36,2,Georgia,kendallmilton,milton,1763435134989
1165,Adrien Robinson,TE,TE,,False,Inactive,14905,25837,8217,,14244,,,,,,,,85,4,Cincinnati,adrienrobinson,robinson,
11650,Luke McCaffrey,WR,WR,WAS,True,Inactive,,,17820,,24987,,IR,Collarbone,,Fracture,SWR,5,11,2,Rice,lukemccaffrey,mccaffrey,1767986159497
11651,Isaac Guerendo,RB,RB,SF,True,Active,,,17947,,25063,,,,,,RB,3,31,2,Louisville,isaacguerendo,guerendo,1767837346420
11652,Louis Rees-Zammit,RB,RB,,True,Active,,,18033,,,,Questionable,Lower Back,,,,,89,1,,louisreeszammit,reeszammit,1754129157245
11653,Charlie Smyth,K,K,NO,True,Active,,,18034,,25315,,,,,,K,1,39,2,International Pathway Program,charliesmyth,smyth,1767750016035
11654,Dante Miller,RB,RB,NYG,True,Active,,,18036,,25051,,,,,,RB,5,25,2,South Carolina,dantemiller,miller,1767546301470
11655,Tyrone Tracy,RB,RB,NYG,True,Active,,,17967,,25092,,,,,,RB,1,29,2,Purdue,tyronetracy,tracy,1769894424295
1166,Kirk Cousins,QB,QB,ATL,True,Active,14880,25812,8057,7486,14252,00-0029604,,,,,QB,2,18,14,Michigan State,kirkcousins,cousins,1769720409506
1169,Robert Griffin,QB,QB,,True,Inactive,14875,25712,8023,7406,14257, 00-0029665,,,,,,,3,10,Baylor,robertgriffin,griffin,1656976233480
1170,Alfred Morris,RB,RB,,True,Active,15009,25883,8089,7618,14269,00-0029141,,,,,,,41,10,Florida Atlantic,alfredmorris,morris,1629211244340
11716,Tip Reiman,TE,TE,ARI,True,Inactive,,,17966,,25141,,IR,Ankle,,,TE,4,87,2,Illinois,tipreiman,reiman,1759945542092
11729,Sione Vaki,RB,RB,DET,True,Active,,,17760,,24930,,,,,,RB,3,33,2,Utah,sionevaki,vaki,1767644706346
1173,Jarrett Boykin,WR,WR,,False,Inactive,15358,26083,8110,,14275,,,,,,,,17,4,Virginia Tech,jarrettboykin,boykin,
11748,Bub Means,WR,WR,NO,True,Inactive,,,17942,,25133,,IR,Lower Leg,,,RWR,6,16,2,Pittsburgh,bubmeans,means,1755832828172
11762,Anthony Gould,WR,WR,IND,True,Inactive,,,17971,,25126,,IR,Foot,,,SWR,5,6,2,Oregon State,anthonygould,gould,1766855701711
11773,Keilan Robinson,RB,RB,NYJ,True,Active,,,17048,,25120,,Out,Undisclosed,,,,,36,2,Texas,keilanrobinson,robinson,1758236422656
11783,Ryan Flournoy,WR,WR,DAL,True,Active,,,17974,,25124,,,,,,SWR,5,19,2,Southeast Missouri State,ryanflournoy,flournoy,1767590106298
11786,Cam Little,K,K,JAX,True,Active,,,17926,,24960,,,,,,K,1,39,2,Arkansas,camlittle,little,1767747615350
11789,Joshua Karty,K,K,ARI,True,Active,,,17923,,25121,,,,,,K,2,98,2,Stanford,joshuakarty,karty,1767559202494
11792,Will Reichard,K,K,MIN,True,Active,,,17922,,25113,,,,,,K,1,16,2,Alabama,willreichard,reichard,1767750016038
118,Sebastian Janikowski,K,K,,False,Injured Reserve,2148,5046,1299,819,3253,00-0019646,,,,,,,0,22,Florida State,sebastianjanikowski,janikowski,1556817301845
11802,Tejhaun Palmer,WR,WR,ARI,True,Active,,,18073,,25338,,,,,,RWR,9,83,2,UAB,tejhaunpalmer,palmer,1767477047767
11806,Casey Washington,WR,WR,ATL,True,Active,,,18044,,25304,,,,,,LWR,4,82,2,Illinois,caseywashington,washington,1767893751188
11808,Jha'Quan Jackson,WR,WR,,True,Active,,,17972,,25132,,,,,,,,19,1,Tulane,jhaquanjackson,jackson,1764100538470
11815,Cornelius Johnson,WR,WR,BAL,True,Active,,,17051,,23146,,,,,,SWR,7,86,2,Michigan,corneliusjohnson,johnson,1767668109198
11820,Devin Culp,TE,TE,TB,True,Active,,,17965,,25144,,,,,,TE,3,82,2,Washington,devinculp,culp,1767192923995
11821,Tahj Washington,WR,WR,MIA,True,Active,,,17978,,25199,,,,,,SWR,8,84,2,USC,tahjwashington,washington,1767721512702
11834,Devaughn Vele,WR,WR,NO,True,Inactive,,,17975,,25198,,IR,Shoulder,,,LWR,2,14,2,Utah,devaughnvele,vele,1766173835335
11848,Casey Bauman,QB,QB,,True,Active,,,18092,,,,,,,,,,,1,Augustana ,caseybauman,bauman,1723509050667
1185,Travaris Cadet,RB,RB,,False,Inactive,15457,26024,8454,7758,14352,00-0029205,,,,,,,38,10,Appalachian State,travariscadet,cadet,1571191251347
11850,Jeff Foreman,WR,WR,,True,Active,,,18084,,,,Questionable,Knee,,,,,80,1,Arkansas State,jeffforeman,foreman,1746836726184
11851,Carter Bradley,QB,QB,JAX,True,Active,,,17918,,25044,,,,,,QB,3,10,2,South Alabama,carterbradley,bradley,1768270225330
11857,Daijun Edwards,RB,RB,,True,Active,,,18035,,,,,,,,,,,1,Georgia,daijunedwards,edwards,1724717146297
11859,John Rhys Plumlee,QB,QB,PIT,True,Active,,,17932,,25311,,,,,,SWR,,82,2,UCF,johnrhysplumlee,plumlee,1769841921646
11862,Luke Benson,TE,TE,,True,Active,,,18090,,,,,,,,,,,1,Georgia Tech,lukebenson,benson,1727211028104
11863,Leon Johnson,WR,WR,,True,Active,,,18093,,,,,,,,,,,1,Oklahoma State,leonjohnson,johnson,1724106640604
11864,Zach Heins,TE,TE,,True,Active,,,17027,,,,,,,,,,,1,South Dakota State,zachheins,heins,1724796654735
11867,Jaelen Gill,WR,WR,,True,Active,,,18091,,,,Questionable,Undisclosed,,,,,38,1,Fresno State,jaelengill,gill,1753236022605
11874,Jaylen Johnson,WR,WR,,True,Active,,,18094,,,,,,,,,,39,2,East Carolina,jaylenjohnson,johnson,1761686420906
11885,Ramel Keyton,WR,WR,,True,Active,,,18085,,,,,,,,,,14,1,Tennessee,ramelkeyton,keyton,1754250907973
11886,Tulu Griffin,WR,WR,,True,Active,,,17973,,,,,,,,,,22,1,Mississippi State,tulugriffin,griffin,1746476709963
1189,Nick Toon,WR,WR,,False,Inactive,14921,25832,8039,7458,14368,,,,,,,,81,8,Wisconsin,nicktoon,toon,
11895,Mason Tipton,WR,WR,NO,True,Inactive,,,18107,,25409,,IR,Groin,,,SWR,4,15,2,Yale,masontipton,tipton,1767388839960
11897,Jermaine Jackson,WR,WR,,True,Active,,,18104,,,,,,,,,,80,1,Idaho,jermainejackson,jackson,1732050033273
11900,Jacob Kibodi,RB,RB,,True,Active,,,18101,,,,,,,,,,36,1,Louisiana,jacobkibodi,kibodi,1736215507942
11901,Kyle Sheets,WR,WR,,True,Active,,,18108,,,,,,,,,,,1,Slippery Rock,kylesheets,sheets,1724714746306
11906,Ty James,WR,WR,,True,Active,,,18089,,,,,,,,,,,1,Mercer,tyjames,james,1724094948013
11911,Jeshaun Jones,WR,WR,MIN,True,Active,,,17691,,25430,,,,,,SWR,,82,2,Maryland,jeshaunjones,jones,1767664809011
11913,Devron Harper,WR,WR,,True,Active,,,18086,,,,,,,,,,,1,Mercer,devronharper,harper,1718664633180
11918,Ahmarean Brown,WR,WR,,True,Active,,,18288,,,,,,,,,,,1,South Carolina,ahmareanbrown,brown,1729191040387
11921,Xavier Weaver,WR,WR,ARI,True,Active,,,18041,,25032,,,,,,SWR,5,89,2,Colorado,xavierweaver,weaver,1768796430189
11924,Tanner Mordecai,QB,QB,,True,Active,,,18088,,,,,,,,,,14,1,Wisconsin,tannermordecai,mordecai,1759539942572
11925,Terique Owens,WR,WR,,True,Active,,,18087,,,,,,,,,,83,1,Missouri State,teriqueowens,owens,1756286723986
11931,Austin Reed,QB,QB,,True,Active,,,17980,,,,,,,,,,16,1,Western Kentucky,austinreed,reed,1756151704533
11932,Mike DiLiello,QB,QB,,True,Active,,,,,,,,,,,,,,1,Austin Peay,mikediliello,diliello,
11940,JaQuae Jackson,WR,WR,LAC,True,Active,,,18162,,25447,,,,,,SWR,,82,2,Rutgers,jaquaejackson,jackson,1768359659290
11941,Isaiah Wooden,WR,WR,CLE,True,Active,,,18163,,25406,,,,,,SWR,,,2,Southern Utah,isaiahwooden,wooden,1767984059010
11942,Colson Yankoff,TE,TE,WAS,True,Active,,,18160,,25674,,,,,,TE,6,80,2,UCLA,colsonyankoff,yankoff,1766447405944
11943,Michael Wiley,RB,RB,TB,True,Active,,,17670,,25108,,,,,,RB,6,30,2,Arizona,michaelwiley,wiley,1767740414712
11946,Marcus Rosemy-Jacksaint,WR,WR,,True,Active,,,17806,,,,,,,,,,,1,Georgia,marcusrosemyjacksaint,rosemyjacksaint,1753758018852
11947,Austin Jones,RB,RB,,True,Active,,,18040,,,,,,,,,,,1,USC,austinjones,jones,1724806560134
11949,Brayden Narveson,K,K,,True,Active,,,18303,,,,,,,,,,,1,North Carolina State,braydennarveson,narveson,1735003219092
1195,Doug Martin,RB,RB,,False,Inactive,14885,25741,8058,7426,14385,00-0029613,,,,,,,22,10,Boise State,dougmartin,martin,1567555522755
11957,Sam Schnee,WR,WR,,True,Active,,,18304,,,,,,,,,,,1,Northern Iowa,samschnee,schnee,1724712046151
11959,Bryce Oliver,WR,WR,TEN,True,Active,,,18302,,25687,,,,,,SWR,6,80,2,Youngstown State,bryceoliver,oliver,1767850248296
11960,Steven Stilianos,TE,TE,,True,Active,,,18305,,,,,,,,,,43,1,Iowa,stevenstilianos,stilianos,1756254921142
11961,Emory Jones,QB,QB,ATL,True,Inactive,,,18223,,23236,,IR,Concussion,,,QB,5,15,2,Cincinnati,emoryjones,jones,1755642344139
11962,Tayvion Robinson,WR,WR,,True,Active,,,18128,,,,Questionable,Undisclosed,,,,,,1,Kentucky,tayvionrobinson,robinson,1724718646940
11963,Chris Collier,RB,RB,LV,True,Active,,,18118,,25050,,,,,,RB,5,35,2,Lock Haven,chriscollier,collier,1767734415483
11964,Dayton Wade,WR,WR,BAL,True,Inactive,,,18127,,25455,,IR,Ribs,,Surgery,SWR,9,82,2,Ole Miss,daytonwade,wade,1756258821750
11969,Xavier Johnson,WR,WR,CIN,True,Active,,,18295,,25459,,,,,,SWR,,18,2,Ohio State,xavierjohnson,johnson,1767658508611
11975,Jordan Terrell,RB,RB,,True,Active,,,,,,,,,,,,,,1,Barton,jordanterrell,terrell,
11982,Isaiah Washington,WR,WR,,True,Active,,,18124,,,,Questionable,Undisclosed,,,,,,1,Rutgers,isaiahwashington,washington,1725572726579
11989,D.J. Williams,RB,RB,,True,Inactive,,,18309,,,,Questionable,Undisclosed,,,,,30,1,Arizona,djwilliams,williams,1754355018531
11994,Kameron Johnson,WR,WR,TB,True,Active,,,18307,,25642,,,,,,SWR,7,19,2,Barton,kameronjohnson,johnson,1767765017333
11995,Zack Annexstad,QB,QB,,True,Active,,,18306,,,,,,,,,,,1,Illinois State,zackannexstad,annexstad,1723593306329
11998,Emani Bailey,RB,RB,,True,Active,,,17969,,,,,,,,,,39,1,TCU,emanibailey,bailey,1756166706065
120,Adam Vinatieri,K,K,,True,Injured Reserve,1097,3727,395,1152,3258,00-0016919,,,,,,,0,26,South Dakota State,adamvinatieri,vinatieri,1622061304799
1200,Austin Davis,QB,QB,,False,Inactive,15187,26346,8499,8069,14404,00-0028957,,,,,,,12,10,Southern Mississippi,austindavis,davis,1549316148771
12001,Lawrence Keys,WR,WR,,True,Active,,,18296,,,,Questionable,Leg,,,,,,1,Tulane,lawrencekeys,keys,1724167224165
12003,Gunnar Watson,QB,QB,,True,Active,,,,,,,,,,,,,,1,Troy,gunnarwatson,watson,
12007,Nathaniel Peat,RB,RB,,True,Active,,,18115,,,,,,,,,,,1,Missouri,nathanielpeat,peat,1724773853165
12009,Jack Plummer,QB,QB,,True,Active,,,17948,,,,,,,,,,16,1,Louisville,jackplummer,plummer,1756224608732
1201,Chris Givens,WR,WR,,False,Inactive,15078,25806,8025,7430,14405,,,,,,,,19,8,Wake Forest,chrisgivens,givens,
12013,Jaden Shirden,RB,RB,,True,Active,,,17928,,,,,,,,,,,1,Monmouth,jadenshirden,shirden,1724780752864
12015,Harrison Mevis,K,K,LAR,True,Active,,,17921,,25119,,,,,,K,1,92,2,Missouri,harrisonmevis,mevis,1767732913887
12018,Sam Pinckney,WR,WR,,True,Active,,,18321,,,,,,,,,,,1,Coastal Carolina,sampinckney,pinckney,1733266811969
12019,Devin Carter,WR,WR,,True,Active,,,18421,,,,Questionable,Undisclosed,,,,,,1,West Virginia,devincarter,carter,1725663616833
12026,Kobe Lewis,RB,RB,,True,Active,,,18197,,,,,,,,,,,1,Florida Atlantic,kobelewis,lewis,1724813460065
12028,TaMerik Williams,RB,RB,,True,Active,,,18199,,,,,,,,,,,1,North Dakota State,tamerikwilliams,williams,1719267625699
12029,Tyler Harrell,WR,WR,,True,Active,,,17076,,,,,,,,,,,1,Miami (FL),tylerharrell,harrell,1724808959646
12033,OJ Hiliare,WR,WR,,True,Active,,,,,,,,,,,,,,1,Bowling Green,ojhiliare,hiliare,
12036,Ian Wheeler,RB,RB,,True,Active,,,18260,,25481,,,,,,,,22,1,Howard,ianwheeler,wheeler,1764722425480
12039,TD Ayo-Durojaiye,RB,RB,,True,Active,,,,,,,,,,,,,,1,Villanova,tdayodurojaiye,ayodurojaiye,
12045,Jack Westover,TE,TE,NE,True,Active,,,18083,,25123,,,,,,RB,8,37,2,Washington,jackwestover,westover,1767558302586
12046,Chevan Cordeiro,QB,QB,,True,Active,,,17698,,,,,,,,,,,1,San Jose State,chevancordeiro,cordeiro,1715218214992
12048,George Holani,RB,RB,SEA,True,Active,,,17968,,23196,,,,,,RB,2,36,2,Boise State,georgeholani,holani,1769480735724
1206,Isaiah Pead,RB,RB,,False,Inactive,14888,25760,8060,,14421,,,,,,,,22,8,Cincinnati,isaiahpead,pead,
12061,Noah Cain,RB,RB,,True,Active,,,17049,,,,,,,,,,,1,LSU,noahcain,cain,1724442915932
12062,Cam Grandy,TE,TE,CIN,True,Active,,,18284,,25513,,Questionable,Chest,,,TE,4,85,2,Illinois State,camgrandy,grandy,1767658508601
12063,Rocky Lombardi,QB,QB,,True,Active,,,18100,,,,,,,,,,,1,Northern Illinois,rockylombardi,lombardi,1724444112016
12066,Elijah Collins,RB,RB,,True,Active,,,18282,,,,,,,,,,,1,Oklahoma State,elijahcollins,collins,1724797554849
12068,Mason Pline,TE,TE,NO,True,Inactive,,,18328,,25320,,IR,Upper Body,,,TE,5,85,2,Furman,masonpline,pline,1755128455245
12070,McCallan Castles,TE,TE,GB,True,Active,,,18195,,25391,,,,,,TE,5,47,2,Tennessee,mccallancastles,castles,1769061944067
12074,Talik Keaton,WR,WR,,True,Active,,,,,,,,,,,,,,1,Marshall,talikkeaton,keaton,
12077,Lincoln Victor,WR,WR,,True,Active,,,18299,,,,,,,,,,30,1,Washington State,lincolnvictor,victor,1715641849075
12079,Treyton Welch,TE,TE,NO,True,Active,,,18263,,25621,,,,,,TE,7,82,2,Wyoming,treytonwelch,welch,1767473747258
1208,Brian Quick,WR,WR,,False,Inactive,14914,25743,8095,7477,14424,00-0029640,,,,,,,83,10,Appalachian State,brianquick,quick,1567272904930
12080,Aidan Robbins,RB,RB,,True,Active,,,18262,,,,,,,,,,49,1,BYU,aidanrobbins,robbins,1735662922556
12085,Alec Holler,TE,TE,,True,Active,,,18241,,,,,,,,,,,1,UCF,alecholler,holler,1724708445412
12086,Cam Johnson,WR,WR,,True,Active,,,18242,,,,,,,,,,,1,Northwestern,camjohnson,johnson,1731439539209
12090,Corey Crooms,WR,WR,,True,Active,,,18243,,,,Questionable,Undisclosed,,,,,,1,Minnesota,coreycrooms,crooms,1723153834723
12093,Geordon Porter,WR,WR,,True,Active,,,,,,,,,,,,,,1,UConn,geordonporter,porter,
12095,Jjay Mcafee,TE,TE,,True,Active,,,,,,,,,,,,,,1,Georgia Southern,jjaymcafee,mcafee,
12097,Ayir Asante,WR,WR,,True,Active,,,18291,,,,,,,,,,,1,Wyoming,ayirasante,asante,1724611233209
121,LeRon McClain,RB,RB,,False,Inactive,,,,,3312,,,,,,,,33,7,Alabama,leronmcclain,mcclain,
12100,Chris Autman-Bell,WR,WR,,True,Active,,,,,,,,,,,,,,1,Minnesota ,chrisautmanbell,autmanbell,
12107,Dylan Leonard,TE,TE,,True,Active,,,18297,,,,,,,,,,,1,Georgia Tech,dylanleonard,leonard,1732583146998
1211,Rhett Ellison,TE,TE,,True,Injured Reserve,15003,25838,8114,7580,14445,00-0029587,,,,,,,0,10,Southern California,rhettellison,ellison,1583777740563
12112,Camden Lewis,K,K,,True,Active,,,,,,,,,,,,,,1,Oregon,camdenlewis,lewis,
12113,Thomas Yassmin,TE,TE,LAC,True,Active,,,18298,,25395,,,,,,TE,,49,2,Utah,thomasyassmin,yassmin,1768360559231
12114,Joshua Cephus,WR,WR,JAX,True,Inactive,,,17697,,25313,,IR,Undisclosed,,,RWR,9,18,2,UTSA,joshuacephus,cephus,1755825325090
12118,Jacob Warren,TE,TE,,True,Active,,,18126,,,,,,,,,,,1,Tennessee,jacobwarren,warren,1724703944885
12121,Deshaun Fenwick,RB,RB,,True,Active,,,18125,,,,,,,,,,35,1,Oregon State,deshaunfenwick,fenwick,1735077624270
12126,Isaac Rex,TE,TE,,True,Active,,,18261,,,,,,,,,,,1,BYU,isaacrex,rex,1724796955191
12129,Jalon Calhoun,WR,WR,,True,Active,,,18327,,,,,,,,,,,1,Duke,jaloncalhoun,calhoun,1724816160832
12133,Drake Stoops,WR,WR,,True,Active,,,18188,,,,,,,,,,6,1,Oklahoma,drakestoops,stoops,1758066621128
12134,Sam Wiglusz,WR,WR,,True,Active,,,18189,,,,,,,,,,,1,Ohio,samwiglusz,wiglusz,1730401824719
12135,Neal Johnson,TE,TE,,True,Active,,,18186,,,,,,,,,,86,1,Louisiana,nealjohnson,johnson,1756080350107
1214,Blair Walsh,K,K,,False,Inactive,15058,25885,8177,7620,14463, 00-0029576,,,,,,,0,10,Georgia,blairwalsh,walsh,1610834150003
12144,Je'Quan Burton,WR,WR,,True,Active,,,18185,,,,,,,,,,,1,Florida Atlantic,jequanburton,burton,1724805058012
12149,Gavin Hardison,QB,QB,,True,Active,,,18070,,,,,,,,,,,1,UTEP,gavinhardison,hardison,1722111950707
1215,Jarius Wright,WR,WR,,True,Active,14918,25828,8105,7574,14465,00-0029572,,,,,,,13,10,Arkansas,jariuswright,wright,1582693530037
12150,Jarveon Howard,RB,RB,,True,Inactive,,,18209,,,,Questionable,Undisclosed,,,,,21,1,Alcorn State,jarveonhoward,howard,1756080050363
12151,Julian Hicks,WR,WR,,True,Active,,,18229,,25652,,,,,,,,89,2,University at Albany,julianhicks,hicks,1767735914167
12154,Messiah Swinson,TE,TE,GB,True,Active,,,18211,,25567,,,,,,TE,,43,2,Arizona State,messiahswinson,swinson,1769063444126
12156,James Turner,K,K,,True,Active,,,18096,,,,,,,,,,,1,Michigan,jamesturner,turner,1722381333913
12165,Spencer Sanders,QB,QB,,True,Active,,,,,,,,,,,,,,1,Oklahoma State,spencersanders,sanders,
12166,Trey Potts,RB,RB,,True,Active,,,,,,,,,,,,,,1,Penn State,treypotts,potts,
12168,Zach Mathis,WR,WR,,True,Active,,,,,,,,,,,,,,1,North Dakota State,zachmathis,mathis,
12169,Reggie Brown,WR,WR,,True,Active,,,18217,,,,,,,,,,,1,James Madison,reggiebrown,brown,1715115005685
1217,Laron Byrd,WR,WR,,False,Inactive,15536,26135,8518,,14471,,,,,,,,86,10,Miami,laronbyrd,byrd,
12170,Jaaron Hayek,WR,WR,,True,Active,,,18240,,,,,,,,,,,1,Villanova,jaaronhayek,hayek,1724370956303
12171,British Brooks,RB,RB,HOU,True,Active,,,18300,,25452,,,,,,RB,6,44,2,North Carolina,britishbrooks,brooks,1767624609050
12173,Jaxon Janke,WR,WR,,True,Active,,,18116,,,,,,,,,,81,1,South Dakota State,jaxonjanke,janke,1735684524674
12180,Alex McNulty,K,K,,True,Active,,,,,,,,,,,,,,1,Buffalo,alexmcnulty,mcnulty,
12185,Spencer Shrader,K,K,IND,True,Inactive,,,18268,,25403,,IR,Knee - ACL + MCL,,Surgery,K,1,3,2,Notre Dame,spencershrader,shrader,1759871158168
12187,Malcolm Epps,TE,TE,,True,Active,,,,,,,,,,,,,,1,Pittsburgh,malcolmepps,epps,
12188,Justin Strong,RB,RB,,True,Active,,,,,,,,,,,,,,1,Southern Illinois,justinstrong,strong,
12189,Xavier White,WR,WR,,True,Active,,,18270,,,,,,,,,,,1,Texas Tech,xavierwhite,white,1721857513928
1219,Michael Floyd,WR,WR,,False,Inactive,14908,25723,8054,6759,14478,00-0029638,,,,,,,13,10,Notre Dame,michaelfloyd,floyd,1567195856174
12190,Jason Bean,QB,QB,,True,Active,,,18266,,,,,,,,,,12,1,Kansas,jasonbean,bean,1756246810386
12191,Trent Pennix,TE,TE,,True,Active,,,18267,,,,,,,,,,,1,North Carolina State,trentpennix,pennix,1729528236153
12197,John Paddock,QB,QB,,True,Active,,,18161,,,,,,,,,,,1,Illinois,johnpaddock,paddock,1724619034655
12198,Wayne Ruby,WR,WR,,True,Active,,,18173,,,,Questionable,Undisclosed,,,,,,1,Mount Union,wayneruby,ruby,1721186426831
122,Miles Austin,WR,WR,,False,Inactive,10147,8021,4890,4059,3330,,,,,,,,19,14,"Monmouth, N.J.",milesaustin,austin,
1221,Ryan Lindley,QB,QB,,False,Inactive,14883,25895,8068,,14482,,,,,,,,3,8,San Diego State,ryanlindley,lindley,
12210,Cole Burgess,WR,WR,PIT,True,Active,,,18281,,25504,,,,,,SWR,,17,3,SUNY-Cortland,coleburgess,burgess,1769841321623
12212,Austin Stogner,TE,TE,,True,Active,,,18164,,,,,,,,,,,1,Oklahoma,austinstogner,stogner,1724620534790
12215,Kevin Foelsch,TE,TE,,True,Active,,,18320,,,,,,,,,,84,1,New Haven,kevinfoelsch,foelsch,1755894932422
12217,Shawn Bowman,TE,TE,,True,Active,,,18170,,,,,,,,,,49,1,Rutgers,shawnbowman,bowman,1756247710638
12218,Jalen Jackson,RB,RB,,True,Active,,,18172,,,,,,,,,,,1,Villanova,jalenjackson,jackson,1727819432263
12220,Brevin Easton,WR,WR,,True,Active,,,18095,,,,,,,,,,,1,Albany,brevineaston,easton,1724182826001
12222,Joseph Scates,WR,WR,,True,Active,,,18174,,,,,,,,,,,1,Memphis,josephscates,scates,1724613334114
12224,David White,WR,WR,,True,Active,,,17939,,,,,,,,,,16,1,Western Carolina,davidwhite,white,1753565159996
12226,Lorenzo Lingard,RB,RB,,True,Active,,,18102,,,,,,,,,,,1,Akron,lorenzolingard,lingard,1724610933543
1223,Garrett Celek,TE,TE,,True,Injured Reserve,15204,26253,8516,,14496,00-0028903,,,,,,,0,10,Michigan State,garrettcelek,celek,1576187457870
12231,JJ Laap,WR,WR,,True,Active,,,18187,,,,,,,,,,,1,SUNY-Cortland,jjlaap,laap,1724619935193
12235,Marcus Riley,WR,WR,,True,Active,,,18031,,,,Questionable,Undisclosed,,,,,,1,Florida A&M,marcusriley,riley,1746748507322
12237,Lincoln Sefcik,TE,TE,,True,Active,,,18208,,,,,,,,,,,1,South Alabama,lincolnsefcik,sefcik,1724811659474
12239,Peewee Jarrett,QB,QB,,True,Active,,,18203,,,,,,,,,,,1,West Florida,peeweejarrett,jarrett,1715038859033
12244,DeAngelo Hardy,WR,WR,,True,Active,,,,,,,,,,,,,,1,North Central,deangelohardy,hardy,
12245,Jelani Baker,WR,WR,,True,Active,,,18190,,,,,,,,,,,1,Limestone,jelanibaker,baker,1715039759218
12246,Mike Rigerman,TE,TE,,True,Active,,,18192,,,,,,,,,,,1,Findlay,mikerigerman,rigerman,1724705745105
1225,LaMichael James,RB,RB,,False,Inactive,14890,25771,,,14501,,,,,,,,27,8,Oregon,lamichaeljames,james,
12250,Riley Sharp,TE,TE,,True,Active,,,18119,,,,,,,,,,,1,Oregon State,rileysharp,sharp,1724718046739
12254,Phillip Brooks,WR,WR,,True,Active,,,18216,,,,,,,,,,,1,Kansas State,phillipbrooks,brooks,1724714446038
12256,Baylor Cupp,TE,TE,,True,Active,,,17018,,,,,,,,,,17,1,Texas Tech,baylorcupp,cupp,1756197906362
12259,Taulia Tagovailoa,QB,QB,,True,Active,,,,,,,,,,,,,,1,Maryland,tauliatagovailoa,tagovailoa,
1226,AJ Jenkins,WR,WR,,False,Inactive,14947,25740,,,14502,,,,,,,,15,4,Illinois,ajjenkins,jenkins,
12260,Mason Fairchild,TE,TE,,True,Active,,,17024,,,,,,,,,,,1,Kansas,masonfairchild,fairchild,1724802657142
12264,Cole Beck,WR,WR,,True,Active,,,,,,,,,,,,,,1,Virginia Tech,colebeck,beck,
12267,Qadir Ismail,WR,WR,CHI,True,Active,,,18407,,25711,,,,,,TE,,80,2,Samford,qadirismail,ismail,1769189422295
12268,Colby Suits,QB,QB,,True,Active,,,18222,,,,,,,,,,,1,Houston Christian,colbysuits,suits,1716405922108
12270,Andrew Peasley,QB,QB,,True,Active,,,18226,,,,,,,,,,,1,Wyoming,andrewpeasley,peasley,1724811363646
12276,RJ Mobley,WR,WR,,True,Active,,,,,,,,,,,,,,1,Winston-Salem State,rjmobley,mobley,
12277,John Matocha,QB,QB,,True,Active,,,,,,,,,,,,,,1,Colorado School of Mines,johnmatocha,matocha,
12278,Jacob Sirmon,QB,QB,,True,Active,,,18331,,,,,,,,,,,1,Northern Colorado,jacobsirmon,sirmon,1716248756620
12281,Dimitri Stanley,WR,WR,,True,Active,,,18231,,,,,,,,,,,1,Iowa State,dimitristanley,stanley,1724801757478
12283,Dylan McDuffie,RB,RB,,True,Active,,,,,,,,,,,,,,1,Kansas,dylanmcduffie,mcduffie,
12284,Michael Herzog,RB,RB,,True,Active,,,,,,,,,,,,,,1,Hillsdale,michaelherzog,herzog,
12285,Cade Peterson,QB,QB,,True,Active,,,,,,,,,,,,,,1,Grand Valley State,cadepeterson,peterson,
12288,Mathieu Severance,RB,RB,,True,Active,,,,,,,,,,,,,,1,Bentley,mathieuseverance,severance,
12291,Dakota Caton,WR,WR,,True,Active,,,,,,,,,,,,,,1,Indiana State,dakotacaton,caton,
12296,Kaylon Horton,WR,WR,,True,Active,,,,,,,,,,,,,,1,North Texas,kaylonhorton,horton,
12300,Joshua Lingenfelter,TE,TE,,True,Active,,,,,,,,,,,,,,1,Army,joshualingenfelter,lingenfelter,
12306,La'Damian Webb,RB,RB,,True,Active,,,,,,,,,,,,,,1,South Alabama,ladamianwebb,webb,
12308,Samson Evans,RB,RB,,True,Active,,,,,,,,,,,,,,1,Eastern Michigan,samsonevans,evans,
1231,Greg Scruggs,TE,TE,,False,Inactive,15120,25942,8365,,14527,,,,,,,,83,8,Louisville,gregscruggs,scruggs,
12311,Daniel George,WR,WR,,True,Active,,,,,,,,,,,,,,1,Akron,danielgeorge,george,
12312,Noah Rauschenberg,K,K,,True,Active,,,,,,,,,,,,,,1,North Texas,noahrauschenberg,rauschenberg,
12314,Beau Corrales,WR,WR,,True,Active,,,,,,,,,,,,,,1,Texas State,beaucorrales,corrales,
1232,Robert Turbin,RB,RB,,True,Active,14894,25816,8028,7423,14533,00-0029273,,,,,,,34,10,Utah State,robertturbin,turbin,1578950424892
12320,Treyton Pickering,TE,TE,,True,Active,,,,,,,,,,,,,,1,Montana State,treytonpickering,pickering,
12324,William Thompson,QB,QB,,True,Active,,,,,,,,,,,,,,1,Wabash,williamthompson,thompson,
12333,Dakereon Joyner,WR,WR,,True,Active,,,,,,,,,,,,,,1,South Carolina,dakereonjoyner,joyner,
1234,Russell Wilson,QB,QB,NYG,True,Active,14881,25785,8043,7460,14536,00-0029263,,,,,QB,1,3,14,Wisconsin,russellwilson,wilson,1767721513452
12340,Alex Larson,TE,TE,,True,Active,,,,,,,,,,,,,,1,St. John’s,alexlarson,larson,
12341,Markese Stepp,RB,RB,,True,Active,,,18373,,,,Questionable,Undisclosed,,,,,,1,Western Kentucky,markesestepp,stepp,1717200920521
1235,Jorvorskie Lane,RB,RB,,False,Inactive,12510,26548,8456,,14538,,,,,,,,46,8,Texas A&M,jorvorskielane,lane,
12350,Anthony Grant,RB,RB,,True,Active,,,,,,,,,,,,,,1,Nebraska,anthonygrant,grant,
12352,Jeremy Moussa,QB,QB,,True,Active,,,,,,,,,,,,,,1,Florida A&M,jeremymoussa,moussa,
12354,Easton Dean,TE,TE,,True,Active,,,,,,,,,,,,,,1,Iowa State,eastondean,dean,
12355,Treveyon Pratt,WR,WR,,True,Active,,,,,,,,,,,,,,1,Morgan State,treveyonpratt,pratt,
12356,Jabari Small,RB,RB,DET,True,Active,,,17944,,25322,,,,,,RB,4,26,2,Tennessee,jabarismall,small,1767735615929
12357,David Martin-Robinson,TE,TE,TEN,True,Active,,,18301,,25647,,,,,,TE,3,88,2,Temple,davidmartinrobinson,martinrobinson,1768025102697
1236,Joe Banyard,RB,RB,,False,Inactive,15296,26079,8937,,14549,00-0029048,,,,,,,22,8,Texas-El Paso,joebanyard,banyard,1509485581069
12360,Latreal Jones,WR,WR,,True,Active,,,18308,,,,,,,,,,,1,Southern Miss,latrealjones,jones,1724625035511
12361,Aeneas Dennis,QB,QB,,True,Active,,,,,,,,,,,,,,1,Benedict,aeneasdennis,dennis,
12363,Xavier Wade,WR,WR,,True,Active,,,,,,,,,,,,,,1,Ferris State,xavierwade,wade,
1237,Dominique Davis,QB,QB,,False,Inactive,,900005,10785,,14564,,,,,,,,66,1,East Carolina,dominiquedavis,davis,
12370,Praise Olatoke,WR,WR,,True,Active,,,18414,,,,,,,,,,86,1,Ohio State,praiseolatoke,olatoke,1725347751103
12372,Vincent Blanchard,K,K,,True,Active,,,,,,,,,,,,,,1,Laval,vincentblanchard,blanchard,
12373,Peter LeBlanc,WR,WR,,True,Active,,,18257,,,,,,,,,,,1,Louisiana,peterleblanc,leblanc,1724714446037
12374,Brenden Bates,TE,TE,CLE,True,Active,,,18253,,25486,,,,,,TE,2,82,2,Kentucky,brendenbates,bates,1767926754869
12383,John Jiles,WR,WR,NE,True,Active,,,18215,,25333,,,,,,,,83,2,West Florida,johnjiles,jiles,1756335323809
12385,Jude McAtamney,K,K,,True,Active,,,18294,,25678,,,,,,,,99,1,Rutgers,judemcatamney,mcatamney,1764143430432
12389,Hayden Rucci,TE,TE,SF,True,Active,,,18251,,25529,,,,,,TE,,87,2,Wisconsin,haydenrucci,rucci,1769128213892
12392,Tre Mosley,WR,WR,,True,Active,,,18286,,,,,,,,,,,1,Michigan State,tremosley,mosley,1723063524816
12395,Tanner Knue,WR,WR,,True,Active,,,18117,,,,,,,,,,,2,Eastern Michigan,tannerknue,knue,1745971834055
12398,Jadon Janke,WR,WR,,True,Active,,,18043,,,,Questionable,Undisclosed,,,,,82,1,South Dakota State,jadonjanke,janke,1748908817160
12399,Caleb Chapman,WR,WR,,True,Active,,,,,,,,,,,,,,1,Incarnate Word,calebchapman,chapman,
12402,Ramon Jefferson,RB,RB,,True,Active,,,17930,,,,,,,,,,,1,Kentucky,ramonjefferson,jefferson,1724611533618
12403,Valentino Ambrosio,K,K,,True,Active,,,,,,,,,,,,,,1,Tulane,valentinoambrosio,ambrosio,
12404,Colton Theaker,K,K,,True,Active,,,,,,,,,,,,,,1,Washington State,coltontheaker,theaker,
12408,Michael Hiers,QB,QB,,True,Active,,,,,,,,,,,,,,1,Samford,michaelhiers,hiers,
12410,John Jackson,WR,WR,,True,Active,,,18354,,,,,,,,,,82,1,Nevada,johnjackson,jackson,1755042347684
12412,Terrell Jennings,RB,RB,NE,True,Inactive,,,18368,,25090,,IR,Concussion,,,RB,7,26,2,Florida A&M,terrelljennings,jennings,1770245150788
12413,Hamze El-Zayat,WR,WR,,True,Active,,,18372,,,,Questionable,Undisclosed,,,,,,1,Eastern Michigan,hamzeelzayat,elzayat,1723592706258
12421,David Wallis,WR,WR,,True,Active,,,18410,,,,,,,,,,,1,Randolph-Macon,davidwallis,wallis,1724785553598
12431,Rory Starkey,WR,WR,,True,Active,,,18419,,,,Questionable,Calf,,,,,,1,Samford,rorystarkey,starkey,1723242953629
12433,Ben Bryant,QB,QB,,True,Active,,,18420,,,,,,,,,,,1,Northwestern,benbryant,bryant,1722091248684
12434,Kairee Robinson,RB,RB,,True,Active,,,18425,,,,,,,,,,,1,San Jose State,kaireerobinson,robinson,1724813760623
12435,Geor'Quarius Spivey,TE,TE,,True,Active,,,18426,,,,,,,,,,45,1,Mississippi State,georquariusspivey,spivey,1756269022657
12438,Alex Hale,K,K,,True,Active,,,18429,,,,Questionable,Eye,,,,,16,1,Oklahoma State,alexhale,hale,1753135527917
1244,Josh Gordon,WR,WR,,True,Active,15705,26561,8415,8282,14587,00-0029664,,,,,,,19,10,Baylor,joshgordon,gordon,1666029034219
12443,Devon Garrison,TE,TE,,True,Active,,,18435,,,,,,,,,,,1,Pittsburg State,devongarrison,garrison,1724813160893
12453,Ontaria Wilson,WR,WR,,True,Active,,,,,,,,,,,,,,1,Florida State,ontariawilson,wilson,
12454,Player Invalid,TE,TE,,False,Inactive,,,,,,,,,,,,,,0,,playerinvalid,invalid,
12455,Brashard Smith,RB,RB,KC,True,Active,,,18529,,25899,,,,,,RB,4,24,1,SMU,brashardsmith,smith,1767590406650
12456,Player Invalid,WR,WR,,False,Inactive,,,,,,,,,,,,,,0,,playerinvalid,invalid,
12457,Jaydon Blue,RB,RB,DAL,True,Active,,,18499,,26038,,,,,,RB,2,23,1,Texas,jaydonblue,blue,1767625211245
12458,Player Invalid,WR,WR,,False,Inactive,,,,,,,,,,,,,,0,,playerinvalid,invalid,
12459,Player Invalid,RB,RB,,False,Inactive,,,,,,,,,,,,,,0,,playerinvalid,invalid,
1246,Dominique Jones,TE,TE,,False,Inactive,15383,26203,8361,,14593,,,,,,,,85,10,Shepherd,dominiquejones,jones,
12460,Antwane Wells,WR,WR,,True,Active,,,18559,,26081,,,,,,,,,1,Ole Miss,antwanewells,wells,1761696621428
12461,Player Invalid,WR,WR,,False,Inactive,,,,,,,,,,,,,,0,,playerinvalid,invalid,
12462,Damien Martinez,RB,RB,GB,True,Active,,,18528,,26029,,,,,,RB,5,26,1,Miami (FL),damienmartinez,martinez,1769062544273
12463,Player Invalid,RB,RB,,False,Inactive,,,,,,,,,,,,,,0,,playerinvalid,invalid,
12464,Player Invalid,RB,RB,,False,Inactive,,,,,,,,,,,,,,0,,playerinvalid,invalid,
12465,Player Invalid,RB,RB,,False,Inactive,,,,,,,,,,,,,,0,,playerinvalid,invalid,
12466,Player Invalid,QB,QB,,False,Inactive,,,,,,,,,,,,,,0,,playerinvalid,invalid,
12467,Jordan James,RB,RB,SF,True,Active,,,18485,,25903,,,,,,RB,5,29,1,Oregon,jordanjames,james,1767839146726
12468,Player Invalid,WR,WR,,False,Inactive,,,,,,,,,,,,,,0,,playerinvalid,invalid,
12469,Dylan Sampson,RB,RB,CLE,True,Active,,,18467,,25889,,,,,,RB,3,22,1,Tennessee,dylansampson,sampson,1767565803540
1247,Griff Whalen,WR,WR,,False,Injured Reserve,15360,26218,8359,,14594,,,,,,,,13,8,Stanford,griffwhalen,whalen,1535657410167
12470,Riley Leonard,QB,QB,IND,True,Active,,,18513,,24992,,,,,,QB,3,15,1,Notre Dame,rileyleonard,leonard,1767809455947
12471,DJ Giddens,RB,RB,IND,True,Active,,,18443,,25900,,,,,,RB,2,21,1,Kansas State,djgiddens,giddens,1767806155746
12472,Raheim Sanders,RB,RB,CLE,True,Active,,,18526,,26080,,,,,,RB,4,35,1,South Carolina,raheimsanders,sanders,1767614707977
12473,Mitchell Evans,TE,TE,CAR,True,Active,,,18545,,25875,,,,,,TE,3,84,1,Notre Dame,mitchellevans,evans,1767830145871
12474,Woody Marks,RB,RB,HOU,True,Active,,,18449,,25942,,,,,,RB,3,27,1,USC,woodymarks,marks,1768782628890
12475,Ricky White,WR,WR,SEA,True,Active,,,18560,,25010,,,,,,,,86,1,UNLV,rickywhite,white,1762830632099
12476,Devin Neal,RB,RB,NO,True,Inactive,,,18521,,25888,,IR,Hamstring,,,RB,3,24,1,Kansas,devinneal,neal,1766113802944
12477,Kurtis Rourke,QB,QB,SF,True,Inactive,,,18565,,26087,,PUP,Knee,,Surgery,QB,4,4,1,Indiana,kurtisrourke,rourke,1767048627369
12478,Nick Nash,WR,WR,WAS,True,Active,,,18455,,25937,,,,,,SWR,6,80,1,San Jose State,nicknash,nash,1767734414227
12479,Ja'Quinden Jackson,RB,RB,JAX,True,Active,,,18527,,25901,,,,,,RB,5,38,1,Arkansas,jaquindenjackson,jackson,1768268425467
12480,Moliki Matavao,TE,TE,NO,True,Active,,,18623,,25988,,,,,,TE,3,80,1,UCLA,molikimatavao,matavao,1767848748221
12481,Cam Skattebo,RB,RB,NYG,True,Inactive,,,18514,,25887,,IR,Ankle,,Surgery,RB,2,44,1,Arizona State,camskattebo,skattebo,1769807416610
12482,Savion Williams,WR,WR,GB,True,Inactive,,,18554,,26105,,IR,Foot,,,KR,7,83,1,TCU,savionwilliams,williams,1767475247572
12483,Jack Bech,WR,WR,LV,True,Active,,,18457,,25894,,,,,,LWR,4,18,1,TCU,jackbech,bech,1767807655853
12484,Jayden Higgins,WR,WR,HOU,True,Active,,,18551,,26094,,,,,,RWR,3,81,1,Iowa State,jaydenhiggins,higgins,1770258351694
12485,Tez Johnson,WR,WR,TB,True,Active,,,18484,,25934,,,,,,RWR,6,15,1,Oregon,tezjohnson,johnson,1767764417152
12486,Dillon Gabriel,QB,QB,CLE,True,Active,,,18496,,23177,,,,,,QB,2,8,1,Oregon,dillongabriel,gabriel,1767792619087
12487,Terrance Ferguson,TE,TE,LAR,True,Active,,,18497,,25970,,,,,,TE,2,18,1,Oregon,terranceferguson,ferguson,1769300446890
12488,Kobe Hudson,WR,WR,,True,Active,,,18557,,,,,,,,,,,1,UCF,kobehudson,hudson,1756167606204
12489,RJ Harvey,RB,RB,DEN,True,Active,,,18522,,25944,,,,,,RB,1,12,1,UCF,rjharvey,harvey,1769384157593
12490,Bhayshul Tuten,RB,RB,JAX,True,Active,,,18524,,25898,,,,,,RB,2,33,1,Virginia Tech,bhayshultuten,tuten,1769634622623
12491,Corey Kiner,RB,RB,ARI,True,Active,,,18532,,25968,,,,,,RB,6,37,1,Cincinnati,coreykiner,kiner,1768796130258
12492,Pat Bryant,WR,WR,DEN,True,Active,,,18562,,25975,,Questionable,Hamstring,,,RWR,3,13,1,Illinois,patbryant,bryant,1769379657075
12493,Oronde Gadsden,TE,TE,LAC,True,Active,,,18481,,25876,,,,,,TE,3,86,1,Syracuse,orondegadsden,gadsden,1768194932317
12494,Kyle McCord,QB,QB,GB,True,Active,,,18498,,26085,,,,,,QB,4,19,1,Syracuse,kylemccord,mccord,1768976457557
12495,Ollie Gordon,RB,RB,MIA,True,Active,,,18450,,25953,,,,,,RB,2,31,1,Oklahoma State,olliegordon,gordon,1767637211848
12496,Tai Felton,WR,WR,MIN,True,Active,,,18553,,25924,,,,,,LWR,4,13,1,Maryland,taifelton,felton,1766353518063
12497,Tory Horton,WR,WR,SEA,True,Inactive,,,17772,,24989,,IR,Shin,,,RWR,7,15,1,Colorado State,toryhorton,horton,1770048938323
12498,Mason Taylor,TE,TE,NYJ,True,Inactive,,,18535,,25963,,IR,Neck,,,TE,1,85,1,LSU,masontaylor,taylor,1767476447704
12499,Elic Ayomanor,WR,WR,TEN,True,Active,,,18552,,25964,,,,,,LWR,2,5,1,Stanford,elicayomanor,ayomanor,1767581706043
1250,Will Johnson,RB,RB|TE,,False,Inactive,14870,25706,18462,,14620,,,,,,,,46,8,West Virginia,willjohnson,johnson,1767727513328
12500,Quinn Ewers,QB,QB,MIA,True,Active,,,18505,,26048,,Questionable,Knee,,,QB,3,14,1,Texas,quinnewers,ewers,1767636611783
12501,Matthew Golden,WR,WR,GB,True,Active,,,18500,,25922,,,,,,RWR,1,0,1,Texas,matthewgolden,golden,1769723108725
12502,Gunnar Helm,TE,TE,TEN,True,Active,,,18503,,25962,,Questionable,Toe,,,TE,2,84,1,Texas,gunnarhelm,helm,1767384639445
12503,Isaiah Bond,WR,WR,CLE,True,Active,,,18502,,26034,,,,,,SWR,4,16,1,Texas,isaiahbond,bond,1767617708371
12504,Kaleb Johnson,RB,RB,PIT,True,Active,,,18515,,26040,,,,,,RB,1,20,1,Iowa,kalebjohnson,johnson,1767996960635
12505,Jalen Royals,WR,WR,KC,True,Active,,,18550,,25911,,,,,,SWR,5,11,1,Utah State,jalenroyals,royals,1767738014415
12506,Harold Fannin,TE,TE,CLE,True,Active,,,18472,,25870,,Questionable,Groin,,,TE,2,44,1,Bowling Green,haroldfannin,fannin,1769555712222
12507,Omarion Hampton,RB,RB,LAC,True,Active,,,18445,,25956,,,,,,RB,1,8,1,North Carolina,omarionhampton,hampton,1769536541012
12508,Jaxson Dart,QB,QB,NYG,True,Active,,,18574,,26082,,,,,,QB,2,6,1,Ole Miss,jaxsondart,dart,1768932044307
12509,Tre' Harris,WR,WR,LAC,True,Active,,,18478,,25925,,,,,,LWR,3,9,1,Ole Miss,treharris,harris,1768329317580
12510,Jalen Milroe,QB,QB,SEA,True,Active,,,18477,,25882,,,,,,QB,3,6,1,Alabama,jalenmilroe,milroe,1768694120388
12511,Will Howard,QB,QB,PIT,True,Active,,,18512,,25884,,,,,,QB,3,18,1,Ohio State,willhoward,howard,1768263340953
12512,Quinshon Judkins,RB,RB,CLE,True,Inactive,,,18516,,25946,,IR,Lower Leg,,Surgery,RB,1,10,1,Ohio State,quinshonjudkins,judkins,1769728509161
12514,Emeka Egbuka,WR,WR,TB,True,Active,,,18549,,26092,,,,,,RWR,2,2,1,Ohio State,emekaegbuka,egbuka,1769555412114
12515,Donovan Edwards,RB,RB,MIA,True,Active,,,18444,,25755,,,,,,RB,6,48,1,Michigan,donovanedwards,edwards,1767379839184
12516,Kalel Mullings,RB,RB,TEN,True,Active,,,18463,,25904,,,,,,RB,4,31,1,Michigan,kalelmullings,mullings,1767849348182
12517,Colston Loveland,TE,TE,CHI,True,Active,,,18460,,25869,,Questionable,Concussion,,,TE,1,84,1,Michigan,colstonloveland,loveland,1769543141279
12518,Tyler Warren,TE,TE,IND,True,Active,,,18534,,25874,,,,,,TE,1,84,1,Penn State,tylerwarren,warren,1770167757940
12519,Luther Burden,WR,WR,CHI,True,Active,,,18548,,26044,,,,,,SWR,3,10,1,Missouri,lutherburden,burden,1769534140443
12520,Xavier Restrepo,WR,WR,TEN,True,Active,,,18466,,25926,,,,,,LWR,5,87,1,Miami (FL),xavierrestrepo,restrepo,1767686710786
12521,Elijah Arroyo,TE,TE,SEA,True,Active,,,18540,,26032,,,,,,TE,3,18,1,Miami (FL),elijaharroyo,arroyo,1769379957055
12522,Cam Ward,QB,QB,TEN,True,Active,,,16997,,25323,,Questionable,Shoulder,,,QB,1,1,1,Miami (FL),camward,ward,1769814017382
12523,Jimmy Horn,WR,WR,CAR,True,Active,,,18569,,25982,,,,,,SWR,5,15,1,Colorado,jimmyhorn,horn,1767730213630
12524,Shedeur Sanders,QB,QB,CLE,True,Active,,,18479,,26079,,,,,,QB,1,12,1,Colorado,shedeursanders,sanders,1770315357879
12525,Player Invalid,WR,WR,,False,Inactive,,,,,,,,,,,,,,0,,playerinvalid,invalid,1740688557627
12526,Tetairoa McMillan,WR,WR,CAR,True,Active,,,18547,,26054,,,,,,LWR,1,4,1,Arizona,tetairoamcmillan,mcmillan,1769536240519
12527,Ashton Jeanty,RB,RB,LV,True,Active,,,18487,,25868,,,,,,RB,1,2,1,Boise State,ashtonjeanty,jeanty,1769805016485
12528,Ajou Ajou,WR,WR,,True,Active,,,17070,,,,,,,,,,9,1,Garden City,ajouajou,ajou,1756263021976
12529,TreVeyon Henderson,RB,RB,NE,True,Active,,,18517,,23245,,,,,,RB,2,32,1,Ohio State,treveyonhenderson,henderson,1769451033267
12530,Travis Hunter,WR,WR,JAX,True,Inactive,,,18578,,26056,,IR,Knee,,,SWR,2,12,1,Colorado,travishunter,hunter,1769456733677
12531,Trevor Etienne,RB,RB,CAR,True,Active,,,18506,,25948,,,,,,RB,3,23,1,Georgia,trevoretienne,etienne,1767729313531
12532,Ja'Corey Brooks,WR,WR,WAS,True,Active,,,18561,,26089,,,,,,SWR,9,88,1,Louisville,jacoreybrooks,brooks,1767662109012
12533,Jacory Croskey-Merritt,RB,RB,WAS,True,Active,,,18811,,26259,,,,,,RB,1,22,1,Arizona,jacorycroskeymerritt,croskeymerritt,1769558415120
12534,Kyle Monangai,RB,RB,CHI,True,Active,,,18520,,25952,,,,,,RB,3,25,1,Rutgers,kylemonangai,monangai,1768798230416
12535,Isaac TeSlaa,WR,WR,DET,True,Active,,,18642,,26101,,,,,,LWR,3,18,1,Arkansas,isaacteslaa,teslaa,1767645306182
12536,Jaylin Noel,WR,WR,HOU,True,Active,,,18555,,25914,,,,,,SWR,4,14,1,Iowa State,jaylinnoel,noel,1767718812562
12538,Brady Cook,QB,QB,NYJ,True,Active,,,18482,,26084,,,,,,QB,5,4,1,Missouri,bradycook,cook,1767577205057
12539,Arian Smith,WR,WR,NYJ,True,Active,,,18646,,26057,,,,,,SWR,4,82,1,Georgia,ariansmith,smith,1767821744769
12540,Chimere Dike,WR,WR,TEN,True,Active,,,18641,,25987,,,,,,SWR,4,17,1,Florida,chimeredike,dike,1769722210261
12541,Dont'e Thornton,WR,WR,LV,True,Active,,,18558,,26102,,,,,,LWR,2,10,1,Tennessee,dontethornton,thornton,1767990359907
12542,Efton Chism,WR,WR,NE,True,Active,,,18889,,25932,,,,,,LWR,6,86,1,Eastern Washington,eftonchism,chism,1769367055507
12543,Tahj Brooks,RB,RB,CIN,True,Active,,,18519,,25949,,,,,,RB,2,25,1,Texas Tech,tahjbrooks,brooks,1767986759611
12544,LeQuint Allen,RB,RB,JAX,True,Active,,,18476,,25986,,,,,,RB,3,36,1,Syracuse,lequintallen,allen,1767826545519
12545,Tyler Shough,QB,QB,NO,True,Active,,,17037,,23187,,,,,,QB,2,6,1,Louisville,tylershough,shough,1767820808930
12546,Marcus Yarns,RB,RB,,True,Active,,,18525,,,,,,,,,,,1,Delaware,marcusyarns,yarns,1756222507467
12547,Kyle Williams,WR,WR,NE,True,Active,,,19126,,25912,,,,,,SWR,5,18,1,Washington State,kylewilliams,williams,1768836934755
12548,Lenny Krieg,K,K,NYJ,True,Active,,,18774,,26250,,,,,,K,2,46,4,,lennykrieg,krieg,1768253440026
12549,Jordan Petaia,TE,TE,,True,Active,,,18776,,,,Questionable,Undisclosed,,,,,,1,,jordanpetaia,petaia,1755301807300
12551,Colin Granger,TE,TE,,True,Active,,,18777,,,,,,,,,,,2,Coastal Carolina,colingranger,granger,1765320353448
1256,Michael Egnew,TE,TE,,False,Inactive,14903,,,,14641,,,,,,,,84,3,Missouri,michaelegnew,egnew,
126,Marcel Reece,RB,RB,,False,Inactive,11717,9158,5951,5094,3382,,,,,,,,44,12,Washington,marcelreece,reece,
1262,Alex Tanney,QB,QB,,True,Injured Reserve,15693,26547,8402,,14657,00-0029623,,,,,,,0,10,"Monmouth, Ill.",alextanney,tanney,1612923345249
1263,Bernard Pierce,RB,RB,,False,Inactive,14891,25794,8035,,14687,,,,,,,,30,8,Temple,bernardpierce,pierce,
12634,Jordan Watkins,WR,WR,SF,True,Active,,,18647,,26103,,,,,,SWR,5,17,1,Ole Miss,jordanwatkins,watkins,1767926454772
1264,Justin Tucker,K,K,,True,Active,15683,26534,8398,8241,14688,00-0029597,,,,,,,9,13,Texas,justintucker,tucker,1764747053615
12641,Jaylin Lane,WR,WR,WAS,True,Inactive,,,18643,,25976,,IR,Ankle,,,SWR,4,83,1,Virginia Tech,jaylinlane,lane,1767150320741
1265,Daryl Richardson,RB,RB,,False,Inactive,15111,25962,8309,,14696,,,,,,,,43,8,Abilene Christian,darylrichardson,richardson,
12656,Robbie Ouzts,RB,RB,SEA,True,Active,,,18624,,26124,,Questionable,Neck,,,RB,7,40,1,Alabama,robbieouzts,ouzts,1770269153843
12658,Jackson Hawes,TE,TE,BUF,True,Active,,,18538,,25972,,,,,,TE,3,85,1,Georgia Tech,jacksonhawes,hawes,1768851636029
1266,Greg Zuerlein,K,K,,True,Active,14993,25881,8179,7616,14697,00-0029621,Questionable,Knee,,,,,9,13,Missouri Western,gregzuerlein,zuerlein,1747434624752
12670,KeAndre Lambert-Smith,WR,WR,LAC,True,Inactive,,,18650,,26059,,Out,Hamstring,,,RWR,5,84,1,Auburn,keandrelambertsmith,lambertsmith,1768086907227
12688,Cam Miller,QB,QB,MIA,True,Active,,,18808,,26254,,,,,,QB,4,5,1,North Dakota State,cammiller,miller,1767294333153
1269,Bradley Sowell,TE,TE,,True,Active,15284,26050,9091,,14707,00-0029091,,,,,,,85,10,Mississippi,bradleysowell,sowell,1574615130819
12690,Tommy Mellott,WR,WR,,True,Active,,,18816,,26279,,,,,,,,,1,Montana State,tommymellott,mellott,1759870257996
12699,LaJohntay Wester,WR,WR,BAL,True,Active,,,18567,,26104,,,,,,SWR,6,83,1,Colorado,lajohntaywester,wester,1768323317085
127,Matt Bryant,K,K,,True,Active,4333,6243,2832,978,3388,00-0020578,,,,,,,3,20,Baylor,mattbryant,bryant,1572369314641
12700,Gavin Bartholomew,TE,TE,MIN,True,Inactive,,,18573,,26113,,PUP,Undisclosed,,,TE,3,86,1,Pittsburgh,gavinbartholomew,bartholomew,1767389140662
12705,Graham Mertz,QB,QB,HOU,True,Active,,,18653,,26086,,,,,,QB,3,18,1,Florida,grahammertz,mertz,1765733425859
12711,Tyler Loop,K,K,BAL,True,Active,,,18742,,26109,,,,,,K,1,33,1,Arizona,tylerloop,loop,1767751816025
12713,Andy Borregales,K,K,NE,True,Active,,,18743,,26106,,,,,,K,1,36,1,Miami (FL),andyborregales,borregales,1767716112134
12715,Thomas Fidone,TE,TE,NYG,True,Inactive,,,18507,,26055,,IR,Foot,,,TE,3,86,1,Nebraska,thomasfidone,fidone,1763856624810
12718,Konata Mumpfield,WR,WR,LAR,True,Active,,,17081,,25001,,,,,,LWR,5,15,1,Pittsburgh,konatamumpfield,mumpfield,1767638410585
12721,Kaden Prather,WR,WR,,True,Active,,,18563,,,,,,,,,,,1,Maryland,kadenprather,prather,1764723049871
12725,Luke Lachey,TE,TE,HOU,True,Active,,,18546,,25873,,,,,,TE,5,83,1,Iowa,lukelachey,lachey,1769840421327
1273,Francis Owusu,WR,WR,,True,Active,3043278,30648,12376,,14715,,,,,,,,82,5,Stanford,francisowusu,owusu,1543428932545
12732,Dominic Lovett,WR,WR,DET,True,Active,,,17858,,25306,,,,,,RWR,5,19,1,Georgia,dominiclovett,lovett,1765394760152
12735,Caleb Lohner,TE,TE,DEN,True,Active,,,18822,,26333,,,,,,TE,5,84,1,Utah,caleblohner,lohner,1769752840791
12738,Phil Mafah,RB,RB,DAL,True,Active,,,18531,,25955,,,,,,RB,4,37,1,Clemson,philmafah,mafah,1768238135853
1274,Gerell Robinson,TE,TE,,False,Inactive,15214,25984,,,14716,,,,,,,,89,2,Arizona State,gerellrobinson,robinson,
12743,Junior Bergen,WR,WR,SF,True,Active,,,18824,,26335,,,,,,SWR,,86,1,Montana,juniorbergen,bergen,1769753441115
12746,JP Richardson,WR,WR,CHI,True,Active,,,18940,,26375,,,,,,SWR,,83,1,TCU,jprichardson,richardson,1768957211037
1275,Jonathan Grimes,RB,RB,,False,Inactive,15632,26488,8297,,14719,,,,,,,,34,8,William & Mary,jonathangrimes,grimes,
12750,Jonathan Kim,K,K,,True,Active,,,18935,,,,,,,,,,,1,Michigan State,jonathankim,kim,1755042947819
12753,Jamoi Mayes,WR,WR,,True,Active,,,18942,,,,,,,,,,,1,Cincinnati,jamoimayes,mayes,1756262421831
12755,Kelly Akharaiyi,WR,WR,,True,Active,,,18904,,,,,,,,,,,1,Mississippi State,kellyakharaiyi,akharaiyi,1755642643685
12756,Stephen Gosnell,WR,WR,BUF,True,Active,,,18905,,26374,,,,,,SWR,,89,1,Virginia Tech,stephengosnell,gosnell,1769841321433
12757,Hal Presley,WR,WR,TEN,True,Active,,,18907,,26368,,,,,,SWR,10,11,1,Baylor,halpresley,presley,1767733815392
1276,Nathan Palmer,WR,WR,,False,Inactive,15189,26262,8515,,14720,,,,,,,,13,2,Northern Illinois,nathanpalmer,palmer,
12760,Rashod Owens,WR,WR,,True,Active,,,18937,,,,,,,,,,,1,Oklahoma State,rashodowens,owens,1756166105983
12761,Jordan Moore,WR,WR,CIN,True,Active,,,,,26343,,,,,,SWR,,14,1,Duke,jordanmoore,moore,
12762,Payton Thorne,QB,QB,,True,Active,,,17022,,,,,,,,,,,1,Auburn,paytonthorne,thorne,1756166105987
12765,Keleki Latu,TE,TE,BUF,True,Active,,,18906,,26396,,,,,,TE,4,83,1,Washington,kelekilatu,latu,1766871304018
12772,Courtney Jackson,WR,WR,SEA,True,Active,,,18860,,26403,,,,,,,,84,1,Arkansas State,courtneyjackson,jackson,1756425622405
12773,DJ Uiagalelei,QB,QB,LAC,True,Active,,,18448,,23131,,,,,,QB,3,7,1,Florida State,djuiagalelei,uiagalelei,1768360259109
12775,Max Brosmer,QB,QB,MIN,True,Active,,,18652,,26083,,,,,,QB,5,12,1,Minnesota,maxbrosmer,brosmer,1767580205746
12776,Connor Bazelak,QB,QB,TB,True,Active,,,18810,,26359,,,,,,QB,3,16,1,Bowling Green,connorbazelak,bazelak,1767471347009
12777,Joaquin Davis,WR,WR,MIN,True,Active,,,18862,,26370,,,,,,SWR,,81,1,North Carolina Central,joaquindavis,davis,1767664809025
12778,Jerjuan Newton,WR,WR,,True,Active,,,18861,,,,,,,,,,,1,Toledo,jerjuannewton,newton,1756181707776
12786,Anthony Landphere,TE,TE,,True,Active,,,19061,,,,,,,,,,,0,Memphis,anthonylandphere,landphere,1747237231781
12787,Josh Williams,RB,RB,TB,True,Active,,,17919,,25302,,,,,,RB,4,18,1,LSU,joshwilliams,williams,1767668109171
12788,Will Sheppard,WR,WR,GB,True,Active,,,18568,,25983,,,,,,SWR,,82,1,Colorado,willsheppard,sheppard,1769062544243
12791,Ryan Coe,K,K,,True,Active,,,19058,,,,,,,,,,,1,California,ryancoe,coe,1755127254958
12792,Garrett Greene,QB,QB,TB,True,Active,,,19059,,26266,,,,,,SWR,,85,1,West Virginia,garrettgreene,greene,1767740414738
12797,Ahmani Marshall,RB,RB,CLE,True,Active,,,18943,,26414,,,,,,RB,,23,1,Appalachian State,ahmanimarshall,marshall,1767685510839
12799,Bryson Green,WR,WR,ARI,True,Active,,,18930,,26411,,,,,,SWR,,26,1,Wisconsin,brysongreen,green,1767740114623
128,Vincent Jackson,WR,WR,,False,Inactive,8475,7237,4414,3202,3519,,,,,,,,83,15,Northern Colorado,vincentjackson,jackson,1526714701434
12800,Oscar Cardenas,TE,TE,,True,Active,,,18928,,,,,,,,,,,1,UTSA,oscarcardenas,cardenas,1756167906012
12803,Luke Grimm,WR,WR,LAC,True,Active,,,18838,,26354,,,,,,SWR,,,1,Kansas,lukegrimm,grimm,1768357859561
12809,Mac Dalena,WR,WR,NYJ,True,Active,,,18452,,25936,,,,,,SWR,,,1,Fresno State,macdalena,dalena,1768253139908
12810,Elijhah Badger,WR,WR,,True,Active,,,18570,,,,,,,,,,,1,Florida,elijhahbadger,badger,1756268122632
12815,Stevo Klotz,TE,TE,,True,Active,,,18839,,,,,,,,,,,1,Iowa State,stevoklotz,klotz,1756258521626
12817,Jake Briningstool,TE,TE,KC,True,Inactive,,,18542,,25969,,IR,Hamstring,,Strain,TE,5,88,1,Clemson,jakebriningstool,briningstool,1767391540932
12818,Elijah Young,RB,RB,,True,Active,,,18952,,,,,,,,,,,1,Western Kentucky,elijahyoung,young,1756139103812
12820,Landon Parker,WR,WR,,True,Active,,,18873,,,,,,,,,,,1,Troy,landonparker,parker,1756249220417
12824,Maddux Trujillo,K,K,BUF,True,Active,,,18882,,26500,,,,,,K,3,,1,Temple,madduxtrujillo,trujillo,1767738014417
12826,Ulysses Bentley,RB,RB,IND,True,Active,,,18640,,25967,,,,,,RB,,37,1,Ole Miss,ulyssesbentley,bentley,1767642006132
12829,Coleman Owen,WR,WR,IND,True,Active,,,18877,,25893,,,,,,SWR,,9,1,Ohio,colemanowen,owen,1767643506170
12831,Tyler Kahmann,WR,WR,,True,Active,,,18876,,,,,,,,,,,1,Emporia State,tylerkahmann,kahmann,1756457425717
12832,Blayne Taylor,WR,WR,,True,Active,,,18879,,,,,,,,,,,1,Abilene Christian,blaynetaylor,taylor,1756185308010
12834,Jimmy Bell,TE,TE,,True,Active,,,,,,,,,,,,,,0,Mississippi State,jimmybell,bell,
1284,Lance Dunbar,RB,RB,,False,Inactive,15369,26064,8086,7798,14731,,,,,,,,25,8,North Texas,lancedunbar,dunbar,1520632201229
12848,Josh Kelly,WR,WR,HOU,True,Active,,,18454,,25917,,,,,,SWR,,85,1,Texas Tech,joshkelly,kelly,1769839821071
12849,Traeshon Holden,WR,WR,DAL,True,Active,,,18495,,26095,,,,,,SWR,,80,1,Oregon,traeshonholden,holden,1767740414734
12850,Tyler Neville,TE,TE,,True,Active,,,18945,,,,,,,,,,,1,Virginia,tylerneville,neville,1756143904238
12851,Rivaldo Fairweather,TE,TE,ARI,True,Active,,,18781,,26273,,,,,,TE,7,41,1,Auburn,rivaldofairweather,fairweather,1767131120781
12852,Monaray Baldwin,WR,WR,,True,Active,,,18885,,,,,,,,,,,1,Baylor,monaraybaldwin,baldwin,1754960113400
12859,Nate Noel,RB,RB,,True,Active,,,18475,,,,,,,,,,,1,Missouri,natenoel,noel,1756185008259
12860,Theo Wease,WR,WR,MIA,True,Active,,,18645,,23169,,Questionable,Head,,Concussion,LWR,2,81,1,Missouri,theowease,wease,1767574503817
12863,Andrew Armstrong,WR,WR,KC,True,Active,,,18453,,25905,,,,,,SWR,,,1,Arkansas,andrewarmstrong,armstrong,1767740414709
12865,AJ Henning,WR,WR,MIA,True,Active,,,18447,,26538,,,,,,SWR,,88,1,Northwestern,ajhenning,henning,1767735314127
12866,Jalin Conyers,TE,TE,MIA,True,Inactive,,,18622,,26116,,IR,Leg,,,TE,5,47,1,Texas Tech,jalinconyers,conyers,1754433026884
12868,Montrell Johnson,RB,RB,CAR,True,Active,,,18566,,26088,,,,,,RB,5,37,1,Florida,montrelljohnson,johnson,1769060743909
1287,Kai Forbath,K,K,,True,Inactive,14816,25648,7544,7362,14740,00-0028787,,,,,,,2,11,UCLA,kaiforbath,forbath,1609905013400
12880,Silas Bolden,WR,WR,,True,Active,,,18827,,,,,,,,,,,1,Texas,silasbolden,bolden,1758059720694
12883,Joshua Simon,TE,TE,ATL,True,Active,,,18621,,26117,,,,,,TE,5,47,1,South Carolina,joshuasimon,simon,1769036459066
12884,Quincy Skinner,WR,WR,,True,Active,,,18898,,,,,,,,,,,1,Vanderbilt,quincyskinner,skinner,1755999944135
12888,Dalen Cambre,WR,WR,NYG,True,Active,,,18878,,26349,,,,,,SWR,13,83,1,Louisiana,dalencambre,cambre,1766432124061
12889,Beaux Collins,WR,WR,NYG,True,Inactive,,,18648,,26091,,IR,Neck,,,LWR,7,81,1,Notre Dame,beauxcollins,collins,1767231327039
12891,Jordan Bly,WR,WR,,True,Active,,,18880,,,,,,,,,,,1,Gardner-Webb,jordanbly,bly,1755903634389
12892,Da'Quan Felton,WR,WR,NYG,True,Inactive,,,18644,,25979,,IR,Undisclosed,,,SWR,11,83,1,Virginia Tech,daquanfelton,felton,1756341324754
12893,Nate McCollum,WR,WR,,True,Active,,,18883,,,,,,,,,,,1,North Carolina,natemccollum,mccollum,1756168206688
12897,Nathan Carter,RB,RB,ATL,True,Active,,,18894,,26289,,,,,,RB,3,38,1,Michigan State,nathancarter,carter,1767893151143
12898,Seth Henigan,QB,QB,IND,True,Active,,,18654,,26058,,,,,,QB,4,4,1,Memphis,sethhenigan,henigan,1767642606134
1290,Jermaine Kearse,WR,WR,,True,Injured Reserve,15428,25991,8100,7727,14749,00-0029159,,,,,,,0,10,Washington,jermainekearse,kearse,1565449514216
12901,Patrick Herbert,TE,TE,JAX,True,Active,,,18867,,26463,,,,,,TE,,88,1,Oregon,patrickherbert,herbert,1768269625589
12905,John Copenhaver,TE,TE,,True,Active,,,18866,,,,,,,,,,,1,North Carolina,johncopenhaver,copenhaver,1756249521068
12906,Cam Camper,WR,WR,,True,Active,,,18575,,,,,,,,,,,1,Boise State,camcamper,camper,1756248320476
12907,Quentin Skinner,WR,WR,NYJ,True,Active,,,18908,,25980,,,,,,LWR,11,88,1,Kansas,quentinskinner,skinner,1766872503986
12908,Chandler Brayboy,WR,WR,JAX,True,Active,,,18865,,26458,,,,,,SWR,3,15,1,Elon,chandlerbrayboy,brayboy,1768269025225
12909,Eli Pancol,WR,WR,IND,True,Active,,,18869,,26465,,,,,,SWR,,83,1,Duke,elipancol,pancol,1767644406233
12913,J.J. Jones,WR,WR,,True,Active,,,18868,,,,,,,,,,,0,North Carolina,jjjones,jones,
1292,Robert Hughes,RB,RB,,False,Inactive,14266,25077,7672,,14752,,,,,,,,48,3,Notre Dame,roberthughes,hughes,
12925,Jamaal Pritchett,WR,WR,NYJ,True,Active,,,18857,,25913,,,,,,SWR,,81,1,South Alabama,jamaalpritchett,pritchett,1767668409315
12928,Amar Johnson,RB,RB,LAC,True,Active,,,,,26493,,,,,,RB,7,34,1,South Dakota State,amarjohnson,johnson,1752949810943
1293,Jeremy Stewart,RB,RB,,False,Inactive,15572,26007,,,14756,,,,,,,,27,4,Stanford,jeremystewart,stewart,
12933,Caden Prieskorn,TE,TE,CLE,True,Active,,,18572,,25973,,,,,,TE,,88,1,Ole Miss,cadenprieskorn,prieskorn,1767685510824
12935,Jakobie Keeney-James,WR,WR,GB,True,Active,,,18947,,25920,,,,,,LWR,7,84,1,UMass,jakobiekeeneyjames,keeneyjames,1767569404895
12938,Jackson Meeks,WR,WR,DET,True,Active,,,18480,,26281,,,,,,SWR,,83,1,Syracuse,jacksonmeeks,meeks,1767735615943
12939,Anthony Tyus,RB,RB,CAR,True,Active,,,18946,,26528,,,,,,RB,,34,1,Ohio,anthonytyus,tyus,1769061344113
12940,Tre Stewart,RB,RB,,True,Active,,,18813,,,,,,,,,,,1,Jacksonville State,trestewart,stewart,1756066549798
12941,Bryson Nesbit,TE,TE,MIN,True,Active,,,18543,,25107,,,,,,TE,,83,1,North Carolina,brysonnesbit,nesbit,1767664808996
12946,Dontae Fleming,WR,WR,MIN,True,Active,,,18828,,26348,,,,,,SWR,,19,1,Tulane,dontaefleming,fleming,1767664209041
12950,Robert Lewis,WR,WR,,True,Active,,,17879,,,,,,,,,,,1,Auburn,robertlewis,lewis,1756067149709
12953,Jalen White,RB,RB,,True,Active,,,18950,,,,,,,,,,,1,Georgia Southern,jalenwhite,white,1759853149217
12954,Kye Robichaux,RB,RB,DET,True,Inactive,,,18948,,26479,,IR,Undisclosed,,,RB,6,25,1,Boston College,kyerobichaux,robichaux,1754442627080
12959,Bryce Pierre,TE,TE,CAR,True,Active,,,18934,,26475,,,,,,TE,,45,1,UCLA,brycepierre,pierre,1769060743878
1296,Cory Harkey,TE,TE,,False,Inactive,15226,26347,8582,,14764,,,,,,,,46,8,UCLA,coryharkey,harkey,
12961,Ryan Fitzgerald,K,K,CAR,True,Active,,,18508,,26108,,,,,,K,1,10,1,Florida State,ryanfitzgerald,fitzgerald,1767592506908
12963,Kayron Lynch-Adams,RB,RB,,True,Active,,,18933,,,,,,,,,,,1,Michigan State,kayronlynchadams,lynchadams,1756167306111
12965,Ethan Garbers,QB,QB,,True,Active,,,18932,,,,,,,,,,,1,UCLA,ethangarbers,garbers,1753329334313
12966,Moose Muhammad,WR,WR,,True,Active,,,17844,,,,Questionable,Undisclosed,,,,,,0,Texas A&M,moosemuhammad,muhammad,1752540925579
12967,Jacolby George,WR,WR,,True,Active,,,18649,,,,,,,,,,,1,Miami (FL),jacolbygeorge,george,1756225208608
12969,Lan Larison,RB,RB,NE,True,Inactive,,,18886,,25989,,IR,Leg,,,RB,9,34,1,UC Davis,lanlarison,larison,1754850001700
12971,Ke'Shawn Williams,WR,WR,CIN,True,Active,,,,,26394,,,,,,LWR,5,12,1,Indiana,keshawnwilliams,williams,1765923046526
12972,Roc Taylor,WR,WR,,True,Active,,,18651,,,,,,,,,,,1,Memphis,roctaylor,taylor,1755546933033
12973,DJ Thomas-Jones,TE,TE,,True,Active,,,18840,,,,,,,,,,,1,South Alabama,djthomasjones,thomasjones,1755055848581
12975,JJ Galbreath,TE,TE,PIT,True,Active,,,18842,,26395,,,,,,TE,,,1,South Dakota,jjgalbreath,galbreath,1769327151363
12976,DeMeer Blankumsee,WR,WR,,True,Active,,,18887,,,,,,,,,,,0,Memphis,demeerblankumsee,blankumsee,1753953337874
12981,Gee Scott,TE,TE,,True,Active,,,17023,,25329,,,,,,,,41,1,Ohio State,geescott,scott,1765903543342
12983,Brock Lampe,RB,RB,NE,True,Inactive,,,18888,,26271,,IR,Undisclosed,,,RB,10,46,1,Northern Illinois,brocklampe,lampe,1753850427620
12984,CJ Dippre,TE,TE,NE,True,Active,,,18474,,25984,,,,,,TE,4,82,1,Alabama,cjdippre,dippre,1766785553298
1299,Kyle Miller,TE,TE,,False,Inactive,14289,25125,,,14768,,,,,,,,86,9,Mount Union,kylemiller,miller,
130,Eric Weems,WR,WR,,False,Inactive,10770,8609,5954,,3601,,,,,,,,14,13,Bethune-Cookman,ericweems,weems,1520622300991
13001,Mario Williams,WR,WR,LAR,True,Active,,,18926,,26535,,,,,,SWR,,,1,Tulane,mariowilliams,williams,1768541417282
13003,Tru Edwards,WR,WR,LAR,True,Active,,,18915,,26356,,,,,,SWR,,82,1,Louisiana Tech,truedwards,edwards,1769475035189
13005,Anthony Torres,TE,TE,,True,Active,,,18922,,,,Questionable,Ankle,,,,,,1,Toledo,anthonytorres,torres,1755649544353
13010,Jordan Waters,RB,RB,LAR,True,Active,,,18924,,,,,,,,RB,,,1,North Carolina State,jordanwaters,waters,1756245310514
13011,Brennan Presley,WR,WR,LAR,True,Active,,,18919,,26531,,,,,,SWR,,81,1,Oklahoma State,brennanpresley,presley,1769475635348
13013,Mark Redman,TE,TE,LAR,True,Active,,,18920,,26556,,,,,,TE,,83,1,Louisville,markredman,redman,1769475635354
13014,Pat Conroy,TE,TE,,True,Active,,,19086,,,,,,,,,,,0,Old Dominion,patconroy,conroy,1754287812639
13017,Hajj-Malik Williams,QB,QB,,True,Active,,,,,,,,,,,,,,0,UNLV,hajjmalikwilliams,williams,
13022,Sone Ntoh,RB,RB,,True,Active,,,18903,,,,,,,,,,,0,Monmouth,sonentoh,ntoh,1750295434732
13026,Moochie Dixon,WR,WR,,True,Active,,,18859,,,,,,,,,,,1,SMU,moochiedixon,dixon,1756225808864
1303,James Develin,RB,RB,,True,Injured Reserve,13940,24760,8588,6449,14783,00-0027925,,,,,,,0,11,Brown,jamesdevelin,develin,1588018261151
13032,Marshall Lang,TE,TE,NE,True,Active,,,18875,,26600,,,,,,,,87,1,Northwestern,marshalllang,lang,1767130520741
13034,Tyrone Broden,WR,WR,SEA,True,Active,,,18874,,26595,,Out,Undisclosed,,,,11,85,1,Arkansas,tyronebroden,broden,1763177707197
1304,Collin Mooney,RB,RB,,False,Inactive,15130,26233,8592,,14784,,,,,,,,39,2,Army,collinmooney,mooney,
13041,Jahmal Banks,WR,WR,,True,Active,,,18900,,,,,,,,,,,1,Nebraska,jahmalbanks,banks,1762305625205
13042,Xavier Guillory,WR,WR,,True,Active,,,18858,,,,,,,,,,,1,Arizona State,xavierguillory,guillory,1767916853827
13043,Chris Tyree,WR,WR,,True,Active,,,17035,,,,,,,,,,,1,Virginia,christyree,tyree,1765925445522
13047,Jacardia Wright,RB,RB,SEA,True,Active,,,18864,,26473,,Out,Undisclosed,,,RB,8,31,1,Missouri State,jacardiawright,wright,1758661261904
1305,Patrick DiMarco,RB,RB,,True,Injured Reserve,14332,25158,7970,6880,14786,00-0028581,,,,,,,0,11,South Carolina,patrickdimarco,dimarco,1599606612978
13053,Daniel Jackson,WR,WR,,True,Active,,,18571,,,,,,,,,,,1,Minnesota,danieljackson,jackson,1756231509409
1306,Jeremy Ross,WR,WR,,False,Inactive,14500,25312,7654,,14787,,,,,,,,15,9,California,jeremyross,ross,
13063,Darius Lassiter,WR,WR,,True,Active,,,18954,,,,,,,,,,,1,BYU,dariuslassiter,lassiter,1756250720634
13064,Dorian Singer,WR,WR,,True,Active,,,18955,,,,,,,,,,,1,Utah,doriansinger,singer,1756503628936
13065,Ben Wooldridge,QB,QB,,True,Active,,,18872,,,,,,,,,,,1,Louisiana,benwooldridge,wooldridge,1755938437493
13066,Ben Sauls,K,K,NYG,True,Active,,,18744,,26107,,,,,,K,1,30,1,Pittsburgh,bensauls,sauls,1767749416021
1307,Dan Herron,RB,RB,,False,Inactive,15041,25901,8074,7634,14788,,,,,,,,47,8,Ohio State,danherron,herron,
13074,Isaiah Neyor,WR,WR,GB,True,Active,,,18458,,26097,,,,,,SWR,8,80,1,Nebraska,isaiahneyor,neyor,1768339218793
13075,Myles Price,WR,WR,MIN,True,Active,,,19095,,26430,,Questionable,Ankle,,,SWR,9,4,1,Indiana,mylesprice,price,1767387640227
13079,Jahdae Walker,WR,WR,CHI,True,Active,,,18938,,26476,,,,,,LWR,6,20,1,Texas A&M,jahdaewalker,walker,1770250551298
1308,Jamize Olawale,RB,RB,,True,Inactive,15653,26535,8497,,14789,00-0029492,,,,,,,49,10,North Texas,jamizeolawale,olawale,1615436704534
13080,Deion Hankins,RB,RB,CHI,True,Inactive,,,19010,,26550,,IR,Knee,,,RB,5,35,1,Texas State,deionhankins,hankins,1755734416740
13085,Kole Taylor,TE,TE,,True,Active,,,18936,,,,,,,,,,,0,West Virginia,koletaylor,taylor,1753995041393
13088,Quali Conley,RB,RB,,True,Active,,,19052,,,,,,,,,,,1,Arizona,qualiconley,conley,1756165806562
13100,Eli Wilson,TE,TE,,True,Active,,,18939,,,,,,,,,,,0,Appalachian State,eliwilson,wilson,1747083611550
13101,Gage Larvadain,WR,WR,CLE,True,Active,,,18941,,26422,,,,,,LWR,5,84,1,South Carolina,gagelarvadain,larvadain,1767794419288
13108,Julian Fleming,WR,WR,,True,Active,,,,,,,,,,,,,,0,Penn State,julianfleming,fleming,
13110,Zach Horton,TE,TE,DET,True,Active,,,19037,,26526,,,,,,TE,6,40,1,Indiana,zachhorton,horton,1767735315314
13113,Dante Wright,WR,WR,,True,Inactive,,,,,,,,,,,,,,0,Temple,dantewright,wright,
13116,Tre Watson,TE,TE,KC,True,Active,,,,,26484,,,,,,TE,,49,1,Texas A&M,trewatson,watson,1756230309328
13117,Qualan Jones,RB,RB,,True,Inactive,,,,,,,,,,,,,,0,Stephen F. Austin,qualanjones,jones,
13119,Collin Schlee,QB,QB,,True,Active,,,,,,,,,,,,,,0,Virginia Tech,collinschlee,schlee,
1312,Josh Bellamy,WR,WR,,True,Active,15555,26108,8369,7841,14795,00-0029319,,,,,,,0,10,Louisville,joshbellamy,bellamy,1599772819021
13120,Jacoby Jones,WR,WR,WAS,True,Active,,,19094,,26620,,,,,,SWR,11,84,1,UCF,jacobyjones,jones,1767662408847
13121,Ben Yurosek,TE,TE,MIN,True,Active,,,18536,,26274,,,,,,TE,5,85,1,Georgia,benyurosek,yurosek,1765998951849
13122,Carter Runyon,TE,TE,LV,True,Active,,,18863,,26276,,,,,,TE,4,46,1,Towson,carterrunyon,runyon,1763566251155
13124,Jeremiah Webb,WR,WR,NE,True,Active,,,18890,,26443,,,,,,,,29,1,South Alabama,jeremiahwebb,webb,1768266025930
13125,Micah Bernard,RB,RB,,True,Active,,,18459,,,,,,,,,,,1,Utah,micahbernard,bernard,1755937838082
13128,Rushawn Baker,RB,RB,,True,Active,,,19085,,26501,,,,,,,,,1,Elon,rushawnbaker,baker,1764368139641
13129,Jermaine Terry,TE,TE,,True,Active,,,18881,,,,Questionable,Undisclosed,,,,,,1,Oregon State,jermaineterry,terry,1756945261856
1313,Michael Preston,WR,WR,,False,Inactive,14610,25144,,,14806,,,,,,,,14,3,Heidelberg - OH,michaelpreston,preston,
13136,Redd Douglas,WR,WR,,True,Active,,,,,,,,,,,,,,0,Findlay,redddouglas,douglas,
13139,Taylor Morin,WR,WR,,True,Active,,,18962,,,,,,,,,,,1,Wake Forest,taylormorin,morin,1756233608746
1314,Brad Smelley,RB,RB,,False,Inactive,15055,25957,,,14807,,,,,,,,47,1,Alabama,bradsmelley,smelley,
13143,Dymere Miller,WR,WR,,True,Active,,,18909,,,,,,,,,,,1,Rutgers,dymeremiller,miller,1756080650274
13145,ShunDerrick Powell,RB,RB,KC,True,Active,,,18963,,25940,,,,,,RB,,,1,Central Arkansas,shunderrickpowell,powell,1767740114610
13149,Caden Davis,K,K,,True,Active,,,18510,,,,,,,,,,,1,Ole Miss,cadendavis,davis,1755733216835
13150,Darius Cooper,WR,WR,PHI,True,Active,,,18958,,25307,,,,,,LWR,8,80,1,Tarleton State,dariuscooper,cooper,1768272313366
13151,Nick Kallerup,TE,TE,SEA,True,Active,,,18968,,26275,,,,,,TE,4,89,1,Minnesota,nickkallerup,kallerup,1767197424526
13152,Justin Lockhart,WR,WR,,True,Active,,,18985,,,,Questionable,Undisclosed,,,,,,0,San Jose State,justinlockhart,lockhart,1747353039121
13153,Giles Jackson,WR,WR,,True,Active,,,18984,,,,,,,,,,,1,Washington,gilesjackson,jackson,1755732016559
13154,Marcus Major,RB,RB,,True,Active,,,18901,,,,,,,,,,,1,Minnesota,marcusmajor,major,1755124854842
13158,Sam Pitz,TE,TE,,True,Active,,,18902,,,,,,,,,,,0,Minnesota Duluth,sampitz,pitz,1754211305000
1316,Emil Igwenagu,RB,RB,,False,Inactive,15600,26002,8601,,14811,,,,,,,,44,2,Massachusetts,emiligwenagu,igwenagu,
13160,Reggie Brown,TE,TE,,True,Active,,,,,,,,,,,,,,0,Tulane,reggiebrown,brown,
13161,Zakhari Franklin,WR,WR,,True,Active,,,17006,,,,,,,,,,,0,Illinois,zakharifranklin,franklin,1753226421926
13162,Maximilian Mang,TE,TE,,True,Active,,,,,26560,,,,,,,,49,1,Syracuse,maximilianmang,mang,
13166,Kisean Johnson,WR,WR,,True,Active,,,19135,,26547,,,,,,,,6,1,Western Kentucky,kiseanjohnson,johnson,1767736214271
1317,Brandon Barden,TE,TE,,False,Inactive,15195,26013,,,14812,,,,,,,,85,2,Vanderbilt,brandonbarden,barden,
13173,Jimmy Holiday,WR,WR,KC,True,Active,,,19007,,26657,,,,,,SWR,,82,1,Louisiana Tech,jimmyholiday,holiday,1767665109116
13175,Kinkead Dent,QB,QB,,True,Inactive,,,,,,,,,,,,,,0,Tennessee-Martin,kinkeaddent,dent,
13179,Ja'seem Reed,WR,WR,CAR,True,Active,,,19049,,26664,,,,,,SWR,,86,1,San Diego,jaseemreed,reed,1769060743863
13189,Luke Floriea,WR,WR,CLE,True,Active,,,19111,,26672,,,,,,SWR,,81,1,Kent State,lukefloriea,floriea,1767685510848
13190,Taylor Elgersma,QB,QB,,True,Active,,,19133,,,,,,,,,,,1,Wilfrid Laurier (CAN),taylorelgersma,elgersma,1756231509453
13191,TJ Sheffield,WR,WR,,True,Active,,,19136,,,,,,,,,,,1,UConn,tjsheffield,sheffield,1756159805411
13193,Ketron Jackson,WR,WR,,True,Active,,,19114,,,,,,,,,,,1,Baylor,ketronjackson,jackson,1756174206697
13194,Key'Shawn Smith,WR,WR,,True,Active,,,19115,,,,,,,,,,,1,SMU,keyshawnsmith,smith,1756269022641
13199,Montorie Foster,WR,WR,SEA,True,Active,,,19119,,25985,,,,,,,,87,1,Michigan State,montoriefoster,foster,1767128120639
13202,Dalevon Campbell,WR,WR,LAC,True,Active,,,19125,,26683,,,,,,SWR,,81,1,South Carolina,dalevoncampbell,campbell,1768357259024
13205,Luke Deal,TE,TE,,True,Active,,,19132,,,,Questionable,Undisclosed,,,,,,0,Auburn,lukedeal,deal,1753796421725
13208,Kyrese Rowan,WR,WR,,True,Active,,,19140,,26688,,,,,,,,80,1,Utah State,kyreserowan,rowan,1765319753443
1321,Mike Brown,WR,WR,,False,Inactive,15448,26335,15687,,14817,,,,,,,,12,3,Liberty,mikebrown,brown,1629554738949
13210,Drake Dabney,TE,TE,GB,True,Active,,,19137,,25002,,,,,,TE,,49,1,TCU,drakedabney,dabney,1769062544331
13211,John Hoyland,K,K,,True,Active,,,19008,,,,,,,,,,,0,Wyoming,johnhoyland,hoyland,1754212505140
13212,Cade McDonald,WR,WR,,True,Active,,,19117,,26684,,Questionable,Head,,,,,,1,Miami (OH),cademcdonald,mcdonald,1761088819324
13213,Lucas Scott,RB,RB,BAL,True,Active,,,19141,,26691,,,,,,RB,,47,1,Army,lucasscott,scott,1767668409286
13217,Hunter Dekkers,QB,QB,,True,Active,,,18809,,26255,,,,,,QB,5,18,1,Iowa Western,hunterdekkers,dekkers,1767230727180
1322,Saalim Hakim,WR,WR,,False,Inactive,15397,26066,8356,,14819,,,,,,,,26,8,Palomar JC,saalimhakim,hakim,
13221,Brett Gabbert,QB,QB,,True,Active,,,19192,,,,,,,,,,,0,Miami (OH),brettgabbert,gabbert,1754250907948
13222,Montana Lemonious-Craig,WR,WR,,True,Active,,,19194,,,,Questionable,Lower Body,,,,,,0,Arizona,montanalemoniouscraig,lemoniouscraig,1754248507441
13225,Sam Brown,WR,WR,,True,Active,,,,,,,,,,,,,,1,Miami (FL),sambrown,brown,
13227,Mitch Van Vooren,WR,WR,,True,Active,,,19196,,,,,,,,,,,1,St. Norbert,mitchvanvooren,vanvooren,1756067448957
13228,Ife Adeyi,WR,WR,,True,Active,,,18469,,,,,,,,,,,1,Sam Houston,ifeadeyi,adeyi,1756223707719
1323,Sean McGrath,TE,TE,,False,Inactive,15515,25992,8606,,14820,00-0029391,,,,,,,85,8,Henderson State,seanmcgrath,mcgrath,1535990457928
13237,Mark McNamee,K,K,,True,Active,,,19205,,26711,,,,,,,,,1,,markmcnamee,mcnamee,1760475032425
13238,Winston Wright,WR,WR,,True,Active,,,18464,,,,,,,,,,,2,East Carolina,winstonwright,wright,1755073550752
1324,Edwin Baker,RB,RB,,False,Inactive,14892,25960,,,14821,,,,,,,,27,1,Michigan State,edwinbaker,baker,
13240,Toa Taua,RB,RB,,True,Active,,,17490,,,,,,,,,,35,2,Nevada,toataua,taua,1755802823061
13242,Lawrance Toafili,RB,RB,,True,Active,,,19207,,26715,,,,,,,,,1,Florida State,lawrancetoafili,toafili,1759539042598
13246,Jaden Smith,WR,WR,,True,Active,,,19211,,25921,,IR,Undisclosed,,,RWR,9,,1,Nevada,jadensmith,smith,1756321826701
13249,Thomas Gordon,TE,TE,DET,True,Active,,,19216,,26721,,,,,,TE,,6,1,Northwestern,thomasgordon,gordon,1769732109617
13250,Nay'Quan Wright,RB,RB,,True,Active,,,19217,,,,,,,,,,,1,South Florida,nayquanwright,wright,1756250420602
13251,Gunnar Oakes,TE,TE,,True,Active,,,18422,,,,,,,,,,41,2,Eastern Michigan,gunnaroakes,oakes,1756254621462
13255,Shane Watts,RB,RB,,True,Active,,,19220,,,,,,,,,,,1,Fort Hays State,shanewatts,watts,1755937837966
13256,Roderick Daniels,WR,WR,,True,Active,,,19221,,,,,,,,,,,1,SMU,roderickdaniels,daniels,1756142103539
13258,Phil Lutz,WR,WR,,True,Active,,,19222,,,,,,,,,,,1,Delaware,phillutz,lutz,1755885031139
13261,Layne Pryor,TE,TE,HOU,True,Active,,,19228,,26772,,,,,,,,47,1,Northern Iowa,laynepryor,pryor,1769037059168
13264,Dohnte Meyers,WR,WR,CIN,True,Active,,,19247,,26873,,,,,,,,,3,Delta State,dohntemeyers,meyers,1767903052049
13268,Elijah Sarratt,WR,WR,,True,Active,,,,,,,,,,,,,,0,,elijahsarratt,sarratt,
13269,Fernando Mendoza,QB,QB,,True,Active,,,,,,,,,,,,,,0,,fernandomendoza,mendoza,
13270,CJ Daniels,WR,WR,,True,Active,,,,,,,,,,,,,,0,,cjdaniels,daniels,
13271,Mark Fletcher,RB,RB,,True,Active,,,,,,,,,,,,,,0,,markfletcher,fletcher,
13272,Carson Beck,QB,QB,,True,Active,,,,,,,,,,,,,,0,,carsonbeck,beck,
13273,Josh Cuevas,TE,TE,,True,Active,,,,,,,,,,,,,,0,,joshcuevas,cuevas,
13274,Germie Bernard,WR,WR,,True,Active,,,,,,,,,,,,,,0,,germiebernard,bernard,
13275,Ty Simpson,QB,QB,,True,Active,,,,,,,,,,,,,,0,,tysimpson,simpson,
13276,Omar Cooper,WR,WR,,True,Active,,,,,,,,,,,,,,0,,omarcooper,cooper,
13277,CJ Donaldson,RB,RB,,True,Active,,,,,,,,,,,,,,0,,cjdonaldson,donaldson,
13278,Max Klare,TE,TE,,True,Active,,,,,,,,,,,,,,0,,maxklare,klare,
13279,Carnell Tate,WR,WR,,True,Active,,,,,,,,,,,,,,0,,carnelltate,tate,
13280,Chamon Metayer,TE,TE,,True,Active,,,,,,,,,,,,,,0,,chamonmetayer,metayer,
13281,Jordyn Tyson,WR,WR,,True,Active,,,,,,,,,,,,,,0,,jordyntyson,tyson,
13282,Jack Endries,TE,TE,,True,Active,,,,,,,,,,,,,,0,,jackendries,endries,
13283,Hollywood Smothers,RB,RB,,True,Active,,,,,,,,,,,,,,0,,hollywoodsmothers,smothers,
13284,Dylan Devezin,RB,RB,,True,Active,,,,,,,,,,,,,,0,,dylandevezin,devezin,
13285,Malachi Fields,WR,WR,,True,Active,,,,,,,,,,,,,,0,,malachifields,fields,
13286,Jadarian Price,RB,RB,,True,Active,,,,,,,,,,,,,,0,,jadarianprice,price,
13287,Jeremiyah Love,RB,RB,,True,Active,,,,,,,,,,,,,,0,,jeremiyahlove,love,
13288,Nicholas Singleton,RB,RB,,True,Active,,,,,,,,,,,,,,0,,nicholassingleton,singleton,
13289,Drew Allar,QB,QB,,True,Active,,,,,,,,,,,,,,0,,drewallar,allar,
1329,Chris Hogan,WR,WR,,True,Injured Reserve,14402,25178,8469,6902,14828,00-0028237,,,,,,,0,11,Monmouth,chrishogan,hogan,1635029137349
13290,Jalen Moss,WR,WR,,True,Active,,,,,,,,,,,,,,0,,jalenmoss,moss,
13291,Kejon Owens,RB,RB,,True,Active,,,,,,,,,,,,,,0,,kejonowens,owens,
13292,Lake McRee,TE,TE,,True,Active,,,,,,,,,,,,,,0,,lakemcree,mcree,
13293,Ja'Kobi Lane,WR,WR,,True,Active,,,,,,,,,,,,,,0,,jakobilane,lane,
13294,Makai Lemon,WR,WR,,True,Active,,,,,,,,,,,,,,0,,makailemon,lemon,
13295,Behren Morton,QB,QB,,True,Active,,,,,,,,,,,,,,0,,behrenmorton,morton,
13296,Caleb Douglas,WR,WR,,True,Active,,,,,,,,,,,,,,0,,calebdouglas,douglas,
13297,Reggie Virgil,WR,WR,,True,Active,,,,,,,,,,,,,,0,,reggievirgil,virgil,
13298,KC Concepcion,WR,WR,,True,Active,,,,,,,,,,,,,,0,,kcconcepcion,concepcion,
13299,Nate Boerkircher,TE,TE,,True,Active,,,,,,,,,,,,,,0,,nateboerkircher,boerkircher,
133,Greg Jones,RB,RB,,False,Inactive,,,,,3725,,,,,,,,45,10,Florida State,gregjones,jones,
1330,Junior Hemingway,WR,WR,,False,Inactive,15029,25948,,,14836,,,,,,,,88,3,Michigan,juniorhemingway,hemingway,
13300,Le'Veon Moss,RB,RB,,True,Active,,,,,,,,,,,,,,0,,leveonmoss,moss,
13301,Antonio Williams,WR,WR,,True,Active,,,,,,,,,,,,,,0,,antoniowilliams,williams,
13302,Adam Randall,RB,RB,,True,Active,,,,,,,,,,,,,,0,,adamrandall,randall,
13303,Cade Klubnik,QB,QB,,True,Active,,,,,,,,,,,,,,0,,cadeklubnik,klubnik,
13304,O'Mega Blake,WR,WR,,True,Active,,,,,,,,,,,,,,0,,omegablake,blake,
13305,Mike Washington,RB,RB,,True,Active,,,,,,,,,,,,,,0,,mikewashington,washington,
13306,Taylen Green,QB,QB,,True,Active,,,,,,,,,,,,,,0,,taylengreen,green,
13307,Marlin Klein,TE,TE,,True,Active,,,,,,,,,,,,,,0,,marlinklein,klein,
13308,Bauer Sharp,TE,TE,,True,Active,,,,,,,,,,,,,,0,,bauersharp,sharp,
13309,Aaron Anderson,WR,WR,,True,Active,,,,,,,,,,,,,,0,,aaronanderson,anderson,
13310,Miller Moss,QB,QB,,True,Active,,,,,,,,,,,,,,0,,millermoss,moss,
13311,Chris Bell,WR,WR,,True,Active,,,,,,,,,,,,,,0,,chrisbell,bell,
13312,Josh Kattus,TE,TE,,True,Active,,,,,,,,,,,,,,0,,joshkattus,kattus,
13313,Emmanuel Henderson,WR,WR,,True,Active,,,,,,,,,,,,,,0,,emmanuelhenderson,henderson,
13314,Luke Altmyer,QB,QB,,True,Active,,,,,,,,,,,,,,0,,lukealtmyer,altmyer,
13315,Dean Connors,RB,RB,,True,Active,,,,,,,,,,,,,,0,,deanconnors,connors,
13316,Eric Rivers,WR,WR,,True,Active,,,,,,,,,,,,,,0,,ericrivers,rivers,
13317,Ted Hurst,WR,WR,,True,Active,,,,,,,,,,,,,,0,,tedhurst,hurst,
13318,Noah Thomas,WR,WR,,True,Active,,,,,,,,,,,,,,0,,noahthomas,thomas,
13319,Oscar Delp,TE,TE,,True,Active,,,,,,,,,,,,,,0,,oscardelp,delp,
1332,Ifeanyi Momah,WR,WR,,False,Inactive,15775,26614,8836,,14847,,,,,,,,0,9,Boston College,ifeanyimomah,momah,1520886001587
13320,Zachariah Branch,WR,WR,,True,Active,,,,,,,,,,,,,,0,,zachariahbranch,branch,
13321,Dan Villari,TE,TE,,True,Active,,,,,,,,,,,,,,0,,danvillari,villari,
13322,Sam Roush,TE,TE,,True,Active,,,,,,,,,,,,,,0,,samroush,roush,
13323,Rahsul Faison,RB,RB,,True,Active,,,,,,,,,,,,,,0,,rahsulfaison,faison,
13324,Matthew Hibner,TE,TE,,True,Active,,,,,,,,,,,,,,0,,matthewhibner,hibner,
13325,Jordan Hudson,WR,WR,,True,Active,,,,,,,,,,,,,,0,,jordanhudson,hudson,
13326,DT Sheffield,WR,WR,,True,Active,,,,,,,,,,,,,,0,,dtsheffield,sheffield,
13327,Desmond Reid,RB,RB,,True,Active,,,,,,,,,,,,,,0,,desmondreid,reid,
13328,Anthony Hankerson,RB,RB,,True,Active,,,,,,,,,,,,,,0,,anthonyhankerson,hankerson,
13329,Malik Benson,WR,WR,,True,Active,,,,,,,,,,,,,,0,,malikbenson,benson,
1333,Russell Shepard,WR,WR,,True,Active,16227,27055,9019,7459,14850,00-0030147,,,,,,,0,9,LSU,russellshepard,shepard,1580850605663
13330,Kenyon Sadiq,TE,TE,,True,Active,,,,,,,,,,,,,,0,,kenyonsadiq,sadiq,
13331,Dae'Quan Wright,TE,TE,,True,Active,,,,,,,,,,,,,,0,,daequanwright,wright,
13332,Trinidad Chambliss,QB,QB,,True,Active,,,,,,,,,,,,,,0,,trinidadchambliss,chambliss,
13333,Deion Burks,WR,WR,,True,Active,,,,,,,,,,,,,,0,,deionburks,burks,
13334,C.J. Charleston,WR,WR,,True,Active,,,,,,,,,,,,,,0,,cjcharleston,charleston,
13335,Cole Payton,QB,QB,,True,Active,,,,,,,,,,,,,,0,,colepayton,payton,
13336,Dane Key,WR,WR,,True,Active,,,,,,,,,,,,,,0,,danekey,key,
13337,Emmett Johnson,RB,RB,,True,Active,,,,,,,,,,,,,,0,,emmettjohnson,johnson,
13338,Kevin Coleman,WR,WR,,True,Active,,,,,,,,,,,,,,0,,kevincoleman,coleman,
13339,Davon Booth,RB,RB,,True,Active,,,,,,,,,,,,,,0,,davonbooth,booth,
13342,John Michael Gyllenborg,TE,TE,,True,Active,,,,,,,,,,,,,,0,,johnmichaelgyllenborg,gyllenborg,
13343,Vinny Anthony,WR,WR,,True,Active,,,,,,,,,,,,,,0,,vinnyanthony,anthony,
13344,Preston Fox,WR,WR,,True,Active,,,,,,,,,,,,,,0,,prestonfox,fox,
13345,Jonah Coleman,RB,RB,,True,Active,,,,,,,,,,,,,,0,,jonahcoleman,coleman,
13346,Denzel Boston,WR,WR,,True,Active,,,,,,,,,,,,,,0,,denzelboston,boston,
13347,Demond Claiborne,RB,RB,,True,Active,,,,,,,,,,,,,,0,,demondclaiborne,claiborne,
13348,J'Mari Taylor,RB,RB,,True,Active,,,,,,,,,,,,,,0,,jmaritaylor,taylor,
13349,Eli Stowers,TE,TE,,True,Active,,,,,,,,,,,,,,0,,elistowers,stowers,
13350,Joe Fagnano,QB,QB,,True,Active,,,,,,,,,,,,,,0,,joefagnano,fagnano,
13351,Junior Vandeross,WR,WR,,True,Active,,,,,,,,,,,,,,0,,juniorvandeross,vandeross,
13352,Lincoln Pare,RB,RB,,True,Active,,,,,,,,,,,,,,0,,lincolnpare,pare,
13353,Chris Brazzell,WR,WR,,True,Active,,,,,,,,,,,,,,0,,chrisbrazzell,brazzell,
13354,Eric McAlister,WR,WR,,True,Active,,,,,,,,,,,,,,0,,ericmcalister,mcalister,
13355,DJ Rogers,TE,TE,,True,Active,,,,,,,,,,,,,,0,,djrogers,rogers,
13356,Trebor Pena,WR,WR,,True,Active,,,,,,,,,,,,,,0,,treborpena,pena,
13357,Lance Mason,TE,TE,,True,Active,,,,,,,,,,,,,,0,,lancemason,mason,
1336,Matthew Tucker,RB,RB,,False,Inactive,16236,27057,8933,,14853,,,,,,,,36,2,TCU,matthewtucker,tucker,
1338,Matt Barkley,QB,QB,,True,Active,15948,26721,8004,7421,14855,00-0030533,,,,,,,19,11,USC,mattbarkley,barkley,1703628021049
13380,Brenen Thompson,WR,WR,,True,Active,,,,,,,,,,,,,,0,,brenenthompson,thompson,
1339,Zach Ertz,TE,TE,WAS,True,Inactive,15835,26658,8781,8409,14856,00-0030061,IR,Knee,,,TE,1,86,13,Stanford,zachertz,ertz,1765386960530
13392,Jeff Caldwell,WR,WR,,True,Active,,,,,,,,,,,,,,0,,jeffcaldwell,caldwell,
13394,Josh Cameron,WR,WR,,True,Active,,,,,,,,,,,,,,0,,joshcameron,cameron,
13400,Justin Joly,TE,TE,,True,Active,,,,,,,,,,,,,,0,,justinjoly,joly,
13401,Michael Trigg,TE,TE,,True,Active,,,,,,,,,,,,,,0,,michaeltrigg,trigg,
13402,Skyler Bell,WR,WR,,True,Active,,,,,,,,,,,,,,0,,skylerbell,bell,
13403,Jam Miller,RB,RB,,True,Active,,,,,,,,,,,,,,0,,jammiller,miller,
13404,Garrett Nussmeier,QB,QB,,True,Active,,,,,,,,,,,,,,0,,garrettnussmeier,nussmeier,
13405,Kaytron Allen,RB,RB,,True,Active,,,,,,,,,,,,,,0,,kaytronallen,allen,
1346,Marquise Goodwin,WR,WR,,True,Active,15839,26701,8807,8461,14865,00-0030068,,,,,,,3,11,Texas,marquisegoodwin,goodwin,1707058547663
1347,Chris Gragg,TE,TE,,False,Inactive,15940,26845,8788,,14866,,,,,,,,87,7,Arkansas,chrisgragg,gragg,
1348,Dustin Hopkins,K,K,,True,Active,15965,26800,8896,8581,14867,00-0030098,,,,,,,7,12,Florida State,dustinhopkins,hopkins,1756238110574
1349,E.J. Manuel,QB,QB,,False,Inactive,15803,26639,8749,8331,14868,00-0030526,,,,,,,3,7,Florida State,ejmanuel,manuel,1557834923932
1352,Robert Woods,WR,WR,,True,Active,15880,26664,8628,8407,14871,00-0030431,,,,,,,16,12,USC,robertwoods,woods,1756863604374
1353,Mike Gillislee,RB,RB,,False,Inactive,15952,26787,8760,8396,14872,00-0030433,,,,,,,0,9,Florida,mikegillislee,gillislee,1564761913994
1357,Dion Sims,TE,TE,,False,Injured Reserve,15974,26729,8784,8532,14876,00-0030422,,,,,,,0,9,Michigan State,dionsims,sims,1588639242392
1358,Caleb Sturgis,K,K,,False,Inactive,15918,26789,8898,8573,14877,00-0030390,,,,,,,6,9,Florida,calebsturgis,sturgis,1541442625440
1362,Josh Boyce,WR,WR,,False,Inactive,15998,26725,8811,8529,14883,00-0030474,,,,,,,82,9,Texas Christian,joshboyce,boyce,
1365,Aaron Dobson,WR,WR,,False,Injured Reserve,15834,26682,8795,8479,14886,,,,,,,,83,7,Marshall,aarondobson,dobson,
1369,Tommy Bohanon,RB,RB,,False,Inactive,15973,26838,8987,,14891,00-0030112,,,,,,,48,9,Wake Forest,tommybohanon,bohanon,1608080451561
1373,Geno Smith,QB,QB,LV,True,Active,15864,26662,8743,8326,14895,00-0030565,Questionable,Ankle,,Sprain,QB,1,7,13,West Virginia,genosmith,smith,1767394240938
1379,Kyle Juszczyk,RB,RB,SF,True,Active,16002,26753,8930,8548,14901,00-0029892,,,,,RB,4,44,13,Harvard,kylejuszczyk,juszczyk,1767322234280
138,Ben Roethlisberger,QB,QB,PIT,True,Active,5536,6770,3764,1181,3807,00-0022924,,,,,,,7,18,Miami (OH),benroethlisberger,roethlisberger,1643296817250
1386,Giovani Bernard,RB,RB,,True,Active,15826,26660,8622,8389,14916,00-0030456,,,,,,,25,10,North Carolina,giovanibernard,bernard,1682710817762
1387,Rex Burkhead,RB,RB,,True,Active,15971,26813,8765,8466,14917,00-0030288,,,,,,,28,10,Nebraska,rexburkhead,burkhead,1707181202163
1388,Tyler Eifert,TE,TE,,True,Inactive,15788,26644,8782,8408,14918,00-0030549,,,,,,,88,9,Notre Dame,tylereifert,eifert,1614048614834
1390,Cobi Hamilton,WR,WR,,False,Inactive,15983,26820,8799,8597,14920,00-0030290,,,,,,,1,9,Arkansas,cobihamilton,hamilton,1534785320902
1397,Brandon Bogotay,K,K,,False,Inactive,15776,,,,14929,,,,,,,,2,1,Georgia,brandonbogotay,bogotay,
14,Sidney Rice,WR,WR,,False,Inactive,,,,,459,,,,,,,,18,7,South Carolina,sidneyrice,rice,
1406,Reggie Dunn,WR,WR,,False,Inactive,16059,26905,,,14954,,,,,,,,17,1,Utah,reggiedunn,dunn,
1408,Le'Veon Bell,RB,RB,TB,True,Active,15825,26671,8617,8390,14967,00-0030496,,,,,,,6,9,Michigan State,leveonbell,bell,1707165960874
1409,Justin Brown,WR,WR,,False,Inactive,16011,,,,14968,,,,,,,,15,2,Oklahoma,justinbrown,brown,
1411,Landry Jones,QB,QB,,False,Inactive,15904,26738,8748,7446,14971,00-0030524,,,,,,,0,9,Oklahoma,landryjones,jones,1565908512157
1413,Markus Wheaton,WR,WR,,False,Inactive,15873,26702,8796,8406,14973,00-0030460,,,,,,,80,9,Oregon State,markuswheaton,wheaton,1536771604267
1418,Justin Hunter,WR,WR,,False,Inactive,15845,26657,8618,8415,14978,00-0030521,,,,,,,11,9,Tennessee,justinhunter,hunter,1566590435427
142,Tony Romo,QB,QB,,False,Inactive,5209,6624,3153,2730,3867,00-0021678,,,,,,,9,17,Eastern Illinois,tonyromo,romo,
1424,Alan Bonner,WR,WR,,False,Inactive,16003,26818,,,14984,,,,,,,,16,3,Jacksonville State - AL,alanbonner,bonner,
1425,Ryan Griffin,TE,TE,,True,Active,15887,26824,8911,8600,14985,00-0030108,,,,,,,84,10,UConn,ryangriffin,griffin,1673227860505
1426,DeAndre Hopkins,WR,WR,BAL,True,Active,15795,26650,8619,8404,14986,00-0030564,,,,,LWR,3,10,13,Clemson,deandrehopkins,hopkins,1769921128077
143,John Carlson,TE,TE,,False,Inactive,11272,,,,3878,,,,,,,,89,7,Notre Dame,johncarlson,carlson,
1432,Jeremy Kelley,WR,WR,,False,Inactive,15758,26605,,,14994,,,,,,,,84,1,Maine,jeremykelley,kelley,
1433,Brandon McManus,K,K,GB,True,Active,16339,27120,9948,8912,14996,00-0029822,,,,,K,1,17,13,Temple,brandonmcmanus,mcmanus,1767918054005
1436,Justice Cunningham,TE,TE,,False,Inactive,15991,26877,8919,,15005,,,,,,,,48,7,South Carolina,justicecunningham,cunningham,
144,Matt Flynn,QB,QB,,False,Inactive,11443,8986,5658,,3895,,,,,,,,3,12,Louisiana State,mattflynn,flynn,
1441,Kerwynn Williams,RB,RB,,False,Inactive,16024,26853,8766,8486,15010,00-0030117,,,,,,,30,7,Utah State,kerwynnwilliams,williams,1567218057899
1449,Denard Robinson,RB,RB,,False,Inactive,15951,26758,8803,8457,15018,,,,,,,,16,7,Michigan,denardrobinson,robinson,
145,Rashard Mendenhall,RB,RB,,False,Inactive,,,,,3931,,,,,,,,28,6,Illinois,rashardmendenhall,mendenhall,
1450,Ace Sanders,WR,WR,,False,Inactive,16022,,,,15019,,,,,,,,18,3,South Carolina,acesanders,sanders,
1451,C.J. Anderson,RB,RB,,True,Active,16040,26878,8931,8694,15020,00-0029854,,,,,,,26,9,California,cjanderson,anderson,1600451741317
1454,Montee Ball,RB,RB,,False,Inactive,15823,26681,,7407,15036,,,,,,,,31,3,Wisconsin,monteeball,ball,
1455,Zac Dysert,QB,QB,,False,Inactive,15935,26857,8747,,15037,,,,,,,,3,9,"Miami, O.",zacdysert,dysert,1521126601199
1456,Tavarres King,WR,WR,,False,Inactive,15911,26784,8801,,15038,00-0030091,,,,,,,12,9,Georgia,tavarresking,king,1539134703555
1463,Knile Davis,RB,RB,,False,Inactive,15832,26719,8600,8467,15045,00-0030280,,,,,,,43,7,Arkansas,kniledavis,davis,1534082702244
1466,Travis Kelce,TE,TE,KC,True,Active,15847,26686,8783,8411,15048,00-0030506,,,,,TE,1,87,13,Cincinnati,traviskelce,kelce,1770087951553
1468,Brian Leonhardt,TE,TE,,False,Inactive,16265,27065,9902,,15056,,,,,,,,87,7,Bemidji State,brianleonhardt,leonhardt,
147,DeSean Jackson,WR,WR,,True,Active,11283,8826,5581,4659,3943,00-0026189,,,,,,,15,14,California,deseanjackson,jackson,1701277256442
1471,Brice Butler,WR,WR,,False,Inactive,15896,26832,8912,8608,15066,00-0030516,,,,,,,17,9,San Diego State,bricebutler,butler,1565373354875
1473,Nick Kasa,TE,TE,,False,Inactive,15962,,8908,,15068,,,,,,,,84,2,Colorado,nickkasa,kasa,
1476,Latavius Murray,RB,RB,,True,Active,15920,26804,8772,8585,15071,00-0030513,,,,,,,28,11,UCF,lataviusmurray,murray,1753988440500
1477,Mychal Rivera,TE,TE,,False,Inactive,15923,26807,8791,8587,15072,,,,,,,,81,7,Tennessee,mychalrivera,rivera,1519161001153
1479,Keenan Allen,WR,WR,LAC,True,Active,15818,26699,8627,8379,15076,00-0030279,,,,,RWR,2,13,13,California,keenanallen,allen,1768195532370
148,Andre Caldwell,WR,WR,,False,Inactive,11331,8874,5682,,3989,,,,,,,,17,12,Florida,andrecaldwell,caldwell,
1481,Brad Sorensen,QB,QB,,False,Inactive,16015,26844,8752,,15078,,,,,,,,4,7,Southern Utah,bradsorensen,sorensen,
1485,Gavin Escobar,TE,TE,,False,Inactive,15836,26670,8787,8410,15082,00-0030544,,,,,,,0,9,San Diego State,gavinescobar,escobar,1536651019567
1487,Joseph Randle,RB,RB,,False,Inactive,16013,26774,,8395,15085,,,,,,,,21,7,Oklahoma State,josephrandle,randle,
1490,Terrance Williams,WR,WR,,False,Inactive,15878,26697,8794,8401,15088,00-0030542,,,,,,,83,9,Baylor,terrancewilliams,williams,1568151057144
1491,Michael Cox,RB,RB,,False,Inactive,15929,,,,15089,,,,,,,,29,2,Massachusetts,michaelcox,cox,
1495,Ryan Nassib,QB,QB,,False,Inactive,15891,26733,8746,8370,15093,,,,,,,,4,7,Syracuse,ryannassib,nassib,1507393800830
1500,Jordan Reed,TE,TE,,True,Injured Reserve,15860,26708,8615,8412,15100,00-0030472,,,,,,,0,9,Florida,jordanreed,reed,1618933203460
1502,Chris Thompson,RB,RB,,True,Active,15966,26777,8773,8563,15102,00-0030404,,,,,,,0,9,Florida State,christhompson,thompson,1636011655304
1503,Michael Ford,RB,RB,,False,Inactive,16135,26937,,,15103,,,,,,,,32,2,LSU,michaelford,ford,
1505,Josh Lenz,WR,WR,,False,Inactive,16147,26940,9012,,15106,,,,,,,,19,1,Iowa State,joshlenz,lenz,
151,Lavelle Hawkins,WR,WR,,False,Inactive,,,,,4075,,,,,,,,15,7,California,lavellehawkins,hawkins,
1512,Marquess Wilson,WR,WR,,False,Inactive,16023,26859,8813,8629,15118,,,,,,,,10,7,Washington State,marquesswilson,wilson,1532464501365
1514,Corey Fuller,WR,WR,,False,Injured Reserve,16014,26794,8809,,15123,,,,,,,,11,7,Virginia Tech,coreyfuller,fuller,1510012201200
1517,Theo Riddick,RB,RB,,True,Injured Reserve,15994,26822,8763,8485,15126,00-0030107,,,,,,,0,9,Notre Dame,theoriddick,riddick,1627678204988
1520,Michael Williams,TE,TE,,False,Inactive,15910,26834,8863,,15129,,,,,,,,85,7,Alabama,michaelwilliams,williams,
1524,Kevin Dorsey,WR,WR,,False,Inactive,15907,,,,15134,,,,,,,,6,2,Maryland,kevindorsey,dorsey,
1527,Eddie Lacy,RB,RB,,False,Inactive,15848,26684,8620,8382,15138,00-0030485,,,,,,,27,7,Alabama,eddielacy,lacy,1518986101024
1530,Charles Johnson,WR,WR,,False,Injured Reserve,15885,26839,8913,8615,15141,00-0030113,,,,,,,84,7,Grand Valley State,charlesjohnson,johnson,1567894204895
1535,Cordarrelle Patterson,RB,RB,,True,Active,15807,26652,8792,8327,15150,00-0030578,,,,,,,84,12,Tennessee,cordarrellepatterson,patterson,1753826424768
154,Tarvaris Jackson,QB,QB,,False,Inactive,9650,7813,4835,,4097,,,,,,,,7,14,Alabama State,tarvarisjackson,jackson,
1544,Sean Renfree,QB,QB,,False,Inactive,15894,26872,8917,8478,15182,,,,,,,,13,7,Duke,seanrenfree,renfree,
1546,Kenjon Barner,RB,RB,,True,Inactive,15921,26805,8762,8456,15185,00-0030465,,,,,,,38,9,Oregon,kenjonbarner,barner,1670975421639
155,Jerricho Cotchery,WR,WR,,False,Inactive,5633,6867,3850,,4104,,,,,,,,82,16,North Carolina State,jerrichocotchery,cotchery,
1550,Ryan Griffin,QB,QB,,True,Active,16140,26949,8923,8507,15190,00-0029857,,,,,,,4,10,Tulane,ryangriffin,griffin,1711038060009
1551,Austin Johnson,RB,RB,,False,Inactive,15765,26601,9899,,15191,00-0029729,,,,,,,46,7,Tennessee,austinjohnson,johnson,1514841902093
1555,Kenny Stills,WR,WR,,True,Active,16016,26767,8800,8482,15196,00-0030085,,,,,,,12,9,Oklahoma,kennystills,stills,1642371643797
1559,Mike Glennon,QB,QB,,True,Active,15837,26696,8745,8374,15201,00-0030520,,,,,,,16,10,North Carolina State,mikeglennon,glennon,1673325011837
1560,Mike James,RB,RB,,False,Inactive,15968,26812,8909,,15202,,,,,,,,39,7,Miami,mikejames,james,
1564,Benny Cunningham,RB,RB,,False,Inactive,16055,27167,9062,8953,15207,00-0029795,,,,,,,29,9,Middle Tennessee,bennycunningham,cunningham,1568736911644
1567,Tavon Austin,WR,WR,,True,Active,15786,26631,8793,8402,15215,00-0030525,,,,,,,86,9,West Virginia,tavonaustin,austin,1723594805033
1568,Stedman Bailey,WR,WR,,False,Inactive,15822,26715,8616,8380,15216,,,,,,,,12,7,West Virginia,stedmanbailey,bailey,1520532601158
157,Vince Young,QB,QB,,False,Inactive,,,,,4124,,,,,,,,13,7,Texas,vinceyoung,young,
1573,Zac Stacy,RB,RB,,False,Inactive,15996,26783,8770,8400,15221,,,,,,,,30,7,Vanderbilt,zacstacy,stacy,
1575,Andre Ellington,RB,RB,,False,Inactive,15893,26810,8757,8388,15224,00-0030287,,,,,,,32,7,Clemson,andreellington,ellington,1567369537188
1579,Stepfan Taylor,RB,RB,,False,Inactive,15981,26763,8759,,15230,,,,,,,,30,7,Stanford,stepfantaylor,taylor,
1584,B.J. Daniels,QB,QB|WR,,False,Inactive,15899,26860,8916,,15235,,,,,,,,35,7,South Florida,bjdaniels,daniels,1507579322343
1587,Vance McDonald,TE,TE,,True,Injured Reserve,15853,26678,8785,8413,15239,00-0030470,,,,,,,0,9,Rice,vancemcdonald,mcdonald,1611334209698
1589,Quinton Patton,WR,WR,,False,Injured Reserve,16026,26751,8797,8403,15241,,,,,,,,11,7,Louisiana Tech,quintonpatton,patton,
1592,Darren Fells,TE,TE,TB,True,Active,15773,26612,9758,8472,15247,00-0029738,,,,,,,88,9,California-Irvine,darrenfells,fells,1641878430945
1595,Chris Harper,WR,WR,,False,Inactive,,,,,15254,,,,,,,,14,1,Kansas State,chrisharper,harper,
1596,Christine Michael,RB,RB,,False,Inactive,15855,26685,8758,8469,15256,00-0030432,,,,,,,38,9,Texas A&M,christinemichael,michael,1537835703205
16,Ray Rice,RB,RB,,False,Inactive,,,,,547,,,,,,,,27,6,Rutgers,rayrice,rice,
1601,Spencer Ware,RB,RB,,True,Inactive,16020,26817,8625,8594,15261,00-0030414,,,,,,,39,9,Louisiana State,spencerware,ware,1608683445050
1603,Luke Willson,TE,TE,,True,Injured Reserve,16121,26781,8907,8567,15263,00-0030089,,,,,,,0,9,Rice,lukewillson,willson,1629924305166
1604,Nick Williams,WR,WR,DEN,True,Active,16345,27201,17647,,15268,00-0029848,,,,,,,0,10,UConn,nickwilliams,williams,1693172141154
1605,Emory Blake,WR,WR,,False,Inactive,16300,27195,,,15270,,,,,,,,16,1,Auburn,emoryblake,blake,
1609,Chris Pantale,TE,TE,,False,Inactive,16210,26991,8947,,15281,,,,,,,,86,9,Boston College,chrispantale,pantale,
1610,Ryan Spadola,WR,WR,,False,Inactive,16230,26995,8935,,15285,,,,,,,,18,9,Lehigh,ryanspadola,spadola,
1611,Jordan Campbell,RB,RB,,False,Inactive,16317,27162,,,15288,,,,,,,,38,1,New Mexico Highlands,jordancampbell,campbell,
1612,Tyler Bray,QB,QB,,True,Inactive,16252,27170,8621,,15293,00-0030151,,,,,,,0,9,Tennessee,tylerbray,bray,1642034107147
1614,Frankie Hammond,WR,WR,,False,Inactive,16260,27173,9897,,15296,,,,,,,,14,7,Florida,frankiehammond,hammond,
1618,Rico Richardson,WR,WR,,False,Inactive,16273,27181,9201,,15303,,,,,,,,3,7,Jackson State,ricorichardson,richardson,
1619,Demetrius Harris,TE,TE,,True,Active,16318,27174,9847,8683,15305,00-0030155,,,,,,,84,9,Milwaukee,demetriusharris,harris,1642115712088
1624,Michael Hill,RB,RB,,False,Inactive,16074,26925,,,15314,,,,,,,,22,2,Missouri Western,michaelhill,hill,
1627,Skye Dawson,WR,WR,,False,Inactive,,,,,15328,,,,,,,,0,12,TCU,skyedawson,dawson,
1628,Joseph Fauria,TE,TE,,False,Inactive,16330,27187,,,15336,,,,,,,,81,7,UCLA,josephfauria,fauria,
1631,Rodney Smith,WR,WR,,False,Inactive,16373,27143,14435,,15350,,,,,,,,86,7,Florida State,rodneysmith,smith,1587878752665
1635,Timothy Wright,TE,TE,,False,Inactive,16285,27050,9136,,15367,00-0029910,,,,,,,81,7,Rutgers,timothywright,wright,1523420401117
1636,MarQueis Gray,TE,TE,,False,Inactive,16323,27213,8980,,15371,00-0029878,,,,,,,48,7,Minnesota,marqueisgray,gray,1599676507506
1642,Levine Toilolo,TE,TE,NYG,True,Inactive,15980,26756,8789,,15378,00-0030443,Questionable,Achilles,,,,,85,9,Stanford,levinetoilolo,toilolo,1628556643817
1644,Jeff Tuel,QB,QB,,False,Inactive,16237,27019,,,15381,,,,,,,,9,2,Washington State,jefftuel,tuel,
165,Brandon Bostick,TE,TE,,False,Inactive,15688,26538,9102,,4276,,,,,,,,0,10,Newberry,brandonbostick,bostick,
1650,Cameron Marshall,RB,RB,,False,Inactive,16370,27250,8847,,15394,,,,,,,,38,1,Arizona State,cameronmarshall,marshall,
1652,Terrell Sinkfield,WR,WR,,True,Active,16414,27254,10853,,15398,00-0029981,,,,,SWR,3,24,9,Northern Iowa,terrellsinkfield,sinkfield,1536720002155
1654,Zach Sudfeld,TE,TE,,False,Inactive,16418,27234,8790,,15416,,,,,,,,44,3,Nevada,zachsudfeld,sudfeld,
1655,Kenbrell Thompkins,WR,WR,,False,Inactive,16381,27235,8982,,15417,,,,,,,,84,7,Cincinnati,kenbrellthompkins,thompkins,1527003001467
166,Josh Cribbs,WR,WR,,False,Injured Reserve,,7448,,,4291,,,,,,,,0,17,Kent State,joshcribbs,cribbs,
1664,Ryan Otten,TE,TE,,False,Inactive,,,,,15446,,,,,,,,82,1,San Jose State,ryanotten,otten,
1665,Tobais Palmer,WR,WR,,False,Inactive,16447,26972,9026,,15447,,,,,,,,8,1,North Carolina State,tobaispalmer,palmer,
167,Tom Brady,QB,QB,,True,Active,2330,5228,1350,1163,4314,00-0019596,,,,,,,12,23,Michigan,tombrady,brady,1736815542351
1671,Kendall Gaskins,RB,RB,,False,Inactive,16066,27002,9028,8807,15467,,,,,,,,30,7,Richmond,kendallgaskins,gaskins,
1673,Da'Rick Rogers,WR,WR,,False,Inactive,,,,,15470,,,,,,,,16,2,Tennessee Tech,darickrogers,rogers,
1675,Marlon Brown,WR,WR,,False,Injured Reserve,16581,27422,8936,,15479,00-0030400,,,,,,,81,7,Georgia,marlonbrown,brown,1539882634050
1678,Uzoma Nwachukwu,WR,WR,,True,Active,16502,27319,8854,,15491,,,,,,,,16,9,Texas A&M,uzomanwachukwu,nwachukwu,
168,Nick Novak,K,K,,False,Inactive,9329,7505,4661,3504,4354,00-0023096,,,,,,,9,15,Maryland,nicknovak,novak,1519417801596
1681,George Winn,RB,RB,,False,Inactive,16488,27312,8771,,15497,,,,,,,,37,7,Cincinnati,georgewinn,winn,1524594601699
1682,Cierre Wood,RB,RB,,False,Inactive,16496,27313,8629,,15498,,,,,,,,41,7,Notre Dame,cierrewood,wood,
1684,Jaron Brown,WR,WR,,True,Active,16172,27074,9046,8869,15509,00-0030300,,,,,,,18,9,Clemson,jaronbrown,brown,1602620149319
1689,Adam Thielen,WR,WR,,True,Active,16460,27277,8986,9054,15534,00-0030035,,,,,,,16,13,Minnesota State,adamthielen,thielen,1768415702261
169,Steve Smith,WR,WR,,False,Inactive,2622,5521,2263,2386,4358,,,,,,,,89,19,Utah,stevesmith,smith,
1691,Chuck Jacobs,WR,WR,,False,Inactive,16462,27284,9060,,15550,,,,,,,,85,2,Utah State,chuckjacobs,jacobs,
1693,Zach Line,RB,RB,,True,Injured Reserve,16366,27135,8846,,15555,00-0029931,,,,,,,0,9,Southern Methodist,zachline,line,1578535848085
1696,Brandon Williams,TE,TE,,True,Active,16313,27103,9216,8895,15561,,,,,,,,28,6,Texas A&amp;M,brandonwilliams,williams,1513966201091
1698,Jonas Gray,RB,RB,,False,Inactive,15364,26273,8079,7695,15565,,,,,,,,34,8,Notre Dame,jonasgray,gray,
1699,Brian Tyms,WR,WR,,False,Inactive,15252,26266,8612,,15566,,,,,,,,81,4,Florida A&M,briantyms,tyms,
17,Matt Prater,K,K,BUF,True,Active,11122,8565,5051,4502,549,00-0023853,,,,,K,2,15,20,UCF,mattprater,prater,1768510806675
1701,Eric Rogers,WR,WR,,True,Active,,27338,8929,9105,15581,,,,,,,,3,9,California Lutheran,ericrogers,rogers,
1704,Chase Reynolds,RB,RB,,False,Inactive,14820,25650,7948,,15596,,,,,,,,34,9,Montana,chasereynolds,reynolds,
1706,Jack Doyle,TE,TE,IND,True,Active,16504,27299,9081,9075,15602,00-0030181,,,,,,,84,9,Western Kentucky,jackdoyle,doyle,1646685355679
1709,Fozzy Whittaker,RB,RB,,False,Inactive,15755,26596,8083,8318,15616,00-0029731,,,,,,,43,7,Texas,fozzywhittaker,whittaker,1558657211946
171,Zach Miller,TE,TE,,False,Inactive,10482,,,,4484,,,,,,,,86,8,Arizona State,zachmiller,miller,
1715,Cooper Helfet,TE,TE,,False,Inactive,15670,26518,9709,,15630,,,,,,,,83,8,Duke,cooperhelfet,helfet,
1716,Derrick Coleman,RB,RB,,False,Inactive,15351,26299,8247,,15631,00-0029068,,,,,,,32,10,UCLA,derrickcoleman,coleman,1526067001449
1718,Derek Carrier,TE,TE,,True,Active,15403,26416,9203,7527,15640,00-0029119,,,,,,,85,10,Beloit,derekcarrier,carrier,1642207524730
1720,Khiry Robinson,RB,RB,,False,Inactive,16530,27378,9059,9145,15645,,,,,,,,33,7,West Texas A&M,khiryrobinson,robinson,
1724,Rashad Ross,WR,WR,,False,Inactive,16566,27305,9759,9080,15659, 00-0030187,,,,,,,19,7,Arizona State,rashadross,ross,1567260905522
1726,Eric Kettani,RB,RB,,False,Inactive,13062,25303,,,15661,,,,,,,,43,2,Navy,erickettani,kettani,
173,Andy Tanner,WR,WR,,False,Inactive,13872,,,,4511,,,,,,,,14,2,Midwestern State - TX,andytanner,tanner,
1737,Case Keenum,QB,QB,CHI,True,Active,15168,26483,8065,7696,15694,00-0028986,,,,,QB,3,11,14,Houston,casekeenum,keenum,1768776328095
1738,Matt Blanchard,QB,QB,,False,Inactive,15645,26463,8384,,15695,,,,,,,,2,2,Wisconsin - Whitewater,mattblanchard,blanchard,
1739,Chase Ford,TE,TE,,False,Inactive,15647,26000,8941,,15697,,,,,,,,48,8,Miami,chaseford,ford,
1741,Jordan Gay,K,K,,False,Inactive,16591,27425,9836,,15710,,,,,,,,3,7,Centre,jordangay,gay,
1742,Brenton Bersin,WR,WR,,False,Inactive,15547,26096,8417,,15714,,,,,,,,11,8,Wofford,brentonbersin,bersin,1515552601850
1743,Brittan Golden,WR,WR,,False,Injured Reserve,15564,25970,8260,,15725, 00-0029336,,,,,,,83,8,West Texas A&M,brittangolden,golden,1571696715255
1747,Matthew McGloin,QB,QB,,False,Inactive,16593,27429,8991,9194,15746,00-0030419,,,,,,,5,7,Penn State,matthewmcgloin,mcgloin,1535920815597
1749,Jake Stoneburner,TE,TE,,False,Inactive,16493,27359,9185,,15757,,,,,,,,49,7,Ohio State,jakestoneburner,stoneburner,
175,Jordy Nelson,WR,WR,,False,Injured Reserve,11270,8813,5691,4731,4556,00-0026176,,,,,,,0,14,Kansas State,jordynelson,nelson,1554315648501
1750,Giorgio Tavecchio,K,K,,False,Inactive,15245,26264,8835,,15758,00-0028907,,,,,,,4,10,California,giorgiotavecchio,tavecchio,1606264559074
1751,Toben Opurum,RB,RB,,False,Inactive,16598,27431,8994,,15765,,,,,,,,45,7,Kansas,tobenopurum,opurum,
1755,Keavon Milton,TE,TE,,False,Inactive,16095,26955,9084,,15772,,,,,,,,0,9,Louisiana-Monroe,keavonmilton,milton,
1758,Kashif Moore,WR,WR,,False,Inactive,15180,26245,8512,,15779,,,,,,,,89,1,Connecticut,kashifmoore,moore,
1759,Larry Donnell,TE,TE,,False,Inactive,15707,25703,9114,7512,15782,,,,,,,,84,8,Grambling,larrydonnell,donnell,
176,Gary Barnidge,TE,TE,,False,Inactive,11364,8907,5783,4894,4577,00-0026281,,,,,,,82,12,Louisville,garybarnidge,barnidge,1519346401303
1760,Jamie Childers,TE,TE,,False,Inactive,,,10715,,15790,,,,,,,,40,1,Coastal Carolina,jamiechilders,childers,
1763,Greg Orton,WR,WR,,False,Inactive,12589,,,,15813,,,,,,,,16,1,Purdue,gregorton,orton,
1765,Myles White,WR,WR,,False,Inactive,16569,27361,9187,,15816,,,,,,,,16,7,Louisiana Tech,myleswhite,white,
1766,Jonathan Amosa,RB,RB,,False,Inactive,16509,27394,11640,,15818,,,,,,,,44,0,Washington,jonathanamosa,amosa,
1769,Jeff Adams,RB,RB,,False,Inactive,15368,26058,9959,,15822,,,,,,,,63,8,Columbia,jeffadams,adams,
177,Wes Welker,WR,WR,,False,Inactive,5941,7027,4248,2964,4631,,,,,,,,19,16,Texas Tech,weswelker,welker,
1771,M Harris,WR,WR,,False,Inactive,14688,25493,9882,,15834,,,,,,,,18,1,Murray State,mharris,harris,
1772,J Talley,WR,WR,,False,Inactive,15518,26403,,,15836,,,,,,,,89,1,Massachusetts,jtalley,talley,
1777,Josh Hill,TE,TE,,True,Injured Reserve,16143,26950,9071,8764,15866,00-0030216,,,,,,,0,9,Idaho State,joshhill,hill,1620406254929
178,Matt Schaub,QB,QB,,True,Injured Reserve,5615,6849,3793,16,4633,00-0022787,,,,,,,0,18,Virginia,mattschaub,schaub,1609813846649
1786,Lance Lewis,WR,WR,,False,Inactive,15741,26282,,,15922,,,,,,,,18,1,East Carolina,lancelewis,lewis,
1787,Phillip Supernaw,TE,TE,,False,Inactive,15257,26497,8300,,15937,,,,,,,,89,8,Ouachita Baptist,phillipsupernaw,supernaw,1533677750268
179,Reggie Bush,RB,RB,,False,Inactive,9588,7751,4749,3600,4640,,,,,,,,22,14,Southern California,reggiebush,bush,1513533603936
1790,Blake Annen,TE,TE,,False,Inactive,16964,27786,9725,,15962,,,,,,,,86,8,Cincinnati,blakeannen,annen,
1792,Kadron Boone,WR,WR,,False,Inactive,16970,27788,9497,,15964,,,,,,,,83,1,LSU,kadronboone,boone,
1793,Trey Burton,TE,TE,,True,Inactive,16974,27789,9490,9737,15965,00-0030710,,,,,,,80,8,Florida,treyburton,burton,1632505524632
1794,David Fluellen,RB,RB,,True,Active,16994,27790,9534,,15966,00-0030711,,,,,,,32,8,Toledo,davidfluellen,fluellen,1570223732943
1798,Josh Huff,WR,WR,,False,Inactive,16779,27614,9460,9647,15971,,,,,,,,15,6,Oregon,joshhuff,huff,1534905612144
1800,Jordan Matthews,TE,TE,,True,Active,16763,27570,9273,9420,15974,00-0031299,,,,,,,81,11,Vanderbilt,jordanmatthews,matthews,1747072235199
1801,Quron Pratt,WR,WR,,False,Inactive,17029,27798,,,15976,,,,,,,,10,1,Rutgers,quronpratt,pratt,
1804,Carey Spear,K,K,,False,Inactive,17041,27799,,,15979,,,,,,,,1,1,Vanderbilt,careyspear,spear,
1807,Matt Simms,QB,QB,,False,Inactive,15407,26317,8374,,15982, 00-0029151,,,,,,,9,10,Tennessee,mattsimms,simms,1567624859334
181,Drew Stanton,QB,QB,,True,Active,10487,8297,5251,4179,4737,00-0025430,,,,,,,0,15,Michigan State,drewstanton,stanton,1612840526670
1817,Sammy Watkins,WR,WR,,True,Active,16725,27532,9249,9388,16003,00-0031325,,,,,,,82,9,Clemson,sammywatkins,watkins,1699305031226
1819,Orleans Darkwa,RB,RB,,False,Inactive,17331,28169,9551,10102,16008,,,,,,,,26,6,Tulane,orleansdarkwa,darkwa,1563858342638
182,Mike Tolbert,RB,RB,,False,Inactive,11658,9043,5888,5009,4738,,,,,,,,35,12,Coastal Carolina,miketolbert,tolbert,1515699601475
1821,Matt Hazel,WR,WR,,False,Injured Reserve,16870,27718,9634,,16012,00-0031315,,,,,,,83,6,Coastal Carolina,matthazel,hazel,1536716402786
1825,Jarvis Landry,WR,WR,,True,Inactive,16790,27591,9454,9405,16020,00-0031382,,,,,,,5,9,LSU,jarvislandry,landry,1722603619578
1827,Arthur Lynch,TE,TE,,False,Inactive,16844,27683,9554,,16022,,,,,,,,49,1,Georgia,arthurlynch,lynch,
1833,Damien Williams,RB,RB,,True,Inactive,17359,28115,9644,9570,16031,00-0030874,Questionable,Foot,,,,,29,9,Oklahoma,damienwilliams,williams,1699626644086
1837,Jimmy Garoppolo,QB,QB,LAR,True,Active,16760,27590,9320,9360,16041,00-0031345,,,,,QB,2,11,12,Eastern Illinois,jimmygaroppolo,garoppolo,1768775127952
184,Adrian Peterson,RB,RB,,True,Active,10452,8261,5215,4169,4807,00-0025394,,,,,,,21,15,Oklahoma,adrianpeterson,peterson,1684937110078
1841,Stephen Houston,RB,RB,,True,Active,17174,28004,9713,,16046,,,,,,,,33,8,Indiana,stephenhouston,houston,
1842,Derrick Johnson,WR,WR,,True,Active,17374,28245,,,16047,,,,,,,,0,11,Maine,derrickjohnson,johnson,
1848,James White,RB,RB,,True,Active,16913,27658,9524,9426,16056,00-0031062,,,,,,,28,8,Wisconsin,jameswhite,white,1660234223244
1849,Jace Amaro,TE,TE,,False,Inactive,16792,27577,9242,9397,16057,00-0031042,,,,,,,89,8,Texas Tech,jaceamaro,amaro,1536167104404
1850,Tajh Boyd,QB,QB,,False,Inactive,16812,,,,16058,,,,,,,,3,1,Clemson,tajhboyd,boyd,
1854,Quincy Enunwa,WR,WR,,True,Active,16899,27737,9476,9610,16063,00-0031023,,,,,,,81,8,Nebraska,quincyenunwa,enunwa,1596486905590
1855,Shaquelle Evans,WR,WR,,True,Active,16811,27643,9473,,16064,,,,,,,,84,8,UCLA,shaquelleevans,evans,
1862,Jalen Saunders,WR,WR,,False,Inactive,16928,27632,,,16074,,,,,,,,18,2,Oklahoma,jalensaunders,saunders,
1865,Jeremy Butler,WR,WR,,False,Inactive,17122,27976,9736,,16080,00-0030691,,,,,,,17,6,Tennessee-Martin,jeremybutler,butler,
1866,Michael Campanaro,WR,WR,,False,Injured Reserve,16832,27746,9468,9594,16081,00-0031025,,,,,,,10,6,Wake Forest,michaelcampanaro,campanaro,1540351805347
1867,Jace Davis,WR,WR,,False,Inactive,17137,27977,10027,,16082,,,,,,,,16,1,Northern Colorado,jacedavis,davis,
1868,Crockett Gillmore,TE,TE,,False,Inactive,16775,27627,9555,9625,16083,,,,,,,,80,6,Colorado State,crockettgillmore,gillmore,1519240801000
188,Eli Manning,QB,QB,,False,Active,5526,6760,3763,1657,4932,00-0022803,,,,,,,10,16,Mississippi,elimanning,manning,1579739719326
1880,Lorenzo Taliaferro,RB,RB,,False,Inactive,16950,27666,9539,9560,16099,00-0031066,,,,,,,34,6,Coastal Carolina,lorenzotaliaferro,taliaferro,
1883,Keith Wenning,QB,QB,,False,Inactive,16915,27722,9698,,16103,,,,,,,,3,6,Ball State,keithwenning,wenning,
1891,Ryan Hewitt,TE,TE,,False,Inactive,17169,28021,9654,,16111,00-0030780,,,,,,,88,8,Stanford,ryanhewitt,hewitt,1560470707324
1892,Jeremy Hill,RB,RB,,False,Inactive,16803,27583,9350,9409,16112,00-0031301,,,,,,,33,8,Louisiana State,jeremyhill,hill,1684958111526
1894,Colin Lockett,WR,WR,,False,Inactive,17200,28028,,,16115,,,,,,,,13,1,San Diego State,colinlockett,lockett,
1895,AJ McCarron,QB,QB,,True,Active,16810,27692,9319,9290,16116,00-0031288,,,,,,,4,10,Alabama,ajmccarron,mccarron,1707938117372
1897,Nikita Whitlock,RB,RB,,False,Inactive,17288,28030,9846,,16120,,,,,,,,49,6,Wake Forest,nikitawhitlock,whitlock,
1898,James Wright,WR,WR,,False,Inactive,16922,27767,9787,,16122,00-0031291,,,,,,,17,8,Louisiana State,jameswright,wright,1556664331492
1899,Ray Agnew,RB,RB,,False,Inactive,17101,28011,,,16123,,,,,,,,48,1,Southern Illinois,rayagnew,agnew,
19,Joe Flacco,QB,QB,CIN,True,Active,11252,8795,5648,4677,611,00-0026158,,,,,QB,2,16,18,Delaware,joeflacco,flacco,1770251151346
1901,Isaiah Crowell,RB,RB,,False,Inactive,17133,28014,9535,9401,16127,00-0030656,Questionable,,,,,,22,8,Alabama State,isaiahcrowell,crowell,1556919022938
1903,Taylor Gabriel,WR,WR,,True,Injured Reserve,17437,28234,18891,10162,16129,00-0031228,,,,,,,0,8,Abilene Christian,taylorgabriel,gabriel,1745798767013
1906,Jonathan Krause,WR,WR,,False,Inactive,17194,28020,9729,,16134,,,,,,,,17,6,Vanderbilt,jonathankrause,krause,
1907,Johnny Manziel,QB,QB,,False,Inactive,16736,27550,9246,9271,16135,,,,,,,,2,6,Texas A&M,johnnymanziel,manziel,1552834853016
1910,Connor Shaw,QB,QB,,False,Injured Reserve,17247,28024,9325,,16139,,,,,,,,0,8,South Carolina,connorshaw,shaw,1515518401584
1911,Willie Snead,WR,WR,,True,Inactive,17258,28026,9284,9989,16141,00-0030663,,,,,,,82,10,Ball State,williesnead,snead,1753751417759
1912,Terrance West,RB,RB,,False,Inactive,16783,27622,9282,9406,16142,00-0031375,,,,,,,38,6,Towson,terrancewest,west,1534889741464
1914,Dri Archer,RB,RB,,False,Inactive,16755,27625,9474,,16144,,,,,,,,13,6,Kent State,driarcher,archer,
1915,Rob Blanchflower,TE,TE,,False,Inactive,16855,27758,9558,,16145,,,,,,,,87,1,Massachusetts,robblanchflower,blanchflower,
1916,Martavis Bryant,WR,WR,,True,Active,16886,27646,9456,9416,16146,00-0031373,,,,,,,88,10,Clemson,martavisbryant,bryant,1724801753756
1928,Antonio Andrews,RB,RB,,False,Inactive,17105,27946,9525,9576,16163,,,,,,,,26,6,Western Kentucky,antonioandrews,andrews,
1929,Travis Coons,K,K,,False,Inactive,17130,27958,9816,,16164,00-0031112,,,,,,,5,6,Washington,traviscoons,coons,1513635302857
1935,Zach Mettenberger,QB,QB,,False,Inactive,16814,27706,9217,9379,16175,,,,,,,,18,6,Louisiana State,zachmettenberger,mettenberger,
1937,Bishop Sankey,RB,RB,,False,Inactive,16794,27582,9518,9408,16178,,,,,,,,43,6,Washington,bishopsankey,sankey,1521258601992
1938,Josh Stewart,WR,WR,,False,Inactive,17261,27950,,,16180,,,,,,,,81,2,Oklahoma State,joshstewart,stewart,
1939,Derel Walker,WR,WR,,True,Active,17275,27951,11705,,16181,,,,,,,,87,8,Texas A&M,derelwalker,walker,
194,Reggie Wayne,WR,WR,,False,Inactive,2578,5477,,1496,5002,,,,,,,,87,14,Miami,reggiewayne,wayne,
1943,Lacoltan Bester,WR,WR,,True,Active,,,,,16188,,,,,,,,12,12,Oklahoma,lacoltanbester,bester,
1944,Alfred Blue,RB,RB,,False,Inactive,16921,27709,9360,9685,16189,00-0031075,,,,,,,23,8,Louisiana State,alfredblue,blue,1576621823394
1945,Chris Boswell,K,K,PIT,True,Active,17372,28188,9646,10118,16191,00-0031136,,,,,K,1,9,12,Rice,chrisboswell,boswell,1767747615352
1948,Anthony Denham,TE,TE,,False,Inactive,17392,28192,9498,,16196,00-0031140,,,,,,,49,8,Utah,anthonydenham,denham,1535474409941
195,Courtney Roby,WR,WR,,False,Inactive,,,,,5013,,,,,,,,15,8,Indiana,courtneyroby,roby,
1951,C.J. Fiedorowicz,TE,TE,,False,Inactive,16766,27593,9269,9613,16200,,,,,,,,87,6,Iowa,cjfiedorowicz,fiedorowicz,1521133801329
1953,Travis Labhart,WR,WR,,False,Inactive,17395,28198,,,16204,,,,,,,,19,1,Texas A&M,travislabhart,labhart,
1956,Jay Prosch,RB,RB,,False,Inactive,16875,27739,9774,,16210,00-0031085,,,,,,,45,6,Auburn,jayprosch,prosch,1535746264047
1957,Tom Savage,QB,QB,,False,Inactive,16943,27663,9701,9418,16211,00-0031064,,,,,,,3,8,Pittsburgh,tomsavage,savage,1567290010680
1966,Ryan Lankford,WR,WR,,False,Inactive,17195,28104,,,16227,,,,,,,,85,1,Illinois,ryanlankford,lankford,
1967,Seth Lobato,QB,QB,,False,Inactive,17074,27906,,,16228,,,,,,,,4,1,Northern Colorado,sethlobato,lobato,
1971,Donte Moncrief,WR,WR,,True,Active,16791,27618,9276,9427,16232,00-0031339,Questionable,Undisclosed,,,,,12,8,Mississippi,dontemoncrief,moncrief,1627441801461
1974,Cody Parkey,K,K,,True,Active,17082,27911,9943,9893,16236,00-0030850,,,,,,,0,8,Auburn,codyparkey,parkey,1663115411187
1975,Erik Swoope,TE,TE,,False,Inactive,17091,27914,9808,9792,16238,00-0030854,,,,,,,86,8,Miami,erikswoope,swoope,1598744728153
1976,Zurlon Tipton,RB,RB,,False,Inactive,17094,27916,9543,,16240,,,,,,,,37,6,Central Michigan,zurlontipton,tipton,
1978,Tony Washington,WR,WR,,False,Inactive,17048,27918,10115,,16242,,,,,,,,17,6,Appalachian State,tonywashington,washington,
1979,Blake Bortles,QB,QB,NO,True,Active,16724,27531,9277,9320,16245,00-0031407,,,,,,,6,8,UCF,blakebortles,bortles,1664980259619
198,Kellen Clemens,QB,QB,,False,Inactive,9635,7798,4827,,5054,,,,,,,,10,14,Oregon,kellenclemens,clemens,1515170401219
1983,Damian Copeland,WR,WR,,False,Inactive,17131,27871,,,16250,,,,,,,,3,2,Louisville,damiancopeland,copeland,
1984,Allen Hurns,WR,WR,MIA,True,Active,17177,27874,9485,9867,16253,00-0030821,,,,,,,8,8,Miami (FL),allenhurns,hurns,1648138821772
1985,Marcel Jensen,TE,TE,,False,Inactive,17183,27875,9683,,16254,,,,,,,,83,6,Fresno State,marceljensen,jensen,
1986,Storm Johnson,RB,RB,,False,Inactive,16884,27750,9531,,16255,,,,,,,,0,8,Central Florida,stormjohnson,johnson,
1987,Marqise Lee,WR,WR,,True,Inactive,16787,27567,9453,9402,16258,00-0031431,,,,,,,13,8,Southern California,marqiselee,lee,1636498531560
1990,Stephen Morris,QB,QB,,False,Inactive,17220,27878,9324,9417,16261,,,,,,,,6,6,Miami,stephenmorris,morris,1534445437958
1992,Allen Robinson,WR,WR,,True,Active,16799,27589,9264,9297,16263,00-0031428,,,,,,,8,11,Penn State,allenrobinson,robinson,1737954031691
1996,D.J. Tialavea,TE,TE,,False,Inactive,17269,27881,9635,,16267,,,,,,,,74,6,Utah State,djtialavea,tialavea,
200,Vernon Davis,TE,TE,,True,Injured Reserve,9592,7755,4732,3638,5084,00-0024221,,,,,,,0,16,Maryland,vernondavis,davis,1580678429304
2001,Kapri Bibbs,RB,RB,,False,Inactive,16969,27821,9238,9581,16273,00-0031102,,,,,,,22,8,Colorado State,kapribibbs,bibbs,1573325156096
2002,Isaiah Burse,WR,WR,,False,Inactive,16972,27822,9481,,16274,00-0030671,,,,,,,89,8,Fresno State,isaiahburse,burse,1521222901228
2003,Bennie Fowler,WR,WR,,True,Active,16995,27826,9353,9826,16276,00-0030670,,,,,,,4,8,Michigan State,benniefowler,fowler,1627861216950
2004,Cody Latimer,WR,WR,,True,Inactive,16793,27584,9567,9535,16278,00-0031344,,,,,,,12,8,Indiana,codylatimer,latimer,1598209215126
2007,Bryn Renner,QB,QB,,False,Inactive,17033,27829,9681,,16282,,,,,,,,8,6,North Carolina,brynrenner,renner,
201,Marques Colston,WR,WR,,False,Inactive,9838,8001,4884,4032,5094,,,,,,,,12,14,Hofstra,marquescolston,colston,
2011,Juwan Thompson,RB,RB,,False,Inactive,17045,27832,9837,9831,16287,,,,,,,,40,6,Duke,juwanthompson,thompson,
2019,Aaron Murray,QB,QB,,False,Inactive,17021,27691,9321,9411,16300,,,,,,,,7,6,Georgia,aaronmurray,murray,
2020,Cairo Santos,K,K,CHI,True,Active,17427,28227,9633,10155,16301,00-0031203,,,,,K,1,8,12,Tulane,cairosantos,santos,1767634210046
2023,De'Anthony Thomas,WR,WR,,True,Inactive,16945,27652,9274,,16305,00-0031060,,,,,,,16,8,Oregon,deanthonythomas,thomas,1648441845359
2024,Charcandrick West,RB,RB,,False,Injured Reserve,17284,28044,9891,10006,16307,00-0030668,,,,,,,0,8,Abilene Christian,charcandrickwest,west,1567288806152
2025,Albert Wilson,WR,WR,,True,Active,17051,28046,9491,9572,16308,00-0030669,,,,,,,12,9,Georgia State,albertwilson,wilson,1715474753352
2026,George Atkinson,RB,RB,,False,Inactive,17396,28185,9280,,16309,00-0031158,,,,,,,0,8,Notre Dame,georgeatkinson,atkinson,1535770229952
2028,Derek Carr,QB,QB,,True,Active,16757,27564,9317,9349,16311,00-0031280,NA,Shoulder,,Fracture,,,4,11,Fresno State,derekcarr,carr,1749227442951
203,Jacoby Jones,WR,WR,,False,Inactive,10517,8327,5229,,5100,,,,,,,,13,13,Lane,jacobyjones,jones,
2038,Jake Murphy,TE,TE,,False,Inactive,17393,28213,,,16325,,,,,,,,82,1,Utah,jakemurphy,murphy,
2039,Seth Roberts,WR,WR,,True,Inactive,17402,28214,10112,10142,16326,00-0031166,,,,,,,15,8,West Alabama,sethroberts,roberts,1603764941599
2040,Scott Simonson,TE,TE,,True,Active,17391,28215,10016,,16327,00-0031167,,,,,,,83,8,Assumption,scottsimonson,simonson,1582605935285
2041,Torrence Allen,WR,WR,,False,Inactive,16962,27844,10061,,16333,,,,,,,,83,2,West Texas A&M,torrenceallen,allen,
2044,Brelan Chancellor,WR,WR,,True,Active,,,,,16336,,,,,,,,0,12,North Texas,brelanchancellor,chancellor,
2048,Marion Grice,RB,RB,,False,Inactive,16956,27729,9522,,16341,,,,,,,,41,2,Arizona State,mariongrice,grice,
2049,Javontee Herndon,WR,WR,,False,Inactive,17005,27852,9906,,16343,,,,,,,,15,6,Arkansas,javonteeherndon,herndon,
2050,Branden Oliver,RB,RB,,False,Inactive,17452,28272,9550,10198,16345,00-0031277,,,,,,,40,6,Buffalo,brandenoliver,oliver,1535844652782
2052,Tevin Reese,WR,WR,,False,Inactive,16824,27768,,,16347,,,,,,,,16,1,Baylor,tevinreese,reese,
2058,Chris Boyd,WR,WR,,False,Inactive,,,,,16357,,,,,,,,14,1,Vanderbilt,chrisboyd,boyd,
2060,JC Copeland,RB,RB,,False,Inactive,17326,,,,16360,,,,,,,,48,1,LSU,jccopeland,copeland,
2065,Ben Malena,RB,RB,,False,Inactive,17319,28131,9811,,16367,,,,,,,,33,1,Texas A&M,benmalena,malena,
2073,Keith Smith,RB,RB,,True,Active,17315,28141,9990,,16378,00-0030968,Questionable,Ankle,,,,,40,10,San Jose State,keithsmith,smith,1703370642217
2074,Devin Street,WR,WR,,False,Injured Reserve,16815,27674,9464,9557,16381,,,,,,,,18,6,Pittsburgh,devinstreet,street,
2075,Dustin Vaughan,QB,QB,,False,Inactive,17337,28142,9678,,16382,,,,,,,,2,8,West Texas A&M,dustinvaughan,vaughan,
2076,L'Damian Washington,WR,WR,,False,Inactive,17307,28143,,,16383,,,,,,,,82,1,Missouri,ldamianwashington,washington,
2078,Odell Beckham,WR,WR,,True,Active,16733,27540,9255,9403,16389,00-0031235,,,,,,,3,10,LSU,odellbeckham,beckham,1763539849046
208,Josh McCown,QB,QB,,True,Active,3609,5967,2513,2090,5282,00-0021206,,,,,,,3,20,Sam Houston State,joshmccown,mccown,1643473821775
2082,Xavier Grimble,TE,TE,,True,Active,17348,28184,9283,,16395,00-0031035,,,,,,,85,8,Southern California,xaviergrimble,grimble,1605911703542
2088,Andre Williams,RB,RB,,False,Inactive,16889,27641,9520,9407,16402,,,,,,,,44,6,Boston College,andrewilliams,williams,1521227701488
2090,Ted Bolser,TE,TE,,False,Inactive,16827,,,,16406,,,,,,,,83,1,Indiana,tedbolser,bolser,
2093,Ryan Grant,WR,WR,,True,Active,16845,27670,9462,9666,16411,00-0031068,,,,,,,11,8,Tulane,ryangrant,grant,1612386604735
2094,Zach Hocker,K,K,,False,Inactive,16916,27756,9650,,16412,,,,,,,,1,6,Arkansas,zachhocker,hocker,
2095,Rashad Lawrence,WR,WR,,False,Inactive,17349,28174,10065,,16416,,,,,,,,1,6,Northwestern,rashadlawrence,lawrence,
2100,Silas Redd,RB,RB,,False,Inactive,17352,28176,9532,,16421,,,,,,,,32,3,Southern Cal,silasredd,redd,
2101,Lache Seastrunk,RB,RB,,False,Inactive,16885,27714,9275,,16423,,,,,,,,36,1,Baylor,lacheseastrunk,seastrunk,
2104,Ka'Deem Carey,RB,RB,,False,Injured Reserve,16942,27645,9356,9325,16427,,,,,,,,25,6,Arizona,kadeemcarey,carey,
2106,David Fales,QB,QB,,True,Active,16821,27711,9318,,16430,00-0031076,,,,,,,3,8,San Jose State,davidfales,fales,1603927829429
2114,Senorise Perry,RB,RB,,True,Inactive,17421,28223,9872,,16441,00-0031209,,,,,,,20,8,Louisville,senoriseperry,perry,1605746443749
2118,Eric Ebron,TE,TE,PIT,True,Inactive,16732,27538,9210,9390,16451,00-0031387,,,,,,,85,8,North Carolina,ericebron,ebron,1733342417170
2119,James Franklin,QB,QB,,True,Active,,,,,16452,,,,,,,,0,12,Missouri,jamesfranklin,franklin,
2121,T.J. Jones,WR,WR,,True,Active,16880,27717,9463,9419,16456,00-0031189,,,,,,,80,8,Notre Dame,tjjones,jones,1570493156558
2124,Jacob Maxwell,TE,TE,,False,Inactive,17207,28003,9927,,16460,,,,,,,,87,1,Louisiana-Lafayette,jacobmaxwell,maxwell,
2125,Andrew Peacock,WR,WR,,False,Inactive,17025,28008,,,16462,,,,,,,,1,1,Appalachian State,andrewpeacock,peacock,
2129,Jordan Thompson,TE,TE,,False,Inactive,16705,27527,9926,,16466,,,,,,,,82,1,Ohio University,jordanthompson,thompson,
2132,Jared Abbrederis,WR,WR,,False,Inactive,16836,27704,9458,9574,16469,00-0031021,,,,,,,10,6,Wisconsin,jaredabbrederis,abbrederis,1515368101773
2133,Davante Adams,WR,WR,LAR,True,Active,16800,27581,9455,9273,16470,00-0031381,,,,,LWR,2,17,12,Fresno State,davanteadams,adams,1770062135234
2140,Jeff Janis,WR,WR,,False,Inactive,16960,27764,9466,9719,16480,00-0031001,,,,,,,13,6,Saginaw Valley State,jeffjanis,janis,1535761339739
2142,Rajion Neal,RB,RB,,True,Active,17221,28084,9527,,16485,,,,,,,,43,8,Tennessee,rajionneal,neal,
2144,Justin Perillo,TE,TE,,False,Inactive,17231,28086,10007,,16487,,,,,,,,80,6,Maine,justinperillo,perillo,
2145,Chase Rettig,QB,QB,,False,Inactive,17237,28088,,,16489,,,,,,,,7,1,Boston College,chaserettig,rettig,
2146,Richard Rodgers,TE,TE,,True,Inactive,16786,27626,9559,9547,16491,00-0031384,Questionable,Knee,,,,,82,9,California,richardrodgers,rodgers,1670710845846
215,Jason Snelling,RB,RB,,False,Inactive,,,,,5412,,,,,,,,44,7,Virginia,jasonsnelling,snelling,
2152,Teddy Bridgewater,QB,QB,TB,True,Active,16728,27560,9245,9274,16497,00-0031237,,,,,QB,2,10,12,Louisville,teddybridgewater,bridgewater,1767658507180
2153,Kain Colter,WR,WR,,False,Inactive,17055,27886,9479,,16499,,,,,,,,16,1,Northwestern,kaincolter,colter,
2158,Donte Foster,WR,WR,,False,Inactive,17062,27897,9734,,16504,,,,,,,,85,1,Ohio,dontefoster,foster,
2161,Jerick McKinnon,RB,RB,,True,Active,16782,27624,9529,9651,16510,00-0031376,,,,,,,1,10,Georgia Southern,jerickmckinnon,mckinnon,1722885307143
2165,Dominique Williams,RB,RB,,False,Inactive,17097,27893,9896,,16518,,,,,,,,35,1,Wagner,dominiquewilliams,williams,
2168,Devonta Freeman,RB,RB,,True,Active,16944,27631,9326,9423,16524,00-0031285,,,,,,,33,8,Florida State,devontafreeman,freeman,1642179319366
2171,Freddie Martino,WR,WR,,False,Inactive,17205,28060,9854,,16529,00-0030737,,,,,,,16,8,North Greenville,freddiemartino,martino,1539882660071
2174,Roosevelt Nix,RB,RB,,True,Injured Reserve,17223,28068,9857,,16534,00-0030741,,,,,,,0,8,Kent State,rooseveltnix,nix,1598920830072
2175,Bernard Reedy,WR,WR,,False,Inactive,17032,28071,9733,,16536,00-0030743,,,,,,,18,8,Toledo,bernardreedy,reedy,1539882645715
2177,Jerome Smith,RB,RB,,False,Inactive,17256,28076,,,16541,,,,,,,,34,1,Syracuse,jeromesmith,smith,
218,Jonathan Stewart,RB,RB,,False,Injured Reserve,11247,8790,5578,4650,5451,00-0026153,,,,,,,0,14,Oregon,jonathanstewart,stewart,1556040027511
2182,Kelvin Benjamin,WR,WR|TE,,False,Inactive,16730,27556,9294,9321,16550,00-0031359,,,,,,,0,8,Florida State,kelvinbenjamin,benjamin,1654805486027
2185,Corey Brown,WR,WR,,False,Injured Reserve,17399,27938,9486,9917,16553,00-0031118,,,,,,,5,6,Ohio State,coreybrown,brown,1535064670793
2189,Tyler Gaffney,RB,RB,,False,Inactive,16838,27732,9526,9424,16557,,,,,,,,0,8,Stanford,tylergaffney,gaffney,1628796316897
2191,Marcus Lucas,WR,WR,,True,Active,17382,27941,9475,,16559,00-0031121,,,,,,,80,8,Missouri,marcuslucas,lucas,1567196155795
2193,Darrin Reaves,RB,RB,,False,Inactive,17397,27943,9732,,16561,,,,,,,,24,8,Alabama-Birmingham,darrinreaves,reaves,
2196,Brandon Coleman,WR,WR,,False,Physically Unable to Perform,17127,27921,17861,9412,16567,00-0030801,,,,,,,16,6,Rutgers,brandoncoleman,coleman,1766469309129
2197,Brandin Cooks,WR,WR,BUF,True,Active,16731,27548,9260,9404,16568,00-0031236,,,,,LWR,5,18,12,Oregon State,brandincooks,cooks,1770080131111
2200,Timothy Flanders,RB,RB,,True,Active,17149,27924,,,16571,,,,,,,,,11,Sam Houston State,timothyflanders,flanders,
2202,Je'Ron Hamm,TE,TE,,False,Inactive,17165,27926,9901,,16574,00-0030805,,,,,,,41,8,Louisiana-Monroe,jeronhamm,hamm,1544148015550
2203,Nic Jacobs,TE,TE,,False,Inactive,17181,27927,9639,,16576,,,,,,,,85,6,McNeese State,nicjacobs,jacobs,
2205,Seantavius Jones,WR,WR,,False,Inactive,17191,27928,10020,,16578,00-0030807,,,,,,,16,6,Valdosta State,seantaviusjones,jones,1535323239886
2206,Logan Kilgore,QB,QB,,True,Active,,,,,16579,,,,,,,,0,12,Middle Tennessee,logankilgore,kilgore,
221,Brent Celek,TE,TE,,False,Inactive,10605,8416,5403,4269,5511,00-0025549,,,,,,,87,13,Cincinnati,brentcelek,celek,1564440320341
2214,Cameron Brate,TE,TE,,True,Active,17453,28267,10008,10193,16593,00-0031273,,,,,,,84,9,Harvard,cameronbrate,brate,1679074212655
2216,Mike Evans,WR,WR,TB,True,Active,16737,27535,9253,9296,16597,00-0031408,,,,,LWR,1,13,12,Texas A&M,mikeevans,evans,1767593106922
2217,Robert Herron,WR,WR,,False,Inactive,16903,27713,9457,,16598,,,,,,,,0,2,Wyoming,robertherron,herron,
2219,Patrick Murray,K,K,,False,Inactive,16684,27506,9933,,16603,,,,,,,,0,8,Fordham,patrickmurray,murray,1514877001196
222,Josh Morgan,WR,WR,,False,Inactive,11408,8951,,,5537,,,,,,,,19,8,Virginia Tech,joshmorgan,morgan,
2221,Solomon Patton,WR,WR,,False,Inactive,17228,28043,,,16606,,,,,,,,86,2,Florida,solomonpatton,patton,
2222,Austin Seferian-Jenkins,TE,TE,,False,Inactive,16795,27566,9241,9400,16608,00-0031418,,,,,,,88,8,Washington,austinseferianjenkins,seferianjenkins,1584374115144
2223,Charles Sims,RB,RB,,False,Injured Reserve,16749,27597,9519,9425,16609,00-0031390,,,,,,,34,6,West Virginia,charlessims,sims,1542137427757
2225,Alex Bayer,TE,TE,,False,Inactive,17110,27959,,,16614,,,,,,,,82,2,Bowling Green,alexbayer,bayer,
2229,Garrett Gilbert,QB,QB,,True,Active,16809,27742,9776,9522,16621,00-0031395,,,,,,,19,9,SMU,garrettgilbert,gilbert,1666054837828
223,Larry Fitzgerald,WR,WR,,True,Inactive,5528,6762,3730,1661,5571,00-0022921,,,,,,,11,18,Pittsburgh,larryfitzgerald,fitzgerald,1649276454719
2231,Tre Mason,RB,RB,,False,Inactive,16784,27603,9291,9318,16626,,,,,,,,27,6,Auburn,tremason,mason,1520357401429
2236,Trey Watts,RB,RB,,False,Inactive,17282,27971,9542,,16636,,,,,,,,42,6,Tulsa,treywatts,watts,
2238,John Brown,WR,WR,,True,Active,16804,27619,9684,9649,16640,00-0031051,,,,,,,16,9,Pittsburg State,johnbrown,brown,1673911215174
2242,Chandler Catanzaro,K,K,,False,Injured Reserve,16976,28103,9845,10045,16644,00-0030896,,,,,,,0,8,Clemson,chandlercatanzaro,catanzaro,1608072050655
2245,Troy Niklas,TE,TE,,False,Injured Reserve,16797,27580,9292,9319,16648, 00-0031044,,,,,,,89,6,Notre Dame,troyniklas,niklas,1565135426471
2247,Walter Powell,WR,WR,,False,Inactive,16871,27724,9607,,16651,,,,,,,,19,6,Murray State,walterpowell,powell,1516218601613
2251,Logan Thomas,TE,TE,,True,Active,16813,27648,9323,9354,16656,00-0031260,,,,,,,48,10,Virginia Tech,loganthomas,thomas,1724808659481
2252,Corey Washington,WR,WR,,False,Inactive,17279,28121,9883,10057,16657,,,,,,,,13,8,Newberry,coreywashington,washington,
2254,Asante Cleveland,TE,TE,,False,Inactive,17125,28147,9991,,16663,,,,,,,,45,6,Miami,asantecleveland,cleveland,1521223501847
2255,Bruce Ellington,WR,WR,,False,Inactive,16946,27634,9459,9608,16664,00-0031326,,,,,,,12,8,South Carolina,bruceellington,ellington,1557350729162
2257,Carlos Hyde,RB,RB,,True,Active,16777,27585,9516,9381,16668,00-0031045,,,,,,,24,8,Ohio State,carloshyde,hyde,1647023446331
226,Antwaan Randle El,WR,WR,,False,Inactive,,,,,5672,,,,,,,,82,9,Indiana,antwaanrandleel,randleel,
2262,Trey Millard,RB,RB,,True,Active,16901,27773,9700,,16673,,,,,,,,40,8,Oklahoma,treymillard,millard,
2268,Rashaun Allen,TE,TE,,False,Injured Reserve,17423,28253,9937,,16679,00-0031213,,,,,,,88,6,Southern U.,rashaunallen,allen,
2272,Chase Dixon,TE,TE,,False,Inactive,16988,27802,,,16683,,,,,,,,87,1,Central Arkansas,chasedixon,dixon,
2276,Kevin Norwood,WR,WR,,False,Injured Reserve,16841,27651,9469,9660,16689,,,,,,,,83,6,Alabama,kevinnorwood,norwood,1511397901475
2279,Paul Richardson,WR,WR,,True,Active,16781,27573,9215,9545,16694,00-0031257,,,,,,,10,8,Colorado,paulrichardson,richardson,1599357357141
228,Fred Jackson,RB,RB,,False,Inactive,10195,8063,5065,4506,5701,,,,,,,,22,14,Coe,fredjackson,jackson,1523544001398
2280,Kiero Small,RB,RB,,False,Inactive,16939,27755,,,16696,,,,,,,,37,1,Arkansas,kierosmall,small,
2282,Fitzgerald Toussaint,RB,RB,,False,Inactive,17465,28283,9841,10209,16699,00-0031332,,,,,,,33,6,Michigan,fitzgeraldtoussaint,toussaint,1535991737585
2283,James Wilder,RB,RB,,False,Inactive,17289,28031,9286,,16703,,,,,,,,38,1,Florida State,jameswilder,wilder,
2284,Fred Williams,WR,WR,,False,Inactive,16683,27502,9898,,16712,,,,,,,,83,1,St. Cloud St,fredwilliams,williams,
2286,Andrew Furney,K,K,,False,Inactive,17492,,,,16719,,,,,,,,8,1,Washington State,andrewfurney,furney,
229,Phil Dawson,K,K,,False,Injured Reserve,1440,4269,994,2631,5714,00-0004091,,,,,,,40,24,Texas,phildawson,dawson,1564685119184
2291,Dontrelle Inman,WR,WR,,True,Active,14269,25120,7659,6840,16728,00-0028411,,,,,,,0,11,Virginia,dontrelleinman,inman,1677792034775
2292,Chris Matthews,WR,WR,,False,Injured Reserve,14285,25594,9588,,16731,,,,,,,,13,9,Kentucky,chrismatthews,matthews,1510175701247
2293,Demitrius Bronson,RB,RB,,False,Inactive,17486,28302,,,16732,,,,,,,,30,1,Eastern Washington,demitriusbronson,bronson,
2295,Kevin Smith,WR,WR,,False,Inactive,17257,28118,10167,,16734,,,,,,,,17,6,Washington,kevinsmith,smith,
2297,Glenn Winston,RB,RB,,False,Inactive,2310051,28343,9893,,16740,,,,,,,,28,6,"Northwood, Mich.",glennwinston,winston,
23,Jason Witten,TE,TE,,True,Injured Reserve,4527,6405,3086,1990,722,00-0022127,,,,,,,0,19,Tennessee,jasonwitten,witten,1611786015933
230,Robert Meachem,WR,WR,,False,Inactive,10471,,,,5741,,,,,,,,17,8,Tennessee,robertmeachem,meachem,
2303,Josh Harris,RB,RB,,False,Inactive,2467210,28331,,,16758,,,,,,,,40,1,Wake Forest,joshharris,harris,
2304,Jerome Cunningham,TE,TE,,True,Active,2476373,28348,9920,,16759,00-0031462,,,,,,,83,8,Southern Connecticut State,jeromecunningham,cunningham,1571180450562
2306,Jameis Winston,QB,QB,NYG,True,Active,2969939,28389,10037,9376,16762,00-0031503,,,,,QB,3,19,11,Florida State,jameiswinston,winston,1767759917139
2307,Marcus Mariota,QB,QB,WAS,True,Active,2576980,28390,10074,9385,16763,00-0032268,Questionable,Hand,,,QB,2,8,11,Oregon,marcusmariota,mariota,1767375940625
2309,Amari Cooper,WR,WR,,True,Active,2976499,28392,10055,10310,16765,00-0031544,NA,Undisclosed,,,,,19,10,Alabama,amaricooper,cooper,1757094635853
2312,Kevin White,WR,WR,,True,Active,3042435,28395,10151,10427,16768,00-0031545,,,,,,,17,8,West Virginia,kevinwhite,white,1673922016469
2315,Todd Gurley,RB,RB,,True,Active,2977644,28398,10147,10288,16771,00-0032241,,,,,,,21,7,Georgia,toddgurley,gurley,1630347335122
2319,DeVante Parker,WR,WR,,True,Active,2576623,28402,10152,10415,16775,00-0031547,,,,,,,13,9,Louisville,devanteparker,parker,1716252358496
232,Frank Gore,RB,RB,,True,Active,8479,7241,4400,3205,5820,00-0023500,,,,,,,0,17,Miami (FL),frankgore,gore,1648999831283
2320,Melvin Gordon,RB,RB,,True,Active,2576434,28403,10064,10284,16776,00-0032144,,,,,,,33,9,Wisconsin,melvingordon,gordon,1705709157893
2325,Nelson Agholor,WR,WR,,True,Active,2971618,28408,10132,10360,16781,00-0031549,,,,,,,15,10,USC,nelsonagholor,agholor,1739589920170
233,Matt Moore,QB,QB,,True,Inactive,11128,8544,5432,4535,5834, 00-0025708,,,,,,,8,15,Oregon State,mattmoore,moore,1612840526668
2331,Breshad Perriman,WR,WR,,True,Active,2972460,28414,10069,10357,16787,00-0032054,,,,,,,9,8,UCF,breshadperriman,perriman,1693238149214
2334,Phillip Dorsett,WR,WR,LV,True,Active,2579604,28417,10208,10381,16790,00-0032208,,,,,SWR,5,13,11,Miami (FL),phillipdorsett,dorsett,1767686710776
2341,T.J. Yeldon,RB,RB,,True,Inactive,2976516,28424,10056,10311,16797,00-0032209,,,,,,,22,7,Alabama,tjyeldon,yeldon,1632169510145
2342,Devin Smith,WR,WR,,True,Active,2576395,28425,10209,10423,16798, 00-0031934,,,,,,,0,7,Ohio State,devinsmith,smith,1635884440668
2345,Dorial Green-Beckham,WR,WR,,False,Inactive,2971433,28428,10035,10395,16801,00-0032218,,,,,,,18,5,Missouri,dorialgreenbeckham,greenbeckham,1545423915118
2346,Devin Funchess,TE,TE,,True,Active,2977609,28429,10138,10391,16802,00-0032055,,,,,,,13,7,Michigan,devinfunchess,funchess,1661811012350
2359,Ameer Abdullah,RB,RB,IND,True,Active,2576336,28442,10126,10338,16815,00-0032104,,,,,RB,5,26,11,Nebraska,ameerabdullah,abdullah,1767803755444
2360,Maxx Williams,TE,TE,,True,Active,2970726,28443,10128,10298,16816,00-0031558,,,,,,,87,8,Minnesota,maxxwilliams,williams,1671411039223
2373,Clive Walford,TE,TE,,True,Active,2512593,28456,10127,10471,16829,00-0032256,,,,,,,0,7,Miami (FL),clivewalford,walford,1577557809708
2374,Tyler Lockett,WR,WR,LV,True,Active,2577327,28457,10161,10408,16830,00-0032211,,,,,SWR,1,17,11,Kansas State,tylerlockett,lockett,1767991860280
2375,Jaelen Strong,WR,WR,,False,Inactive,3043263,28458,10023,10287,16831, 00-0031560,,,,,,,10,5,Arizona State,jaelenstrong,strong,1632870948244
2378,Tevin Coleman,RB,RB,,True,Active,2979477,28461,10081,10359,16834,00-0032058,,,,,,,28,8,Indiana,tevincoleman,coleman,1675116903848
2380,Garrett Grayson,QB,QB,,False,Inactive,2575660,28463,10175,10394,16836,00-0032148,,,,,,,9,5,Colorado State,garrettgrayson,grayson,1556838607384
2381,Chris Conley,WR,WR,,True,Active,2578533,28464,10210,10432,16837,00-0032128,,,,,,,18,10,Georgia,chrisconley,conley,1749342052398
2382,Duke Johnson,RB,RB,,True,Active,2969962,28465,10084,10358,16838,00-0032257,,,,,,,22,8,Miami (FL),dukejohnson,johnson,1714942559688
2390,Tyler Kroft,TE,TE,,True,Active,2582410,28473,10247,10490,16846,00-0032214,,,,,,,82,9,Rutgers,tylerkroft,kroft,1705335356680
2391,David Johnson,RB,RB,,True,Active,2508176,28474,10148,10404,16847,00-0032187,,,,,,,28,8,Northern Iowa,davidjohnson,johnson,1716216954705
2392,Sammie Coates,WR,WR,,False,Inactive,2574549,28475,10211,10285,16848,00-0032166,,,,,,,18,7,Auburn,sammiecoates,coates,1557525614790
2394,Sean Mannion,QB,QB,,True,Active,2517017,28477,10176,10409,16850,00-0032245,,,,,,,15,9,Oregon State,seanmannion,mannion,1769727309122
2397,Jeff Heuerman,TE,TE,,True,Active,2576389,28480,10246,10492,16853,00-0032227,,,,,,,82,7,Ohio State,jeffheuerman,heuerman,1596228318298
2399,Ty Montgomery,RB,RB,,True,Active,2577134,28482,10216,10413,16855,00-0032200,,,,,,,14,8,Stanford,tymontgomery,montgomery,1702082713911
24,Matt Ryan,QB,QB,,True,Active,11237,8780,5610,4637,732,00-0026143,,,,,,,2,15,Boston College,mattryan,ryan,1768061404936
240,Calvin Johnson,WR,WR,,False,Inactive,10447,8256,5189,4153,6029,,,,,,,,81,13,Georgia Tech,calvinjohnson,johnson,1515992401827
2400,Matt Jones,RB,RB,,False,Inactive,2980105,28483,10189,10493,16856,00-0031939,,,,,,,38,5,Florida,mattjones,jones,1535764643523
2408,Bryce Petty,QB,QB,,False,Injured Reserve,2466005,28491,10163,10419,16864,00-0031568,,,,,,,14,5,Baylor,brycepetty,petty,1537923302615
241,Spencer Larsen,RB,RB,,False,Inactive,,,,,6047,,,,,,,,46,6,Arizona,spencerlarsen,larsen,
2410,Jamison Crowder,WR,WR,,True,Active,2576716,28493,10224,10373,16866,00-0031941,,,,,,,80,10,Duke,jamisoncrowder,crowder,1738077041448
2411,Jeremy Langford,RB,RB,,False,Inactive,2515416,28494,10186,10473,16867,00-0031569,,,,,,,43,7,Michigan State,jeremylangford,langford,1561583717685
2412,Justin Hardy,WR,WR,,True,Active,2518678,28495,10228,,16868,00-0031570,,,,,,,6,7,East Carolina,justinhardy,hardy,1629220546358
2413,Jalston Fowler,RB,RB,,False,Inactive,2515931,28496,10203,,16869,00-0032130,,,,,,,40,7,Alabama,jalstonfowler,fowler,1542158729564
2422,Blake Bell,TE,TE,,True,Active,2514206,28505,10248,,16878,00-0032062,,,,,,,81,9,Oklahoma,blakebell,bell,1705517161388
2428,Vince Mayle,WR,WR|TE,,False,Injured Reserve,3052066,28511,10213,,16884,00-0032188,,,,,,,83,5,Washington State,vincemayle,mayle,1568240429438
243,Ben Obomanu,WR,WR,,False,Inactive,,,,,6138,,,,,,,,15,7,Auburn,benobomanu,obomanu,
2430,Javorius Allen,RB,RB,,True,Active,2577253,28513,10066,10314,16886,00-0031577,,,,,,,37,7,Southern California,javoriusallen,allen,1578066924398
2431,Mike Davis,RB,RB,,True,Active,3025433,28514,10083,10378,16887,00-0032063,,,,,,,0,7,South Carolina,mikedavis,davis,1708376155833
2436,DeAndre Smelter,WR,WR,,False,Inactive,3055912,28520,10232,10430,16893,00-0032064,,,,,,,15,7,Georgia Tech,deandresmelter,smelter,1534036805001
2441,David Cobb,RB,RB,,False,Inactive,2576303,28526,10149,10369,16898,00-0032133,,,,,,,23,5,Minnesota,davidcobb,cobb,
2442,Rashad Greene,WR,WR,,False,Inactive,2576785,900026,10212,10397,16899,00-0032170,,,,,,,13,7,Florida State,rashadgreene,greene,1546299948133
2446,MyCole Pruitt,TE,TE,,True,Active,2508256,28531,10251,,16903,00-0031585,,,,,,,81,10,Southern Illinois,mycolepruitt,pruitt,1739909412764
2449,Stefon Diggs,WR,WR,NE,True,Active,2976212,28534,10133,10380,16906,00-0031588,,,,,SWR,1,8,11,Maryland,stefondiggs,diggs,1769441405604
245,Thomas Howard,K,K,,False,Inactive,9624,,,,6197,,,,,,,,51,8,Texas-El Paso,thomashoward,howard,
2450,Brett Hundley,QB,QB,,True,Active,2577189,28535,9706,10402,16907,00-0031589,,,,,,,5,8,UCLA,bretthundley,hundley,1673322011554
2452,Jay Ajayi,RB,RB,,True,Injured Reserve,2573300,28537,10082,10361,16909,00-0031590,,,,,,,0,7,Boise State,jayajayi,ajayi,1577139357921
2458,Karlos Williams,RB,RB,,False,Inactive,2576817,28543,10184,10532,16915,,,,,,,,29,5,Florida State,karloswilliams,williams,1550761846675
2459,Tony Lippett,WR,WR,,False,Inactive,2515418,28544,10227,,16916,00-0031594,,,,,,,39,7,Michigan State,tonylippett,lippett,1564530303690
246,Darren Sproles,RB,RB,,True,Injured Reserve,8544,7306,4320,3221,6198,00-0023564,,,,,,,0,17,Kansas State,darrensproles,sproles,1576956354416
2460,C.J. Uzomah,TE,TE,,True,Active,2574576,28545,10462,10534,16917,00-0032134,Questionable,Abdomen,,,,,47,10,Auburn,cjuzomah,uzomah,1739139660554
2462,J.J. Nelson,WR,WR,,True,Active,2515759,28547,10244,10536,16919,00-0032112,,,,,,,15,7,UAB,jjnelson,nelson,1669562144726
2463,Jesse James,TE,TE,,True,Active,2979590,28548,10150,10403,16920,00-0032135,,,,,,,88,8,Penn State,jessejames,james,1700618129922
2465,Kenny Bell,WR,WR,,True,Inactive,2514150,28550,10219,10538,16922,00-0032113,,,,,,,85,7,Nebraska,kennybell,bell,1533697228439
247,Harry Douglas,WR,WR,,False,Inactive,11318,8861,5699,4863,6211,,,,,,,,83,12,Louisville,harrydouglas,douglas,1516122601376
2471,Michael Burton,RB,RB,DEN,True,Inactive,2515270,28556,10468,10544,16928,00-0031595,IR,Hamstring,,,RB,5,20,11,Rutgers,michaelburton,burton,1756260021795
2474,Nick Boyle,TE,TE,,True,Active,2574591,28559,10252,10547,16931,00-0031598,,,,,,,86,8,Delaware,nickboyle,boyle,1673388617497
2476,James O'Shaughnessy,TE,TE,,True,Active,2508079,28561,10249,10549,16933,00-0031951,,,,,,,89,8,Illinois State,jamesoshaughnessy,oshaughnessy,1668456662382
2477,Cameron Artis-Payne,RB,RB,,False,Inactive,3043097,28562,10187,10364,16934,00-0031599,,,,,,,34,7,Auburn,cameronartispayne,artispayne,1567195856172
2478,Keith Mumphery,WR,WR,,False,Inactive,2515420,28563,10472,,16935,,,,,,,,12,5,Michigan State,keithmumphery,mumphery,1559328311964
248,Luke McCown,QB,QB,,False,Injured Reserve,5631,6865,3802,,6276,,,,,,,,0,18,Louisiana Tech,lukemccown,mccown,1524249001349
2485,Kaelin Clay,WR,WR,,False,Inactive,2516957,28572,10241,,16944,00-0032115,,,,,,,15,7,Utah,kaelinclay,clay,1538529303804
2487,Geremy Davis,WR,WR,,True,Active,2513030,28574,10476,,16946,00-0031953,,,,,,,12,7,Connecticut,geremydavis,davis,1599002733604
2488,Evan Spencer,WR,WR,,False,Inactive,2576396,28575,10233,,16947,,,,,,,,85,5,Ohio State,evanspencer,spencer,
2495,Nick O'Leary,TE,TE,,True,Active,2576804,28582,10250,,16954,00-0032117,Questionable,Chest,,Surgery,,,0,7,Florida State,nickoleary,oleary,1592942754230
2496,Malcolm Johnson,RB,RB,,True,Active,2516316,28583,10480,,16955,00-0032068,,,,,,,0,7,Mississippi State,malcolmjohnson,johnson,1579651211961
2499,Randall Telfer,TE,TE,,False,Inactive,2510611,28586,10253,,16958,,,,,,,,86,7,Southern California,randalltelfer,telfer,1535135428100
25,Jerome Felton,RB,RB,,False,Inactive,11369,8912,5784,,733,,,,,,,,42,12,Furman,jeromefelton,felton,
250,Matt Spaeth,TE,TE,,False,Inactive,10521,8331,5304,4206,6293,,,,,,,,89,13,Minnesota,mattspaeth,spaeth,
2502,Bud Sasser,WR,WR,,True,Active,2514129,,,,16961,,,,,,,,81,11,Missouri,budsasser,sasser,
2503,A.J. Derby,TE,TE,,False,Inactive,3046413,28590,10484,10576,16962,00-0031609,,,,,,,81,7,Arkansas,ajderby,derby,1567218357881
2505,Darren Waller,TE,TE,MIA,True,Inactive,2576925,28592,10215,10433,16964,00-0031610,IR,Groin,,,TE,1,83,11,Georgia Tech,darrenwaller,waller,1767377138811
2506,Josh Robinson,RB,RB,,False,Inactive,2577419,28593,,10578,16965,,,,,,,,34,5,Mississippi State,joshrobinson,robinson,
2507,Aaron Ripkowski,RB,RB,,False,Inactive,2577467,28594,10205,,16966,00-0031612,,,,,,,22,5,Oklahoma,aaronripkowski,ripkowski,1556984439751
251,Montell Owens,RB,RB,,False,Inactive,10057,,,,6295,,,,,,,,34,9,Maine,montellowens,owens,
2514,Kennard Backman,TE,TE,,False,Inactive,2582311,28601,10488,,16973,,,,,,,,86,5,Alabama-Birmingham,kennardbackman,backman,
2519,Neal Sterling,TE,TE,,False,Inactive,2513770,28608,10493,,16979,00-0032120,,,,,,,85,7,"Monmouth, N.J.",nealsterling,sterling,1564069543958
2520,Andre Debose,WR,WR,,False,Inactive,2447736,28609,10491,,16980,,,,,,,,9,2,Florida,andredebose,debose,
2528,Ben Koyack,TE,TE,,True,Active,2579846,28617,10254,,16988,00-0032139,,,,,,,83,7,Notre Dame,benkoyack,koyack,1580275801751
2529,Marcus Murphy,RB,RB,,False,Inactive,2514123,28618,10200,10603,16989,00-0031959,,,,,,,22,7,Missouri,marcusmurphy,murphy,1588628431221
253,James Jones,WR,WR,,False,Inactive,10522,8332,5391,4242,6302,,,,,,,,89,13,San Jose State,jamesjones,jones,
2530,Joey Iosefa,RB,RB,,False,Inactive,2517262,28619,10479,,16990,,,,,,,,47,5,Hawaii,joeyiosefa,iosefa,
2532,Da'Ron Brown,WR,WR,,True,Active,2513351,28621,10498,,16992,00-0031960,,,,,,,81,7,Northern Illinois,daronbrown,brown,
2533,Dezmin Lewis,WR,WR,,False,Inactive,2567965,28622,10221,10607,16993,,,,,,,,13,5,Central Arkansas,dezminlewis,lewis,
2534,Kenny Hilliard,RB,RB,,False,Inactive,2577288,28623,10481,,16994,,,,,,,,30,7,Louisiana State,kennyhilliard,hilliard,1520386501508
2537,Mario Alford,WR,WR,,False,Inactive,3052686,28626,10226,,16997,00-0031962,,,,,,,15,5,West Virginia,marioalford,alford,1511814603642
2544,Tre McBride,WR,WR,,False,Inactive,2566041,28633,10214,10474,17004,00-0032123,,,,,,,88,5,William & Mary,tremcbride,mcbride,1567279505039
2545,Geoff Swaim,TE,TE,,True,Active,3046704,28634,10507,10617,17005,00-0032141,Questionable,Concussion,,,,,84,10,Texas,geoffswaim,swaim,1739599220925
2549,Trevor Siemian,QB,QB,,True,Active,2511109,28638,10483,10622,17009,00-0032156,,,,,,,15,11,Northwestern,trevorsiemian,siemian,1756338625024
2553,Rory Anderson,TE,TE,,True,Active,2577661,28642,12382,,17013,00-0032072,,,,,,,88,7,South Carolina,roryanderson,anderson,
2555,Gerald Christian,TE,TE,,False,Inactive,2512192,28644,10256,,17015,,,,,,,,82,7,Louisville,geraldchristian,christian,
2556,Terrence Magee,RB,RB,,False,Inactive,2577283,28953,10195,,17016,00-0031768,,,,,,,41,5,Louisiana State,terrencemagee,magee,1535852108578
2557,Jerry Lovelocke,QB,QB,,True,Active,2527708,,,,17018,,,,,,,,0,10,Prairie View A&M,jerrylovelocke,lovelocke,
2559,E.J. Bibbs,TE,TE,,False,Injured Reserve,3039924,29034,10554,,17021,00-0031968,,,,,,,45,5,Iowa State,ejbibbs,bibbs,1511635202455
256,Rian Lindell,K,K,,False,Inactive,,,,,6410,,,,,,,,4,14,Washington State,rianlindell,lindell,
2560,Zach Zenner,RB,RB,,True,Active,2521161,28887,10188,10429,17023,00-0031665,,,,,,,22,7,South Dakota State,zachzenner,zenner,1576018846783
2561,Anthony Boone,QB,QB,,True,Active,,,,,17024,,,,,,,,3,11,Duke,anthonyboone,boone,
2562,John Crockett,RB,RB,,False,Inactive,2986739,28922,10193,,17026,,,,,,,,43,5,North Dakota State,johncrockett,crockett,1525301701306
2564,Duron Carter,WR,WR,,False,Inactive,2447781,28373,,10241,17028,,,,,,,,9,1,Ohio State,duroncarter,carter,
2565,Jean Sifrin,TE,TE,,True,Active,,,,,17029,,,,,,,,0,1,UMass,jeansifrin,sifrin,
2566,Tyler Varga,RB,RB,,False,Inactive,2969294,28752,10192,,17030,,,,,,,,38,5,Yale,tylervarga,varga,
2567,Bryan Bennett,QB,QB,,True,Active,2516976,28739,,,17031,,,,,,,,0,10,Southeastern Louisiana,bryanbennett,bennett,
2569,Jake Waters,QB,QB,,True,Active,,28853,,,17033,,,,,,,,0,10,Kansas State,jakewaters,waters,
2570,Donatella Luckett,WR,WR,,True,Active,3165703,29097,,,17034,,,,,,,,0,10,Harding,donatellaluckett,luckett,
2571,Jeff Luc,TE,TE,,False,Inactive,2512509,28912,10376,,17036,,,,,,,,0,1,Cincinnati,jeffluc,luc,
2573,DaVaris Daniels,WR,WR,,True,Active,2579839,28836,,,17038,,,,,,,,0,10,Notre Dame,davarisdaniels,daniels,
2576,Cody Fajardo,QB,QB,,True,Active,2512115,28961,,,17041,,,,,,,,0,10,Nevada,codyfajardo,fajardo,
2577,Devante Davis,WR,WR,,True,Active,2575955,,,,17042,,,,,,,,0,10,UNLV,devantedavis,davis,
2578,John Harris,WR,WR,,True,Active,2514269,28652,,,17043,,,,,,,,18,10,Texas,johnharris,harris,
258,Ronnie Brown,RB,RB,,False,Inactive,8417,,17268,,6458,,,,,,,,30,9,Auburn,ronniebrown,brown,1693237247850
2580,Titus Davis,WR,WR,,True,Active,2574420,28678,10218,,17045,,,,,,,,2,7,Central Michigan,titusdavis,davis,
2581,Jahwan Edwards,RB,RB,,True,Active,2577845,28680,10199,,17046,,,,,,,,0,10,Ball State,jahwanedwards,edwards,
2582,Cole Stoudt,QB,QB,,True,Active,,,,,17047,,,,,,,,16,11,Clemson,colestoudt,stoudt,
2583,Tyrell Williams,WR,WR,,True,Active,2587819,28691,10552,10694,17048,00-0032160,Questionable,Concussion,,,,,0,7,Western Oregon,tyrellwilliams,williams,1636158312624
2584,Austin Hill,WR,WR,,False,Inactive,2516901,28710,10235,,17049,,,,,,,,9,1,Arizona,austinhill,hill,
2585,Thomas Rawls,RB,RB,,False,Inactive,2576237,28714,10185,10420,17050,00-0031897,,,,,,,34,7,Central Michigan,thomasrawls,rawls,1567194956421
2586,Dylan Thompson,QB,QB,,False,Inactive,2516344,28799,10520,,17051,,,,,,,,2,5,South Carolina,dylanthompson,thompson,
2587,Dres Anderson,WR,WR,,True,Active,2514542,28793,10220,,17052,00-0031504,,,,,,,18,7,Utah,dresanderson,anderson,1534359014078
2588,Malcolm Brown,RB,RB,,True,Active,2570986,28990,10202,10674,17053,00-0031806,,,,,,,41,8,Texas,malcolmbrown,brown,1673646643602
2593,Antwan Goodley,WR,WR,,True,Inactive,2512996,29014,10217,,17060,,,,,,,,14,7,Baylor,antwangoodley,goodley,
2594,Brandon Wegher,RB,RB,,False,Inactive,2465679,28737,10531,,17061,,,,,,,,32,5,Morningside,brandonwegher,wegher,
2595,Tim Semisch,TE,TE,,True,Active,2574931,29055,10769,,17063,00-0032006,,,,,,,85,7,Northern Illinois,timsemisch,semisch,1543366220718
2596,Wes Saxton,TE,TE,,False,Inactive,2972765,28941,10255,,17064,00-0031864,,,,,,,85,5,South Alabama,wessaxton,saxton,1574810436232
2597,Michael Dyer,RB,RB,,True,Active,2516006,29080,,,17065,,,,,,,,40,10,Louisville,michaeldyer,dyer,
2598,Terrell Watson,RB,RB,,False,Inactive,2581598,29178,10511,10675,17066,00-0031793,,,,,,,42,7,Azusa Pacific,terrellwatson,watson,1535987767917
2599,Bronson Hill,RB,RB,,False,Inactive,2574474,29184,10636,,17067,00-0032298,,,,,,,36,7,Eastern Michigan,bronsonhill,hill,1535831709074
260,Josh Johnson,QB,QB,WAS,True,Active,11394,8937,5653,4706,6489, 00-0026300,,,,,QB,3,14,18,San Diego,joshjohnson,johnson,1767588906269
2600,Ricky Seale,RB,RB,,True,Active,2517786,29199,,,17068,,,,,,,,0,10,Stanford,rickyseale,seale,
2601,Andre Davis,WR,WR,,False,Inactive,2577480,28770,10591,,17069,,,,,,,,14,1,South Florida,andredavis,davis,
2602,Darius Jennings,WR,WR,,True,Active,2577808,29038,10718,,17070,00-0031972,,,,,,,86,7,Virginia,dariusjennings,jennings,1629761455179
2603,Shane Wynn,WR,WR,,False,Inactive,2578322,28834,10589,,17071,00-0031684,,,,,,,0,7,Indiana,shanewynn,wynn,1534739436317
2604,Manasseh Garner,WR,WR,,False,Inactive,2515609,29095,10826,,17072,00-0031996,,,,,,,47,7,Pittsburgh,manassehgarner,garner,1566169837807
2609,RJ Archer,QB,QB,,False,Inactive,13309,24539,,,17077,,,,,,,,6,1,William & Mary,rjarcher,archer,
2611,Kasen Williams,WR,WR,,False,Inactive,2578394,29152,10547,10717,17079,00-0032250,,,,,,,6,5,Washington,kasenwilliams,williams,1533920411382
2615,Doug McNeil,WR,WR,,False,Inactive,2273426,28359,10166,,17083,,,,,,,,19,2,Bowie State,dougmcneil,mcneil,
2620,Jake Heaps,QB,QB,,True,Active,2512235,29072,11262,,17088,,,,,,,,5,7,Miami,jakeheaps,heaps,
2621,Terron Ward,RB,RB,,False,Inactive,2577023,28832,10596,,17089,,,,,,,,28,5,Oregon State,terronward,ward,1521174601778
2632,Desmond Martin,RB,RB,,True,Active,2613133,29104,,,17100,,,,,,,,0,10,Wayne State (MI),desmondmartin,martin,
2633,Trey Williams,RB,RB,,False,Injured Reserve,2972282,28865,10191,,17101,00-0031531,,,,,,,34,5,Texas A&M,treywilliams,williams,1580253960019
2634,Mack Brown,RB,RB,,False,Inactive,2512191,29085,10568,11084,17102,00-0032048,,,,,,,34,7,Florida,mackbrown,brown,1564854347894
2635,Vernon Johnson,WR,WR,,True,Active,3078581,28880,,,17103,,,,,,,,0,10,Texas A&M-Commerce,vernonjohnson,johnson,
2636,Jarred Haggins,WR,WR,,True,Active,2512506,,,,17104,,,,,,,,19,10,Florida State,jarredhaggins,haggins,
2637,Casey Pierce,TE,TE,,False,Inactive,2516722,28882,10754,,17105,,,,,,,,49,1,Kent State,caseypierce,pierce,
2638,Reggie Bell,WR,WR,,False,Inactive,2520767,28855,10786,,17106,,,,,,,,11,1,None,reggiebell,bell,
2639,Tony Jones,WR,WR,,True,Active,2511102,28860,14423,,17107,,,,,,,,0,10,Northwestern,tonyjones,jones,1587870049323
264,Greg Jennings,WR,WR,,False,Inactive,9638,7801,4871,,6597,,,,,,,,85,14,Western Michigan,gregjennings,jennings,
2649,Kyle Brindza,K,K,,False,Inactive,2576045,28878,10641,,17117,,,,,,,,2,5,Notre Dame,kylebrindza,brindza,
2650,Ty Long,K,K,,True,Active,2582324,28861,10849,,17118, 00-0031543,,,,,,,18,7,UAB,tylong,long,1741501858590
2651,Phillip Sims,QB,QB,,True,Active,2088468,29067,10564,,17119,,,,,,,,0,10,Winston-Salem State,phillipsims,sims,
2652,Dreamius Smith,RB,RB,,False,Inactive,2577239,28689,10722,,17120,,,,,,,,36,5,West Virginia,dreamiussmith,smith,
2653,Brian Parker,TE,TE,,False,Inactive,2508328,28688,10661,,17121,00-0032089,,,,,,,89,7,"Albany, N.Y.",brianparker,parker,1571521825824
2654,Jaxon Shipley,WR,WR,,False,Inactive,2577578,28812,10545,,17122,,,,,,,,16,1,Texas,jaxonshipley,shipley,
2658,Ryan Mueller,RB,RB,,True,Active,2517946,28687,11194,,17126,,,,,,,,0,10,Kansas State,ryanmueller,mueller,
2671,Josh Lambo,K,K,,True,Active,2998120,28685,10438,10708,17139,00-0032087,,,,,,,6,7,Texas A&M,joshlambo,lambo,1679079313732
2672,Damarr Aultman,WR,WR,,True,Active,2507242,29010,10800,,17140,,,,,,,,0,10,Maine,damarraultman,aultman,
2673,Damiere Byrd,WR,WR,,True,Active,2577667,28730,10524,10795,17141,00-0031868,,,,,,,89,9,South Carolina,damierebyrd,byrd,1724625033921
2674,Paul Browning,WR,WR,,True,Active,3059606,29035,,,17142,,,,,,,,0,10,CSU-Pueblo,paulbrowning,browning,
268,Alex Smith,QB,QB,,True,Injured Reserve,8416,7177,4306,3119,6739,00-0023436,,,,,,,0,17,Utah,alexsmith,smith,1618934403490
2682,Christion Jones,WR,WR,,False,Inactive,,,,,17150,,,,,,,,0,3,Alabama,christionjones,jones,
2683,Andrew Franks,K,K,,False,Inactive,3893609,28907,10647,10983,17151,,,,,,,,3,5,Rensselaer Polytech,andrewfranks,franks,
2684,Corbin Louks,WR,WR,,True,Active,15753,26594,,,17152,,,,,,,,6,10,Nevada,corbinlouks,louks,
2685,Jordan Taylor,WR,WR,,False,Inactive,2515662,28727,10238,10673,17153,00-0031697,,,,,,,0,7,Rice,jordantaylor,taylor,1566946809354
2686,Khari Lee,TE,TE,,False,Inactive,3144062,28893,10503,,17154,00-0031922,,,,,,,0,7,Bowie State,kharilee,lee,1605037813970
2687,Chandler Worthy,WR,WR,,False,Inactive,2581319,28903,10500,,17155,,,,,,,,16,5,Troy,chandlerworthy,worthy,
269,Pierre Garcon,WR,WR,,False,Inactive,11439,8982,5703,4945,6767,00-0026345,,,,,,,15,14,Mount Union,pierregarcon,garcon,1550170804419
2698,Abou Toure,RB,RB,,False,Inactive,2971811,29088,10562,,17166,,,,,,,,38,1,Tennessee-Martin,aboutoure,toure,
2699,Cameron Meredith,WR,WR,,False,Inactive,2520698,28697,10533,10770,17167,00-0031912,,,,,,,1,7,Illinois State,cameronmeredith,meredith,1569966011406
270,Lance Moore,WR,WR,,False,Inactive,9400,7544,4717,3545,6768,,,,,,,,16,15,Toledo,lancemoore,moore,
2700,Levi Norwood,WR,WR,,False,Inactive,2513009,28696,10534,,17168,,,,,,,,18,1,Baylor,levinorwood,norwood,
2701,AJ Cruz,WR,WR,,False,Inactive,2470379,29161,10609,,17169,,,,,,,,81,1,Brown,ajcruz,cruz,
2702,John Chiles,WR,WR,,False,Inactive,14372,25277,,,17170,,,,,,,,82,1,Texas,johnchiles,chiles,
2703,Ezell Ruffin,WR,WR,,True,Active,2514461,28746,,,17171,,,,,,,,3,10,San Diego State,ezellruffin,ruffin,
2711,Taylor Heinicke,QB,QB,,True,Active,2565969,28839,10179,10665,17179,00-0031800,,,,,,,4,10,Old Dominion,taylorheinicke,heinicke,1756260921898
2712,Blake Renaud,RB,RB,,False,Inactive,2573314,28842,10810,,17180,,,,,,,,49,1,Boise State,blakerenaud,renaud,
2713,Josh Harper,WR,WR,,True,Active,2517237,28866,,,17181,,,,,,,,0,10,Fresno State,joshharper,harper,
2714,Gabe Holmes,TE,TE,,False,Inactive,2468368,28964,10560,,17182,00-0031884,,,,,,,0,7,Purdue,gabeholmes,holmes,1629071736537
272,Chris Johnson,RB,RB,,False,Inactive,11258,8801,5627,4743,6828,00-0026164,,,,,,,23,12,East Carolina,chrisjohnson,johnson,1541453717854
2721,Chris Harper,WR,WR,,False,Inactive,2978196,28985,10240,,17189,,,,,,,,3,5,California,chrisharper,harper,
2722,Jimmay Mundine,TE,TE,,False,Inactive,2513911,29150,10578,,17190,,,,,,,,87,1,Kansas,jimmaymundine,mundine,
2723,RJ Harris,WR,WR,,False,Inactive,2507284,28757,10546,,17191,,,,,,,,14,1,New Hampshire,rjharris,harris,
2729,Corey Grant,RB,RB,,False,Inactive,2515934,28847,10196,10678,17197,00-0031731,,,,,,,35,7,Auburn,coreygrant,grant,1565306161387
2730,Kenneth Harper,RB,RB,,True,Active,2574812,29044,,,17198,,,,,,,,33,10,Temple,kennethharper,harper,
2731,Akeem Hunt,RB,RB,,False,Inactive,2576408,28874,10197,10724,17199,00-0031743,,,,,,,35,5,Purdue,akeemhunt,hunt,1565492115850
2732,Connor Hamlett,TE,TE,,False,Inactive,2517011,28848,10555,,17200,,,,,,,,86,7,Oregon State,connorhamlett,hamlett,1580256660319
2733,Kasey Closs,WR,WR,,True,Active,2967895,29030,,,17201,,,,,,,,3,10,Portland State,kaseycloss,closs,
2747,Jason Myers,K,K,SEA,True,Active,2473037,28378,10157,10436,17215,00-0031492,,,,,K,1,5,11,Marist,jasonmyers,myers,1769481335724
2748,Kevin Monangai,RB,RB,,False,Inactive,2565602,29171,10766,,17216,,,,,,,,39,1,Villanova,kevinmonangai,monangai,
2749,Raheem Mostert,RB,RB,LV,True,Active,2576414,28654,10604,10744,17217,00-0031687,Questionable,Knee,,,RB,2,31,11,Purdue,raheemmostert,mostert,1767561603441
275,Josh Scobee,K,K,,False,Inactive,5662,6896,3924,2842,6902,,,,,,,,8,16,Louisiana Tech,joshscobee,scobee,
2750,DeAndre Carter,WR,WR,CLE,True,Inactive,2580216,28947,10234,10738,17218,00-0031763,IR,Knee,,,SWR,6,2,11,Sacramento State,deandrecarter,carter,1759178142510
2751,Daniel Brown,TE,TE,,True,Inactive,2519013,29102,10713,,17219,00-0032098,,,,,,,87,7,James Madison,danielbrown,brown,1641339329131
2752,Trent Steelman,WR,WR,,True,Active,2469123,29173,,,17220,,,,,,,,6,12,Army,trentsteelman,steelman,
2753,Rasheed Bailey,WR,WR,,True,Active,3892271,28645,10756,,17221,00-0031645,,,,,,,16,7,Delaware Valley,rasheedbailey,bailey,1515465602185
2754,Michael Johnson,WR,WR,,True,Active,2574603,29177,,,17222,,,,,,,,0,10,Delaware,michaeljohnson,johnson,
2755,Eric Tomlinson,TE,TE,,True,Active,2511973,28658,10553,,17223,00-0031690,,,,,,,83,10,UTEP,erictomlinson,tomlinson,1734399610910
2756,Andrew Gleichert,TE,TE,,True,Active,2515408,28651,,,17224,,,,,,,,0,10,Michigan State,andrewgleichert,gleichert,
2766,Alonzo Harris,RB,RB,,False,Inactive,2574010,28926,10628,,17234,,,,,,,,46,5,Louisiana-Lafayette,alonzoharris,harris,
2767,Jawon Chisholm,RB,RB,,True,Active,3922022,29172,,,17235,,,,,,,,0,10,Akron,jawonchisholm,chisholm,
2768,Braylon Heard,RB,RB,,True,Active,2514166,29194,,,17236,,,,,,,,,10,Kentucky,braylonheard,heard,
2769,Larry Pinkard,WR,WR,,False,Inactive,2512892,28930,12195,10914,17237,,,,,,,,18,7,Old Dominion,larrypinkard,pinkard,1523569801636
277,Daniel Fells,TE,TE,,False,Inactive,10287,8028,5147,,7007,,,,,,,,85,14,California-Davis,danielfells,fells,
2770,Harold Spears,TE,TE,,True,Active,2507292,28765,10587,,17238,,,,,,,,0,10,New Hampshire,haroldspears,spears,
2771,Jimmie Hunt,WR,WR,,True,Active,2514119,28929,,,17239,,,,,,,,82,10,Missouri,jimmiehunt,hunt,
2772,Mitchell Henry,TE,TE,,False,Inactive,2573419,28927,10659,,17240,,,,,,,,85,5,Western Kentucky,mitchellhenry,henry,
2773,Tyler Murphy,WR,WR,,False,Inactive,2516059,28666,10516,,17241,,,,,,,,16,5,Boston College,tylermurphy,murphy,
2774,Shakim Phillips,WR,WR,,False,Inactive,2512378,29105,10838,,17242,,,,,,,,19,1,Boston College,shakimphillips,phillips,
278,Kevin Kolb,QB,QB,,False,Inactive,,,,,7034,,,,,,,,4,7,Houston,kevinkolb,kolb,
2783,Kenzel Doe,WR,WR,,True,Active,2576430,29181,,,17251,,,,,,,,82,10,Wisconsin,kenzeldoe,doe,
2784,Jameill Showers,QB,QB,,False,Injured Reserve,2511832,29022,10540,,17252,00-0031755,,,,,,,28,5,Texas-El Paso,jameillshowers,showers,1568070635417
2785,Gus Johnson,RB,RB,,True,Active,2568174,28965,10607,,17253,,,,,,,,0,7,Stephen F. Austin,gusjohnson,johnson,
2786,Jarryd Hayne,RB,RB,,False,Inactive,3423412,28379,10154,10435,17254,,,,,,,,38,5,No College,jarrydhayne,hayne,
2787,David Porter,WR,WR,,True,Active,2575916,29107,,,17255,,,,,,,,0,10,TCU,davidporter,porter,
2788,Nick Harwell,WR,WR,,False,Inactive,2516768,29017,10538,,17256,,,,,,,,18,1,Kansas,nickharwell,harwell,
2789,Lucky Whitehead,WR,WR,,False,Injured Reserve,3052735,29024,10539,10897,17257,00-0031757,,,,,,,82,5,Florida Atlantic,luckywhitehead,whitehead,1535832924070
279,Devin Hester,WR,WR,,False,Inactive,9643,7806,4724,3675,7082,,,,,,,,17,14,Miami,devinhester,hester,1513092901437
2790,Nigel King,WR,WR,,True,Active,2577080,28910,,,17258,,,,,,,,0,10,Kansas,nigelking,king,
2800,Mario Hull,WR,WR,,True,Active,2515652,29154,,,17268,,,,,,,,0,10,Rice,mariohull,hull,
2801,DeAndrew White,WR,WR,,True,Inactive,2515962,28800,10243,,17269,00-0031511,Questionable,Undisclosed,,,,,18,7,Alabama,deandrewwhite,white,1598920530064
2802,Corey Acosta,K,K,,True,Active,2515713,29153,10798,,17270,,,,,,,,0,10,Southern Mississippi,coreyacosta,acosta,
2803,Bradley Marquez,WR,WR,,False,Inactive,2577645,29001,10689,,17271,00-0031818,,,,,,,12,7,Texas Tech,bradleymarquez,marquez,1536709203653
2804,Andrew Turzilli,WR,WR,,False,Injured Reserve,2513916,29066,10549,,17272,,,,,,,,2,5,Rutgers,andrewturzilli,turzilli,1553198125824
2805,Deon Long,WR,WR,,False,Inactive,2514423,29052,10237,,17273,,,,,,,,18,1,Maryland,deonlong,long,
2817,Daniel Rodriguez,WR,WR,,True,Active,2983134,29089,,,17285,,,,,,,,0,10,Clemson,danielrodriguez,rodriguez,
2818,Michael Palardy,K,K,,True,Active,17475,28292,10053,,17286,00-0031363,,,,,,,10,11,Tennessee,michaelpalardy,palardy,1733937318048
2819,Mike Meyer,K,K,,True,Active,2522211,29057,11743,,17287,,,,,,,,6,7,Iowa,mikemeyer,meyer,1510693201668
2820,Dominique Brown,RB,RB,,True,Active,2511055,28781,,,17288,,,,,,,,0,10,Louisville,dominiquebrown,brown,
2821,Jake Kumerow,WR,WR,,True,Inactive,3085107,28974,10544,10867,17289,00-0031787,Questionable,Back,,,,,15,8,Wisconsin-Whitewater,jakekumerow,kumerow,1674846906421
2822,Adam Humphries,WR,WR,,True,Active,2576491,29070,10680,11072,17290,00-0032009,,,,,,,27,8,Clemson,adamhumphries,humphries,1693356305783
2823,Rannell Hall,WR,WR,,False,Inactive,2581464,28787,10231,,17291,,,,,,,,16,5,Central Florida,rannellhall,hall,1515005701310
2824,Donteea Dye,WR,WR,,False,Inactive,3894952,29069,10702,,17292,00-0032008,,,,,,,15,5,Heidelberg,donteeadye,dye,1535949407546
2834,Tom Obarski,K,K,,False,Inactive,3165701,28976,10761,,17302,,,,,,,,5,1,None,tomobarski,obarski,
2835,Paul Lasike,RB,RB,,False,Inactive,2970515,28808,10595,,17303,,,,,,,,47,7,Brigham Young,paullasike,lasike,
2836,Kenny Cook,WR,WR,,True,Active,2987210,29091,10784,,17304,,,,,,,,0,7,Gardner-Webb,kennycook,cook,
2837,Travis Harvey,WR,WR,,False,Inactive,16563,27300,,,17305,,,,,,,,19,1,Florida A&M,travisharvey,harvey,
2838,Trevor Harman,WR,WR,,True,Active,3892580,28805,,,17306,,,,,,,,0,10,Shippensburg,trevorharman,harman,
284,Delanie Walker,TE,TE,,True,Active,9761,7924,4888,3976,7175,00-0024389,,,,,,,82,16,Central Missouri,delaniewalker,walker,1666112442960
2845,Tevin Westbrook,TE,TE,,False,Inactive,2578588,29118,10728,,17313,,,,,,,,81,5,Florida,tevinwestbrook,westbrook,
2846,Marquez Clark,WR,WR,,True,Active,3893001,28818,,,17314,,,,,,,,0,10,Central Oklahoma,marquezclark,clark,
2848,Kyle Prater,WR,WR,,False,Inactive,2510612,29127,10572,,17316,,,,,,,,86,1,Northwestern,kyleprater,prater,
286,Dwayne Bowe,WR,WR,,False,Inactive,10467,8277,5278,4184,7203,,,,,,,,80,13,Louisiana State,dwaynebowe,bowe,1558032615659
2862,Tony Johnson,K,K,,False,Inactive,3040564,,,,17330,,,,,,,,46,0,Louisiana Tech,tonyjohnson,johnson,
2865,Julian Howsare,RB,RB,,False,Inactive,3124451,28938,10772,,17333,,,,,,,,43,7,Clarion,julianhowsare,howsare,
2867,Mike McFarland,TE,TE,,False,Inactive,2577494,28895,10502,,17335,,,,,,,,80,1,South Florida,mikemcfarland,mcfarland,
287,Brad Smith,WR,WR,,False,Inactive,9689,,,,7236,,,,,,,,16,9,Missouri,bradsmith,smith,
2870,Ray Hamilton,TE,TE,,True,Active,2582456,29016,,,17338,,,,,,,,80,10,Iowa,rayhamilton,hamilton,
2871,Isaac Fruechte,WR,WR,,False,Inactive,2970698,29056,10807,,17339,,,,,,,,15,7,Minnesota,isaacfruechte,fruechte,
2875,Tony Creecy,RB,RB,,True,Active,2577743,29193,,,17343,,,,,,,,0,10,North Carolina State,tonycreecy,creecy,
2876,Ed Williams,WR,WR,,False,Inactive,2469745,29176,10619,,17344,,,,,,,,19,1,Fort Hays State,edwilliams,williams,
2879,Isiah Ferguson,WR,WR,,True,Active,2984816,28992,10671,,17347,,,,,,,,0,10,Arkansas-Pine Bluff,isiahferguson,ferguson,
2880,Zach Laskey,RB,RB,,True,Active,2576901,28997,10789,,17348,,,,,,,,45,7,Georgia Tech,zachlaskey,laskey,
2881,Tyler Slavin,WR,WR,,False,Inactive,2516911,29002,10861,,17349,,,,,,,,13,1,New Mexico Highlands,tylerslavin,slavin,
2886,Justin Sinz,TE,TE,,True,Active,2511683,28749,,,17354,,,,,,,,0,10,Purdue,justinsinz,sinz,
2887,Quan Bray,WR,WR,,False,Inactive,2574545,28740,10634,,17355,00-0031514,,,,,,,11,5,Auburn,quanbray,bray,1535747127291
289,Drew Brees,QB,QB,,True,Injured Reserve,2580,5479,2178,591,7242,00-0020531,,,,,,,9,20,Purdue,drewbrees,brees,1652804146823
2890,George Farmer,WR,WR,,False,Inactive,2570993,29013,10075,,17358,,,,,,,,39,7,Southern California,georgefarmer,farmer,
2892,Rodney Smith,RB,RB,,True,Active,2512197,28718,10630,10784,17360,00-0031900,,,,,,,0,7,Ohio State,rodneysmith,smith,1629254448378
2898,Cameron Clear,TE,TE,,True,Active,3044687,28660,10561,,17366,,,,,,,,0,10,Texas A&M,cameronclear,clear,
2900,Terrence Franks,RB,RB,,True,Active,,,,,17368,,,,,,,,0,10,Texas State,terrencefranks,franks,
2903,Shane Carden,QB,QB,,True,Active,,28704,,,17371,,,,,,,,0,10,East Carolina,shanecarden,carden,
2904,Issac Blakeney,WR,WR,,False,Inactive,2512449,28794,10551,,17372,,,,,,,,16,1,Duke,issacblakeney,blakeney,
2905,Josh Reese,WR,WR,,True,Active,,28790,,,17373,,,,,,,,0,10,UCF,joshreese,reese,
2906,Bell Braylon,WR,WR,,True,Active,,,,,17374,,,,,,,,0,3,Abilene Christian,bellbraylon,braylon,
2907,Ben Edwards,WR,WR,,False,Inactive,2507340,29045,10725,,17375,,,,,,,,83,5,Richmond,benedwards,edwards,
2908,Austin Willis,WR,WR,,False,Inactive,3895385,29083,10639,,17376,,,,,,,,1,1,Emporia State,austinwillis,willis,
2909,Beau Gardner,TE,TE,,True,Active,,28821,10642,,17377,,,,,,,,0,10,Northern Arizona,beaugardner,gardner,
291,Felix Jones,RB,RB,,False,Inactive,,,,,7290,,,,,,,,23,6,Arkansas,felixjones,jones,
2910,Tyler Rutenbeck,WR,WR,,True,Active,,,,,17378,,,,,,,,0,10,Dubuque,tylerrutenbeck,rutenbeck,
2911,Justin Manton,K,K,,True,Active,2574044,28954,,,17379,,,,,,,,0,10,Louisiana-Monroe,justinmanton,manton,
2912,Joshua Stangby,WR,WR,,False,Inactive,3893002,28829,10783,,17380,,,,,,,,14,1,Ottawa (KS),joshuastangby,stangby,
2913,Gavin Lutman,WR,WR,,True,Active,,28841,,,17381,,,,,,,,8,10,Pittsburg State,gavinlutman,lutman,
2914,Luke Lundy,RB,RB,,True,Active,,29039,,,17382,,,,,,,,0,10,Ottawa (KS),lukelundy,lundy,
2915,Taylor Pontius,K,K,,False,Inactive,,,,,17383,,,,,,,,0,,,taylorpontius,pontius,
2916,Ify Umodu,WR,WR,,True,Active,2506632,29145,,,17384,,,,,,,,85,10,Northern Arizona,ifyumodu,umodu,
2917,Brian Vogler,TE,TE,,True,Active,,28693,10535,,17385,,,,,,,,0,7,Alabama,brianvogler,vogler,
2918,Demetrius Wilson,WR,WR,,True,Active,,,,,17386,,,,,,,,0,10,Arkansas,demetriuswilson,wilson,
2919,Tyler McDonald,WR,WR,,False,Inactive,,28318,,,17387,,,,,,,,15,1,South Carolina State,tylermcdonald,mcdonald,
2920,Jeret Smith,WR,WR,,True,Active,,29157,,,17388,,,,,,,,0,10,McMurry,jeretsmith,smith,
2921,Taylor Sloat,TE,TE,,True,Active,,,,,17390,,,,,,,,0,12,UC Davis,taylorsloat,sloat,
2922,Devin Mahina,TE,TE,,True,Active,,28862,,,17391,,,,,,,,0,10,BYU,devinmahina,mahina,
2923,Connor Neighbors,RB,RB,,True,Active,,29058,,,17392,,,,,,,,0,10,LSU,connorneighbors,neighbors,
2924,Duplicate Player,TE,TE,,False,Inactive,,,,,17393,,,,,,,,86,1,Missouri State,duplicateplayer,player,
2925,Darius Davis,WR,WR,,True,Active,,,,,17394,,,,,,,,0,11,Henderson State,dariusdavis,davis,1682788821385
2926,Earnest Pettway,TE,TE,,False,Inactive,,,,,17395,,,,,,,,0,,,earnestpettway,pettway,
2927,Keshawn Hill,RB,RB,,True,Active,,,,,17396,,,,,,,,0,10,Sam Houston State,keshawnhill,hill,
2928,John Peters,TE,TE,,False,Inactive,3894752,29009,10857,,17397,,,,,,,,48,1,Mount St. Joseph,johnpeters,peters,
2929,Adrian Coxson,WR,WR,,True,Active,,,,,17398,,,,,,,,0,10,Stony Brook,adriancoxson,coxson,
293,Maurice Jones-Drew,RB,RB,,False,Inactive,9646,,,,7308,,,,,,,,21,9,UCLA,mauricejonesdrew,jonesdrew,
2930,Justin Tukes,TE,TE,,True,Active,,28659,,,17399,,,,,,,,0,10,UCF,justintukes,tukes,
2931,Deshon Foxx,WR,WR,,True,Active,2576608,29128,10841,,17400,,,,,,,,0,7,Connecticut,deshonfoxx,foxx,
2932,Eric Frohnapfel,TE,TE,,True,Active,,,,,17401,,,,,,,,0,10,Marshall,ericfrohnapfel,frohnapfel,
2933,Corey Knox,RB,RB,,True,Active,,,,,17402,,,,,,,,0,1,Buffalo,coreyknox,knox,
2934,Jonathon Rumph,WR,WR,,True,Active,,29140,,,17403,,,,,,,,,10,Georgia,jonathonrumph,rumph,
2935,Ricky Collins,WR,WR,,True,Active,,,,,17404,,,,,,,,0,10,Texas A&M-Commerce,rickycollins,collins,
2936,Rasheed Williams,RB,RB,,True,Active,,,,,17405,,,,,,,,0,11,Alfred State,rasheedwilliams,williams,
2937,Damond Powell,WR,WR,,True,Active,,,10601,,17407,,,,,,,,0,10,Iowa,damondpowell,powell,
2938,Cam Worthy,WR,WR,,True,Active,,28958,10537,,17408,,,,,,,,0,10,East Carolina,camworthy,worthy,
2939,Javess Blue,WR,WR,,True,Active,,28919,,,17410,,,,,,,,10,10,Kentucky,javessblue,blue,
294,Peyton Manning,QB,QB,,False,Inactive,1428,4256,902,1493,7328,,,,,,,,18,22,Tennessee,peytonmanning,manning,
2940,Des Lawrence,WR,WR,,True,Active,3039722,30771,12351,,17411,,,,,,,,46,5,North Carolina,deslawrence,lawrence,1523056801513
2941,Milton Williams,WR,WR,,False,Active,,28971,15291,,17412,,,,,,,,0,10,Delaware State,miltonwilliams,williams,1767482748243
2942,Joe Don Duncan,RB,RB,,False,Inactive,3057760,28381,,,17413,,,,,,,,42,1,Dixie State,joedonduncan,duncan,
2943,Mark Weisman,RB,RB,,True,Active,,28981,,,17414,,,,,,,,35,10,Iowa,markweisman,weisman,
2944,Matt LaCosse,TE,TE,NE,True,Active,2576179,28875,10727,10980,17415,00-0031744,,,,,,,83,7,Illinois,mattlacosse,lacosse,1657731046065
2945,Lee Ward,RB,RB,,True,Active,,29033,,,17416,,,,,,,,0,10,Stanford,leeward,ward,
2946,Diandre Campbell,WR,WR,,False,Inactive,2509475,28795,10770,,17417,,,,,,,,83,1,Washington,diandrecampbell,campbell,
2947,Clay Burton,TE,TE,,True,Active,,,,,17418,,,,,,,,0,10,Florida,clayburton,burton,
2948,Brandon Cottom,RB,RB,,True,Active,2576403,29110,10842,,17419,,,,,,,,42,7,Purdue,brandoncottom,cottom,
2949,Synjyn Days,RB,RB,,True,Active,,,,,17421,,,,,,,,0,11,Georgia Tech,synjyndays,days,
2950,Jack Tabb,TE,TE,,False,Inactive,,28766,10670,,17422,,,,,,,,80,2,North Carolina,jacktabb,tabb,
2957,Ernst Brun,TE,TE,,True,Active,,29196,,,17436,,,,,,,,0,10,Iowa State,ernstbrun,brun,
2962,Zach D'Orazio,WR,WR,,True,Active,2574271,29137,,,17444,,,,,,,,0,10,Akron,zachdorazio,dorazio,
2969,Michael Bennett,WR,WR,,False,Inactive,2516079,29201,10638,,17461,,,,,,,,80,1,Georgia,michaelbennett,bennett,
297,Eddie Royal,WR,WR,,False,Inactive,11276,8819,5690,4853,7389,,,,,,,,19,12,Virginia Tech,eddieroyal,royal,
2971,Anthony Ezeakunne,TE,TE,,False,Inactive,,29202,,,17466,,,,,,,,89,0,Chapman,anthonyezeakunne,ezeakunne,
2979,Jarrod West,WR,WR,,False,Inactive,2515260,29175,11675,,17477,,,,,,,,14,1,Syracuse,jarrodwest,west,
2980,Eli Rogers,WR,WR,,False,Inactive,2576643,28669,10654,10753,17480,00-0031782,,,,,,,17,7,Louisville,elirogers,rogers,1571673012200
2981,Ross Scheuerman,RB,RB,,True,Active,,,10201,,17481,,,,,,,,0,10,Lafayette,rossscheuerman,scheuerman,
2996,Logan Stokes,TE,TE,,True,Active,,29151,,,17523,,,,,,,,0,10,LSU,loganstokes,stokes,
300,Willis McGahee,RB,RB,,False,Inactive,,,,,7451,,,,,,,,26,11,Miami,willismcgahee,mcgahee,
3007,Avius Capers,WR,WR,,False,Inactive,2517976,29165,11334,,17549,,,,,,,,16,1,Johnson C. Smith,aviuscapers,capers,
3008,Matt Wile,K,K,,True,Active,2576240,28738,10532,,17550,00-0031876,,,,,,,4,7,Michigan,mattwile,wile,1573398945564
3019,James Butler,WR,WR,,False,Inactive,,,,,17571,,,,,,,,13,0,Louisiana-Lafayette,jamesbutler,butler,
3020,Dan Light,TE,TE,,True,Active,,,,,17573,,,,,,,,84,10,Fordham,danlight,light,
3021,Devin Gardner,WR,WR,,True,Active,,,,,17625,,,,,,,,15,10,Michigan,devingardner,gardner,
3025,LT Smith,WR,WR,,False,Inactive,,,,,17700,,,,,,,,0,,,ltsmith,smith,
3026,Mike Hartline,QB,QB,,False,Inactive,,,,,17701,,,,,,,,0,,,mikehartline,hartline,
3027,Boobie Dixon,RB,RB,,False,Inactive,,24149,,,17702,,,,,,,,0,,,boobiedixon,dixon,
3030,Kai De La Cruz,WR,WR,,False,Inactive,,,,,17717,,,,,,,,0,,,kaidelacruz,delacruz,
3031,Arthur Williams,WR,WR,,False,Inactive,,,,,17718,,,,,,,,0,,,arthurwilliams,williams,
3032,Lavance Taylor,RB,RB,,False,Inactive,,,,,17719,,,,,,,,0,,,lavancetaylor,taylor,
3033,Adam Drake,WR,WR,,False,Inactive,,,,,17720,,,,,,,,0,,,adamdrake,drake,
3036,Matt Lengel,TE,TE,,True,Active,2470916,28975,10558,,17741,00-0031788,,,,,,,47,7,Eastern Kentucky,mattlengel,lengel,1595984403999
3041,Ross Travis,TE,TE,,True,Active,3936647,29208,10837,,17750,00-0032319,,,,,,,0,6,Penn State,rosstravis,travis,1641940857759
3043,Will Tye,TE,TE,,False,Inactive,2512523,29046,10700,11056,17754,00-0032004,,,,,,,85,5,Stony Brook,willtye,tye,1567352736809
3045,Gannon Sinclair,TE,TE,,True,Active,3048976,28813,10626,,17758,00-0031711,,,,,,,0,7,Missouri State,gannonsinclair,sinclair,1536619505752
3048,Chris Manhertz,TE,TE,NYG,True,Active,2531358,28365,10033,,17762,00-0031484,,,,,TE,5,85,11,Canisius,chrismanhertz,manhertz,1765985750620
3050,Myles White,WR,WR,NYJ,False,Active,,27361,,,17765,,,,,,SWR,4,16,3,Louisiana Tech,myleswhite,white,
3052,Kendrick Ings,WR,WR,,True,Active,,,,,17767,,,,,,,,17,11,,kendrickings,ings,
306,DeAngelo Williams,RB,RB,,False,Inactive,9613,7776,4838,3611,7580,,,,,,,,34,14,Memphis,deangelowilliams,williams,
3063,Jordan Leslie,WR,WR,,False,Inactive,2511952,28840,10225,,17799,00-0031801,,,,,,,19,7,Brigham Young,jordanleslie,leslie,1535512532930
3078,Jamel Johnson,WR,WR,,True,Active,3153437,29213,9728,,17825,,,,,,,,0,6,Alabama State,jameljohnson,johnson,
308,JohnnieLee Higgins,WR,WR,,False,Inactive,,,,,7613,,,,,,,,17,5,Texas-El Paso,johnnieleehiggins,higgins,
310,Heath Miller,TE,TE,,False,Inactive,8444,7206,4430,3145,7635,,,,,,,,83,15,Virginia,heathmiller,miller,
3100,Ronnie Shields,TE,TE,,False,Inactive,2516203,29217,10771,,17850,,,,,,,,87,1,Kentucky,ronnieshields,shields,
3106,Jerrod Johnson,QB,QB,,False,Inactive,14275,25046,7646,,17857,,,,,,,,0,1,Texas A&M,jerrodjohnson,johnson,
312,Matthew Slater,WR,WR,,True,Active,11387,8930,5786,4904,7651,00-0026293,,,,,,,18,16,UCLA,matthewslater,slater,1708454103734
3146,Swayze Waters,K,K,,False,Inactive,13024,24747,6248,,17901,,,,,,,,6,1,UAB,swayzewaters,waters,
3148,Anthony Dable,WR,WR,,True,Active,3966261,29226,10871,,17904,,,,,,,,16,6,No College,anthonydable,dable,
315,Dustin Keller,TE,TE,,False,Inactive,,,,,7692,,,,,,,,81,6,Purdue,dustinkeller,keller,
3150,Xavier Rush,WR,WR,,True,Active,2575416,29229,10873,,17906,,,,,,,,17,6,Tulane,xavierrush,rush,
3155,Laquon Treadwell,WR,WR,IND,True,Active,3051889,29257,10739,11210,17914,00-0032951,,,,,RWR,7,13,10,Ole Miss,laquontreadwell,treadwell,1762633202209
3157,William Fuller,WR,WR,,True,Active,3052876,29255,10818,11295,17916,00-0033127,,,,,,,3,6,Notre Dame,williamfuller,fuller,1659394520089
316,Malcom Floyd,WR,WR,,False,Inactive,6016,7149,5080,3086,7711,,,,,,,,80,16,Wyoming,malcomfloyd,floyd,
3161,Carson Wentz,QB,QB,MIN,True,Inactive,2573079,29236,10856,11257,17920,00-0032950,IR,Shoulder,,Surgery,QB,2,11,10,North Dakota State,carsonwentz,wentz,1761601556525
3163,Jared Goff,QB,QB,DET,True,Active,3046779,29235,10729,11205,17922,00-0033106,,,,,QB,1,16,10,California,jaredgoff,goff,1769638502560
3164,Ezekiel Elliott,RB,RB,,True,Active,3051392,29238,10736,11265,17923,00-0033045,,,,,,,24,9,Ohio State,ezekielelliott,elliott,1736546446084
3168,Christian Hackenberg,QB,QB,,False,Injured Reserve,3057986,29284,10733,11297,17927,00-0032953,,,,,,,0,6,Penn State,christianhackenberg,hackenberg,1592160628517
317,Caleb Hanie,QB,QB,,False,Inactive,,,,,7755,,,,,,,,7,6,Colorado State,calebhanie,hanie,
3170,Paxton Lynch,QB,QB,,True,Inactive,2977881,29260,10730,11206,17929,00-0033108,,,,,,,5,6,Memphis,paxtonlynch,lynch,1627264259358
3171,Connor Cook,QB,QB,,False,Inactive,2576261,29334,10978,11280,17932,00-0032893,,,,,,,18,4,Michigan State,connorcook,cook,1560185439726
3177,Corey Coleman,WR,WR,,True,Active,2978929,29249,10817,11278,17938,00-0032966,,,,,,,89,6,Baylor,coreycoleman,coleman,1664922044923
3178,Josh Doctson,WR,WR,,True,Active,2576019,29256,10852,11289,17939,00-0032760,,,,,,,0,6,TCU,joshdoctson,doctson,1634092203869
3198,Derrick Henry,RB,RB,BAL,True,Active,3043078,29279,10819,11238,17959,00-0032764,,,,,RB,1,22,10,Alabama,derrickhenry,henry,1769724308866
3199,Michael Thomas,WR,WR,,True,Active,2976316,29281,10759,11222,17960,00-0032765,,,,,,,13,8,Ohio State,michaelthomas,thomas,1726102201613
32,Jacob Tamme,TE,TE,,False,Inactive,11373,8916,5780,4885,852,,,,,,,,83,12,Kentucky,jacobtamme,tamme,1511720101659
3200,Sterling Shepard,WR,WR,TB,True,Active,2976592,29274,10988,11326,17961,00-0032385,,,,,SWR,5,17,10,Oklahoma,sterlingshepard,shepard,1767768317524
3201,Roberto Aguayo,K,K,,False,Inactive,2978887,29293,10878,11379,17962,00-0033102,,,,,,,9,6,Florida State,robertoaguayo,aguayo,1624068940052
3202,Austin Hooper,TE,TE,NE,True,Active,3043275,29315,10748,11301,17963,00-0032392,,,,,TE,2,81,10,Stanford,austinhooper,hooper,1767807655866
3203,Braxton Miller,WR,WR,,False,Inactive,2570987,29319,10900,11261,17964,00-0033069,,,,,,,12,6,Ohio State,braxtonmiller,miller,1572796561167
3204,C.J. Prosise,RB,RB,,True,Active,2980148,29324,10738,11319,17965,00-0032393,,,,,,,0,6,Notre Dame,cjprosise,prosise,1630454753832
3205,Cody Kessler,QB,QB,,True,Active,2577243,29327,11090,11305,17966,00-0033104,,,,,,,6,6,Southern California,codykessler,kessler,1598495442564
3208,Kenneth Dixon,RB,RB,,True,Active,2971888,29368,10989,11284,17969,00-0032411,,,,,,,38,6,Louisiana Tech,kennethdixon,dixon,1597845927646
3209,Devontae Booker,RB,RB,,True,Active,3122866,29370,10913,11270,17970,00-0032972,,,,,,,28,6,Utah,devontaebooker,booker,1659135339587
321,Jerome Simpson,WR,WR,,False,Inactive,11280,8823,5683,,7857,,,,,,,,14,12,Coastal Carolina,jeromesimpson,simpson,
3210,Cardale Jones,QB,QB,,False,Inactive,2976299,29373,11007,10325,17971,00-0033098,,,,,,,7,6,Ohio State,cardalejones,jones,1568835621332
3211,Paul Perkins,RB,RB,,True,Active,2971589,29383,10804,11351,17972,00-0032417,,,,,,,0,6,UCLA,paulperkins,perkins,1620069937103
3213,Trevone Boykin,QB,QB,,False,Inactive,2575910,29812,10915,11272,17974,00-0032462,,,,,,,2,6,Texas Christian,trevoneboykin,boykin,1534818007821
3214,Hunter Henry,TE,TE,NE,True,Active,3046439,29269,10735,11299,17975,00-0033090,,,,,TE,1,85,10,Arkansas,hunterhenry,henry,1770254751548
322,Antonio Gates,TE,TE,,False,Injured Reserve,5362,6663,3172,611,7884,00-0021547,,,,,,,0,19,Kent State,antoniogates,gates,1579033230170
3225,Tyler Boyd,WR,WR,,True,Active,3045144,29288,10822,11271,17986,00-0033009,,,,,,,83,9,Pittsburgh,tylerboyd,boyd,1751387156597
323,Jamaal Charles,RB,RB,,False,Injured Reserve,11307,8850,5663,4617,7969, 00-0026213,,,,,,,0,14,Texas,jamaalcharles,charles,1556823305394
3239,Bronson Kaufusi,TE,TE,GB,True,Active,2980444,29304,11087,11381,18000,00-0033117,,,,,,,45,6,BYU,bronsonkaufusi,kaufusi,1630520460191
3242,Kenyan Drake,RB,RB,,True,Active,2979843,29307,11002,11263,18003,00-0033118,,,,,,,32,8,Alabama,kenyandrake,drake,1721490054474
3253,Leonte Carroo,WR,WR,,False,Inactive,2982804,29320,10899,11277,18014,00-0033060,,,,,,,88,6,Rutgers,leontecarroo,carroo,1569969914948
3257,Jacoby Brissett,QB,QB,ARI,True,Active,2578570,29325,10919,11341,18018,00-0033119,,,,,QB,2,7,10,North Carolina State,jacobybrissett,brissett,1770224424559
3258,Nick Vannett,TE,TE,LAR,True,Active,2576399,29328,10949,11329,18019,00-0032394,,,,,TE,5,38,10,Ohio State,nickvannett,vannett,1769379356948
326,Darren McFadden,RB,RB,,False,Inactive,11238,8781,5579,4649,8066,00-0026144,,,,,,,20,12,Arkansas,darrenmcfadden,mcfadden,1511902802749
3269,Chris Moore,WR,WR,WAS,True,Active,2576581,29341,10994,11429,18030,00-0032398,,,,,SWR,8,19,10,Cincinnati,chrismoore,moore,1768243237587
3271,Tyler Higbee,TE,TE,LAR,True,Active,2573401,29344,10854,11430,18032,00-0033110,,,,,TE,1,89,10,Western Kentucky,tylerhigbee,higbee,1770065737236
3273,Malcolm Mitchell,WR,WR,,False,Inactive,2578553,29346,10991,11312,18034,00-0032400,,,,,,,19,6,Georgia,malcolmmitchell,mitchell,1553370958780
3275,Ricardo Louis,WR,WR,,False,Inactive,2971023,29348,11000,,18036,00-0033079,,,,,,,80,6,Auburn,ricardolouis,louis,1599005133854
3278,Pharoh Cooper,WR,WR,,True,Active,3048897,29351,10823,11281,18039,00-0033111,,,,,,,0,7,South Carolina,pharohcooper,cooper,1718085626166
328,Kellen Davis,TE,TE,,False,Inactive,11392,8935,5787,,8142,,,,,,,,47,12,Michigan State,kellendavis,davis,
3280,Tyler Ervin,RB,RB,,True,Inactive,2573974,29353,10995,11355,18041,00-0032404,Questionable,Foot,,,,,32,6,San Jose State,tylerervin,ervin,1612979149228
3286,Demarcus Robinson,WR,WR,SF,True,Active,3043116,29360,11163,11438,18047,00-0032775,,,,,SWR,4,5,10,Florida,demarcusrobinson,robinson,1768851936127
3294,Dak Prescott,QB,QB,DAL,True,Active,2577417,29369,11008,11318,18055,00-0033077,,,,,QB,1,4,10,Mississippi State,dakprescott,prescott,1767810055814
3296,Seth DeValve,TE,TE,,True,Inactive,2566659,29372,11221,,18057,00-0033080,,,,,,,86,6,Princeton,sethdevalve,devalve,1608938141494
3297,Tajae Sharpe,WR,WR,,True,Inactive,2982828,29374,11003,11325,18058,00-0032778,Questionable,Undisclosed,,,,,17,6,UMass,tajaesharpe,sharpe,1669255504461
3300,DeAndre Washington,RB,RB,,True,Inactive,2577654,29377,10893,11446,18061,00-0032940,,,,,,,31,6,Texas Tech,deandrewashington,washington,1609692944268
3306,Jordan Howard,RB,RB,,True,Active,3060022,29384,10815,11339,18067,00-0032780,,,,,,,28,6,Indiana,jordanhoward,howard,1668604227540
3309,Wendell Smallwood,RB,RB,WAS,True,Active,3042429,29387,10806,11451,18070,00-0032782,,,,,,,38,6,West Virginia,wendellsmallwood,smallwood,1641276961310
331,Philip Rivers,QB,QB,IND,True,Active,5529,6763,3766,1813,8244,00-0022942,,,,,QB,2,17,22,North Carolina State,philiprivers,rivers,1769440504298
3310,Jordan Payton,WR,WR,,False,Inactive,2971588,29388,11013,11403,18071,,,,,,,,84,6,UCLA,jordanpayton,payton,
3312,Jonathan Williams,RB,RB,,True,Active,2980077,29390,10851,11405,18073,00-0032975,Questionable,Concussion,,,,,18,8,Arkansas,jonathanwilliams,williams,1703268642554
3318,Kevin Hogan,QB,QB,,True,Active,2577128,29396,11058,11300,18079,00-0032784,,,,,,,5,7,Stanford,kevinhogan,hogan,1673413221455
3319,Trevor Davis,WR,WR,,True,Active,2573343,29397,11014,11456,18080,00-0032423,,,,,,,0,6,California,trevordavis,davis,1630459853865
3321,Tyreek Hill,WR,WR,MIA,True,Inactive,3116406,29399,11222,11458,18082,00-0033040,IR,Knee - ACL,,Surgery,RWR,1,10,10,West Alabama,tyreekhill,hill,1769203217192
3327,Alex Collins,RB,RB,,False,Active,3046409,29405,10803,11279,18088,00-0032426,,,,,,,41,6,Arkansas,alexcollins,collins,1692064212927
3328,Rashard Higgins,WR,WR,,True,Active,3042910,29406,10830,11384,18089,00-0032977,,,,,,,17,7,Colorado State,rashardhiggins,higgins,1713277830376
333,Ryan Fitzpatrick,QB,QB,,True,Active,8664,7426,4385,3240,8283,00-0023682,,,,,,,14,17,Harvard,ryanfitzpatrick,fitzpatrick,1654192837410
3332,Andy Janovich,RB,RB,,True,Active,2974317,29410,11068,11466,18093,00-0032956,,,,,,,41,6,Nebraska,andyjanovich,janovich,1661118321701
3333,Temarrick Hemingway,TE,TE,WAS,True,Active,2580330,29411,11009,,18094,00-0033112,,,,,,,88,6,South Carolina State,temarrickhemingway,hemingway,1641879031265
3336,Moritz Bohringer,TE,TE,,True,Active,4002672,29414,11212,11470,18097,00-0032341,,,,,,,49,6,No College,moritzbohringer,bohringer,1596496505949
3338,Keenan Reynolds,WR,WR,,False,Inactive,2970457,29416,11227,11472,18099,00-0033078,,,,,,,19,6,Navy,keenanreynolds,reynolds,1567355135511
3340,Jerell Adams,TE,TE,,True,Active,2978727,29418,10876,,18101,00-0032429,,,,,,,0,6,South Carolina,jerelladams,adams,1630347336031
3342,Jakeem Grant,WR,WR,,True,Active,2577641,29420,10990,11475,18103,00-0032791,,,,,,,84,8,Texas Tech,jakeemgrant,grant,1734242151808
3343,Nate Sudfeld,QB,QB,,True,Active,2979501,29421,11187,11476,18104,00-0032792,,,,,,,4,9,Indiana,natesudfeld,sudfeld,1755820825060
3344,David Morgan,TE,TE,,False,Inactive,2580052,29422,11139,,18105,00-0032430,,,,,,,89,6,Texas-San Antonio,davidmorgan,morgan,1584127525058
3347,Jake Rudock,QB,QB,,True,Injured Reserve,2582424,29425,11228,,18108,00-0032431,,,,,,,0,6,Michigan,jakerudock,rudock,1627860616853
3348,Kolby Listenbee,WR,WR,,True,Inactive,2971544,29426,10996,11354,18109,,,,,,,,18,6,Texas Christian,kolbylistenbee,listenbee,1528412101303
3353,Dan Vitale,RB,RB,,True,Injured Reserve,2974365,29431,10947,,18114,00-0032794,,,,,,,0,6,Northwestern,danvitale,vitale,1623111604450
3354,Derek Watt,RB,RB,,True,Active,2576450,29432,11232,,18115,00-0032897,,,,,,,44,7,Wisconsin,derekwatt,watt,1710258005566
3355,Cody Core,WR,WR,,True,Active,2980378,29433,10981,,18116,00-0032795,,,,,,,89,6,Ole Miss,codycore,core,1658868024160
3357,Brandon Allen,QB,QB,TEN,True,Active,2574511,29435,10882,11488,18118,00-0032434,,,,,QB,2,10,10,Arkansas,brandonallen,allen,1767573304736
3362,Jeff Driskel,QB,QB,WAS,True,Active,2574630,29441,11026,11340,18123,00-0032436,,,,,QB,3,15,10,Louisiana Tech,jeffdriskel,driskel,1766598329609
3366,Kelvin Taylor,RB,RB,,False,Inactive,3043120,29445,10816,,18127,,,,,,,,38,6,Florida,kelvintaylor,taylor,1523569501024
3368,Aaron Burbridge,WR,WR,,False,Inactive,2979533,29447,10927,,18129,00-0032441,,,,,,,13,6,Michigan State,aaronburbridge,burbridge,1563425454237
3371,Darius Jackson,RB,RB,,True,Active,2980197,29450,11190,,18132,00-0033049,,,,,,,0,6,Eastern Michigan,dariusjackson,jackson,1641448515299
3372,Rico Gathers,TE,TE,,False,Inactive,2990959,29451,11236,11501,18133,00-0033054,,,,,,,0,6,Baylor,ricogathers,gathers,1568131856709
3378,Brandon Doughty,QB,QB,,False,Inactive,2517676,29457,11024,,18139,,,,,,,,7,6,Western Kentucky,brandondoughty,doughty,1525728901331
3380,Devin Lucien,WR,WR,,True,Active,2577190,29459,11006,,18141,00-0032447,,,,,,,10,6,Arizona State,devinlucien,lucien,1535831708976
3384,Demarcus Ayers,WR,WR,,False,Inactive,3040026,29463,10731,,18145,00-0032365,,,,,,,14,6,Houston,demarcusayers,ayers,1514861401521
3385,Daniel Braverman,WR,WR,,False,Inactive,2973052,29464,10821,,18146,00-0032801,,,,,,,83,6,Western Michigan,danielbraverman,braverman,1515462603505
3386,Thomas Duarte,TE,TE,,False,Inactive,3047558,29465,10820,,18147,00-0033061,,,,,,,85,6,UCLA,thomasduarte,duarte,1567203059278
339,Brian Hartline,WR,WR,,False,Inactive,12568,9372,6114,5191,8330,,,,,,,,83,11,Ohio State,brianhartline,hartline,
3391,Dwayne Washington,RB,RB,,True,Active,3002265,29470,10737,11518,18152,00-0032450,Questionable,Illness,,,,,39,8,Washington,dwaynewashington,washington,1703975402036
3392,Daniel Lasco,RB,RB,,False,Inactive,2576873,29471,10997,,18153,00-0032804,,,,,,,36,6,California,daniellasco,lasco,1551930045673
3393,Devin Fuller,WR,WR,,True,Active,2971574,29472,11198,,18154,,,,,,,,0,6,UCLA,devinfuller,fuller,1530304801510
3396,Charone Peake,WR,WR,,False,Inactive,2576498,29475,11001,11410,18157,00-0032959,,,,,,,17,6,Clemson,charonepeake,peake,1588021862005
3397,Keith Marshall,RB,RB,,True,Active,2971062,29476,10993,11309,18158,,,,,,,,39,6,Georgia,keithmarshall,marshall,1532568901707
3398,Kenny Lawler,WR,WR,,True,Active,2978201,29477,10749,,18159,,,,,,,,11,6,California,kennylawler,lawler,
34,Pierre Thomas,RB,RB,,False,Inactive,10713,8561,5517,4503,957,,,,,,,,39,13,Illinois,pierrethomas,thomas,
340,Lex Hilliard,RB,RB,,False,Inactive,,,,,8331,,,,,,,,36,5,Montana,lexhilliard,hilliard,
3402,Zac Brooks,RB,RB,,True,Active,2977667,29481,11245,,18163,,,,,,,,30,9,Clemson,zacbrooks,brooks,
3407,Beau Sandland,TE,TE,,True,Active,3039705,29486,10967,,18168,,,,,,,,85,6,Montana State,beausandland,sandland,1532128801452
3410,Jake Coker,QB,QB,,True,Active,2576773,29569,11250,,18171,,,,,,,,6,9,Alabama,jakecoker,coker,
3412,Devon Johnson,RB,RB,,True,Active,,32114,13868,,18173,,,,,,,,0,6,Marshall,devonjohnson,johnson,
3418,Mekale McKay,WR,WR,,True,Active,2980068,29605,11134,,18181,00-0032351,,,,,,,19,6,Cincinnati,mekalemckay,mckay,1555509960789
3420,Alonzo Russell,WR,WR,,False,Inactive,2980238,29710,11165,,18184,00-0032550,,,,,,,0,6,Toledo,alonzorussell,russell,1567365636993
3423,Robbie Chosen,WR,WR,,True,Active,2574808,29785,11191,11627,18187,00-0032688,,,,,,,12,10,Temple,robbiechosen,chosen,1764712237230
3433,Alex Erickson,WR,WR,,True,Active,2977800,29703,11257,11614,18197,00-0032543,,,,,,,82,9,Wisconsin,alexerickson,erickson,1736968813697
344,Julian Edelman,WR,WR,,True,Injured Reserve,12649,9496,6141,5440,8355,00-0027150,,,,,,,0,13,Kent State,julianedelman,edelman,1621617329758
3440,Josh Woodrum,QB,QB,,True,Active,2575214,29870,10943,11612,18204,00-0032658,,,,,,,0,6,Liberty,joshwoodrum,woodrum,1565671244786
3443,Chris Swain,RB,RB,,True,Active,2970472,29531,11490,,18207,,,,,,,,30,6,Navy,chrisswain,swain,
3445,Marcus Johnson,WR,WR,,True,Active,2971718,29678,11534,,18209,00-0032980,,,,,,,84,7,Texas,marcusjohnson,johnson,1675396517446
3447,Cayleb Jones,WR,WR,,True,Active,2971719,29679,11015,11601,18211,00-0032963,,,,,,,16,6,Arizona,caylebjones,jones,1535761331202
345,Brian Hoyer,QB,QB,,True,Active,12477,9547,6140,5463,8358,00-0026625,,,,,,,7,15,Michigan State,brianhoyer,hoyer,1709955955225
3451,Ka'imi Fairbairn,K,K,HOU,True,Active,2971573,29792,11031,,18215,00-0032726,,,,,K,1,15,10,UCLA,kaimifairbairn,fairbairn,1767626709325
3453,Josh Ferguson,RB,RB,,True,Active,2576165,29599,11005,11293,18217,00-0032377,,,,,,,36,6,Illinois,joshferguson,ferguson,1596496205763
3454,Danny Anthrop,WR,WR,,True,Active,2977751,29595,11208,,18218,,,,,,,,0,9,Purdue,dannyanthrop,anthrop,
3456,Joel Stave,QB,QB,,True,Injured Reserve,2576446,29545,11185,,18220,,,,,,,,0,6,Wisconsin,joelstave,stave,1525726201361
3457,Rashawn Scott,WR,WR,,False,Inactive,2579623,29836,11168,,18221,00-0032621,,,,,,,87,6,Miami,rashawnscott,scott,1536344109572
346,Brandon Tate,WR,WR,,False,Inactive,12597,9347,6023,,8373,00-0027057,,,,,,,87,13,North Carolina,brandontate,tate,1538523904594
3460,Ross Martin,K,K,,True,Active,2969886,29793,11457,,18224,,,,,,,,7,6,Duke,rossmartin,martin,1535493930353
3461,Russell Hansbrough,RB,RB,,False,Inactive,2971435,29575,11410,,18225,00-0032747,,,,,,,0,6,Missouri,russellhansbrough,hansbrough,1546556736028
3462,Jared Dangerfield,WR,WR,,True,Active,3124788,29844,11499,,18226,,,,,,,,0,9,Western Kentucky,jareddangerfield,dangerfield,
3463,Jhurell Pressley,RB,RB,,False,Inactive,2974212,29542,11197,,18227,00-0032611,,,,,,,27,6,New Mexico,jhurellpressley,pressley,1554472516175
3464,Marquez North,WR,WR,,True,Active,3044716,29733,10937,,18228,,,,,,,,3,6,Tennessee,marqueznorth,north,
3465,Ben Braunecker,TE,TE,,True,Active,2969241,29913,10917,,18229,00-0032661,,,,,,,0,6,Harvard,benbraunecker,braunecker,1595546747920
3467,Taylor Bertolet,K,K,,True,Inactive,2578718,29712,11568,11586,18231,00-0032669,,,,,,,12,7,Texas A&M,taylorbertolet,bertolet,1674522320550
3470,Paul McRoberts,WR,WR,,False,Inactive,2975817,29730,11010,,18234,,,,,,,,19,6,Southeast Missouri,paulmcroberts,mcroberts,1514352001701
3471,Aaron Green,RB,RB,,False,Inactive,2570994,29715,11012,,18235,00-0032672,,,,,,,36,6,Texas Christian,aarongreen,green,1527116701448
3472,David Grinnage,TE,TE,,False,Inactive,2970038,29728,10777,,18236,00-0032634,,,,,,,86,6,North Carolina State,davidgrinnage,grinnage,1542070213376
3475,Keyarris Garrett,WR,WR,,True,Active,2575381,29502,10992,,18240,,,,,,,,0,6,Tulsa,keyarrisgarrett,garrett,
3476,Johnny Holton,WR,WR,,True,Active,3056906,29958,11059,,18241,00-0032935,,,,,,,80,6,Cincinnati,johnnyholton,holton,1601930748348
348,Shonn Greene,RB,RB,,False,Inactive,12500,,,,8399,,,,,,,,23,6,Iowa,shonngreene,greene,
3481,Kyle Carter,TE,TE,,False,Inactive,2582138,29537,11496,,18246,00-0032606,,,,,,,48,6,Penn State,kylecarter,carter,1567287306275
3484,Nelson Spruce,WR,WR,,False,Inactive,2576952,29743,11182,,18249,00-0032685,,,,,,,5,6,Colorado,nelsonspruce,spruce,1535987767706
3485,Henry Krieger-Coble,TE,TE,,False,Inactive,3144999,29623,11422,,18250,00-0032523,,,,,,,87,6,Iowa,henrykriegercoble,kriegercoble,1515459601830
3486,Chris Brown,WR,WR,,True,Active,2980137,29888,10923,,18251,,,,,,,,0,6,Notre Dame,chrisbrown,brown,
3488,D.J. Foster,RB,RB,,True,Inactive,2978124,29872,11004,11565,18253,00-0032577,,,,,,,37,6,Arizona State,djfoster,foster,1626825947122
3490,Marshall Koehn,K,K,,False,Inactive,2582419,29834,11097,,18255,00-0032616,,,,,,,8,6,Iowa,marshallkoehn,koehn,1543281304680
3491,Byron Marshall,RB,RB,,False,Inactive,2971289,29680,11125,11561,18256,00-0032964,,,,,,,40,6,Oregon,byronmarshall,marshall,1573064721944
3492,Jalin Marshall,WR,WR,,False,Inactive,3051400,29791,10998,11562,18257, 00-0032694,,,,,,,89,6,Ohio State,jalinmarshall,marshall,1560987945639
3495,Mike Bercovici,QB,QB,,True,Active,2576822,29516,11654,,18261,,,,,,,,6,6,Arizona State,mikebercovici,bercovici,1512070802706
3496,Stephen Anderson,TE,TE,,True,Active,2576854,29789,10885,11556,18262,00-0032725,,,,,,,40,8,California,stephenanderson,anderson,1702689617868
3497,Darion Griswold,TE,TE,,True,Active,2572850,29600,11253,,18263,,,,,,,,83,6,Arkansas State,dariongriswold,griswold,
350,Mark Sanchez,QB,QB,,False,Injured Reserve,12482,9269,5973,5192,8415,00-0026898,,,,,,,0,13,USC,marksanchez,sanchez,1563902715581
3500,Devon Cajuste,WR,WR,,True,Active,2577123,29764,10932,,18266,00-0032716,,,,,,,83,6,Stanford,devoncajuste,cajuste,1535758616735
3503,Geronimo Allison,WR,WR,,True,Active,3115913,29719,10884,11550,18269,00-0032626,,,,,,,82,6,Illinois,geronimoallison,allison,1669157152692
3504,Steven Scheu,TE,TE,,True,Active,2577793,29877,11195,,18270,,,,,,,,81,6,Vanderbilt,stevenscheu,scheu,
3505,Dom Williams,WR,WR,,True,Active,2578446,29533,11092,,18271,,,,,,,,80,6,Washington State,domwilliams,williams,1533311411740
3506,Ryan Malleck,TE,TE,,False,Inactive,2577892,29857,11124,11545,18272,00-0032650,,,,,,,82,6,Virginia Tech,ryanmalleck,malleck,1542777332034
3509,Glenn Gronkowski,RB,RB,,False,Inactive,2977698,29550,11047,,18275,00-0032499,,,,,,,47,6,Kansas State,glenngronkowski,gronkowski,
3514,Jake McGee,TE,TE,,True,Active,2512657,29504,11132,,18280,00-0032997,,,,,,,80,6,Florida,jakemcgee,mcgee,1553142317848
3515,K.J. Maye,WR,WR,,True,Active,2970712,29861,11588,11536,18281,00-0032653,,,,,,,19,6,Minnesota,kjmaye,maye,1535397649384
3516,Mitch Mathews,WR,WR,,True,Active,2474890,29883,11210,,18282,,,,,,,,85,6,Brigham Young,mitchmathews,mathews,
3517,Hunter Sharp,WR,WR,,False,Inactive,3125354,29682,11016,,18283,00-0032839,,,,,,,15,6,Utah State,huntersharp,sharp,1565964940047
3519,Roger Lewis,WR,WR,,False,Inactive,3125745,29855,10843,11532,18285,00-0032659,,,,,,,8,6,Bowling Green,rogerlewis,lewis,1564587015146
352,Chase Coffman,TE,TE,,False,Inactive,12536,9362,6035,,8428,,,,,,,,85,11,Missouri,chasecoffman,coffman,
3520,Jay Lee,WR,WR,,True,Active,2577051,29780,11252,,18286,,,,,,,,0,9,Baylor,jaylee,lee,
3524,Marquise Williams,QB,QB,,True,Active,2577118,30013,11283,,18290,,,,,,,,0,9,North Carolina,marquisewilliams,williams,
3531,Marshaun Coprich,RB,RB,,True,Active,2975527,29843,10980,,18298,,,,,,,,0,9,Illinois State,marshauncoprich,coprich,
3532,Kenneth Farrow,RB,RB,,False,Inactive,2575553,29518,11209,11684,18299,00-0032902,,,,,,,34,6,Houston,kennethfarrow,farrow,1554823821039
3540,Jamaal Jones,WR,WR,,True,Active,3045565,29521,11638,,18307,00-0033003,,,,,,,15,6,Montana,jamaaljones,jones,1515534301464
3542,DeAndre Reaves,WR,WR,,True,Active,2979200,29529,11488,,18310,,,,,,,,0,9,Marshall,deandrereaves,reaves,
3547,Braedon Bowman,TE,TE,,False,Inactive,3125253,29508,11468,,18317,00-0032515,,,,,,,83,6,South Alabama,braedonbowman,bowman,1535986223053
3548,Jamal Robinson,WR,WR,,True,Active,2574024,29512,11199,,18318,,,,,,,,19,6,Louisiana-Lafayette,jamalrobinson,robinson,
355,Brian Leonard,RB,RB,,False,Inactive,,,,,8438,,,,,,,,40,7,Rutgers,brianleonard,leonard,
3551,Max Wittek,QB,QB,,True,Active,2577244,29515,11485,,18322,,,,,,,,0,9,Hawai'i,maxwittek,wittek,
3552,Wendall Williams,WR,WR,,False,Inactive,3933497,29819,11480,,18323,,,,,,,,82,6,Cumberlands,wendallwilliams,williams,
3554,David Reeves,TE,TE,,True,Active,,29493,11615,,18327,,,,,,,,0,9,Duke,davidreeves,reeves,
3555,Canaan Severin,WR,WR,,True,Active,2979681,29496,11545,,18328,,,,,,,,83,6,Virginia,canaanseverin,severin,1525711201736
3556,Christian Powell,RB,RB,,True,Active,,29492,11648,,18329,,,,,,,,,9,Colorado,christianpowell,powell,
3561,Bryce Williams,TE,TE,,True,Active,2981998,29879,10946,,18334,00-0032583,,,,,,,80,6,East Carolina,brycewilliams,williams,1523486701657
3564,Tre Madden,RB,RB,,False,Inactive,2577245,29821,10938,,18339,00-0032472,,,,,,,38,6,Southern California,tremadden,madden,1552525860652
3568,Marken Michel,WR,WR,,True,Active,2591718,29540,11501,,18343, 00-0032609,,,,,,,19,7,UMass,markenmichel,michel,1662131448660
3570,Brandon Ross,RB,RB,,True,Active,2577089,29544,11211,,18345,,,,,,,,0,9,Maryland,brandonross,ross,
3572,Andrew Bonnet,RB,RB,,True,Active,2573098,29499,11726,,18347,,,,,,,,40,6,North Dakota State,andrewbonnet,bonnet,
3573,Brandon Wilds,RB,RB,,False,Inactive,2577692,29661,10898,11682,18349,00-0032593,,,,,,,35,6,South Carolina,brandonwilds,wilds,1567195556672
3574,John Lunsford,K,K,,True,Active,2968266,29769,11121,,18350,,,,,,,,0,9,Liberty,johnlunsford,lunsford,
3579,Marshall Morgan,K,K,,True,Active,,,11326,,18358,,,,,,,,0,9,Georgia,marshallmorgan,morgan,
3582,Chester Rogers,WR,WR,,True,Active,2983209,29609,11256,11753,18361,00-0032355,,,,,,,80,6,Grambling State,chesterrogers,rogers,1669665058896
3583,Tevaun Smith,WR,WR,,False,Inactive,2979507,29612,11202,,18362,00-0032358,,,,,,,17,6,Iowa,tevaunsmith,smith,1536333601993
3584,Marcus Leak,WR,WR,,True,Active,2577081,29602,11254,,18363,,,,,,,,85,6,Maryland,marcusleak,leak,
3588,Michael Miller,TE,TE,,True,Active,4010885,29606,11255,,18368,,,,,,,,0,9,Taylor,michaelmiller,miller,
3593,Anthony Kelly,WR,WR,,True,Active,,29579,11652,,18373,,,,,,,,0,9,Kutztown,anthonykelly,kelly,
3594,Peyton Barber,RB,RB,,True,Active,3051902,29560,10902,11708,18375,00-0032741,,,,,,,31,6,Auburn,peytonbarber,barber,1641912637092
3595,Alan Cross,RB,RB,,False,Inactive,2586700,29571,11406,,18376,00-0032745,,,,,,,45,6,Memphis,alancross,cross,1547663432389
3596,Kivon Cartwright,TE,TE,,True,Active,2514375,29565,11479,,18377,,,,,,,,46,6,Colorado State,kivoncartwright,cartwright,
3599,Dez Stewart,WR,WR,,True,Inactive,4002656,29592,11604,,18384,,,,,,,,18,6,Ohio Dominican,dezstewart,stewart,
36,Matt Hasselbeck,QB,QB,,False,Inactive,1575,4416,949,519,1034,,,,,,,,8,22,Boston College,matthasselbeck,hasselbeck,
3606,Amir Carlisle,WR,WR,,True,Active,2577257,29567,11288,,18393,,,,,,,,0,9,Notre Dame,amircarlisle,carlisle,
3609,Chris King,WR,WR,,True,Active,,,11618,,18396,,,,,,,,0,9,Duquesne,chrisking,king,
3612,Hakeem Valles,TE,TE,,False,Inactive,2567213,29587,11300,,18399,00-0032508,,,,,,,84,6,"Monmouth, N.J.",hakeemvalles,valles,1545869705336
3614,Tommylee Lewis,WR,WR,,True,Active,2574918,29854,11508,11933,18401,00-0032881,Questionable,Hip,,,,,85,6,Northern Illinois,tommyleelewis,lewis,1640748904723
3615,Sione Houma,RB,RB,,True,Active,2977614,29851,11505,,18402,,,,,,,,0,9,Michigan,sionehouma,houma,
362,David Johnson,RB,RB|TE,,False,Inactive,12506,9505,6145,,8508,00-0026957,,,,,,,82,11,Arkansas State,davidjohnson,johnson,
3620,Bralon Addison,WR,WR,,False,Inactive,2971271,29616,10747,,18407, 00-0032482,,,,,,,89,6,Oregon,bralonaddison,addison,1596767449898
3621,Jordan Williams-Lambert,WR,WR,,True,Active,2972065,29865,11511,,18408, 00-0032876,,,,,,,0,6,Ball State,jordanwilliamslambert,williamslambert,1587864347872
3622,Mose Frazier,WR,WR,,False,Inactive,2977874,29618,11387,,18409,00-0032488,,,,,,,14,6,Memphis,mosefrazier,frazier,1560380748838
3630,Durron Neal,WR,WR,,True,Active,2976594,29626,11425,,18417,,,,,,,,0,9,Oklahoma,durronneal,neal,
3634,Kalif Raymond,WR,WR,DET,True,Active,2973405,29631,11429,,18422,00-0032464,,,,,SWR,4,11,10,Holy Cross,kalifraymond,raymond,1767645906360
3639,Duplicate Player,WR,WR,,False,Inactive,,900000,11077,,18428, 00-0032876,,,,,,,81,3,Ball State,duplicateplayer,player,
3640,Soma Vainuku,RB,RB,,True,Active,2510605,29810,10952,,18430,,,,,,,,37,6,Southern California,somavainuku,vainuku,
3644,Lawrence Thomas,RB,RB,,False,Inactive,2576280,29805,10956,,18435,00-0032740,,,,,,,44,6,Michigan State,lawrencethomas,thomas,1536436501934
3646,Quayvon Hicks,RB,RB,,True,Active,2977646,30087,11057,,18437,,,,,,,,36,5,Georgia,quayvonhicks,hicks,
3648,Matt Weiser,TE,TE,,True,Active,2574404,29532,11492,,18441,00-0032914,,,,,,,87,6,Buffalo,mattweiser,weiser,1534906519684
3649,Michael Cooper,TE,TE,,False,Inactive,,29637,11260,,18442,,,,,,,,49,0,Indiana,michaelcooper,cooper,
365,Mike Wallace,WR,WR,,False,Inactive,12601,9348,6110,5329,8529,00-0026901,,,,,,,14,13,Mississippi,mikewallace,wallace,1547411185002
3650,Maurice Harris,WR,WR,,False,Inactive,2576868,29638,11261,11788,18443,00-0032362,,,,,,,16,6,California,mauriceharris,harris,1596403821772
3652,Mike Thomas,WR,WR,,True,Active,3123986,29440,11076,11491,18445,00-0033114,Questionable,Shoulder - Labrum,,Surgery,,,87,7,Southern Miss,mikethomas,thomas,1690348218807
3653,Brandon Williams,TE,TE,,False,Inactive,2184059,29901,11349,,18446,,,,,,,,85,7,Oregon,brandonwilliams,williams,
3655,Reggie Diggs,WR,WR,,True,Active,,29690,11264,,18448,,,,,,,,17,6,Richmond,reggiediggs,diggs,
3657,Rob Kelley,RB,RB,,False,Inactive,2575408,29694,11265,11834,18451,00-0032371,,,,,,,20,6,Tulane,robkelley,kelley,1565106929571
3658,Joe Kerridge,RB,RB,,False,Inactive,2576236,29695,11266,,18452,00-0032375,,,,,,,48,6,Michigan,joekerridge,kerridge,1571439020252
366,Kenny Britt,WR,WR,,False,Inactive,12556,9294,5963,5130,8532,00-0027006,,,,,,,88,11,Rutgers,kennybritt,britt,1554148817395
3660,Valdez Showers,WR,WR,,True,Active,2578583,29697,11267,,18454,,,,,,,,5,6,Florida,valdezshowers,showers,
3664,J.D. McKissic,RB,RB,,True,Inactive,2572861,29650,11312,11800,18464,00-0032602,,,,,,,23,7,Arkansas State,jdmckissic,mckissic,1678847454291
3668,Joshua Perkins,TE,TE,NYJ,True,Active,2578377,29654,11317,,18468,00-0032599,,,,,,,89,6,Washington,joshuaperkins,perkins,1640841938739
367,Jared Cook,TE,TE,,True,Active,12537,9353,5981,5165,8534,00-0027061,,,,,,,87,13,South Carolina,jaredcook,cook,1642086608615
3670,Will Ratelle,RB,RB,,True,Active,2570204,29656,11324,,18470,,,,,,,,39,6,North Dakota,willratelle,ratelle,
3672,David Richards,WR,WR,,False,Inactive,2576762,29658,11281,,18472,,,,,,,,12,0,Arizona,davidrichards,richards,
3673,Nick Rose,K,K,,False,Inactive,2971728,29659,11434,,18473,00-0032584,,,,,,,6,6,Texas,nickrose,rose,1575346252637
3678,Wil Lutz,K,K,DEN,True,Active,2985659,29754,11309,11877,18478,00-0032569,,,,,K,1,3,10,Georgia State,willutz,lutz,1767747315172
3684,Derek Keaton,WR,WR,,False,Inactive,,29918,11659,,18484,,,,,,,,18,0,Georgia Southern,derekkeaton,keaton,
3686,Joe Sommers,TE,TE,,False,Inactive,3150065,29921,11357,,18486,,,,,,,,40,0,Wisconsin-Oshkosh,joesommers,sommers,
3688,Tra Carson,RB,RB,,True,Active,2972283,29700,10969,11359,18488,00-0032540,,,,,,,34,6,Texas A&M,tracarson,carson,1588001757701
3690,Antwane Grant,WR,WR,,False,Inactive,3124785,29704,11361,,18490,,,,,,,,82,0,Western Kentucky,antwanegrant,grant,
3695,J.P. Holtz,TE,TE,,True,Active,2970262,29666,11364,,18498,00-0032986,,,,,,,86,7,Pittsburgh,jpholtz,holtz,1698188132625
3698,Patrick Skov,RB,RB,,False,Inactive,,29671,11368,,18501,,,,,,,,48,0,Georgia Tech,patrickskov,skov,
370,Nate Washington,WR,WR,,False,Inactive,9307,7492,4648,3446,8564,,,,,,,,84,15,Tiffin,natewashington,washington,
3701,Ed Eagan,WR,WR,,False,Inactive,2974590,29891,11268,,18506,,,,,,,,84,6,"Northwestern State, La.",edeagan,eagan,1510673101056
3702,Andy Jones,WR,WR,NYG,False,Inactive,2982761,29893,11269,,18508,00-0032707,,,,,,,0,6,Jacksonville,andyjones,jones,1628571344765
3710,Jace Billingsley,WR,WR,,False,Inactive,3060950,29772,11330,,18516,00-0032553,,,,,,,16,6,Eastern Oregon,jacebillingsley,billingsley,1537326003925
3711,Quinshad Davis,WR,WR,,False,Inactive,2970000,29774,11206,,18517,,,,,,,,1,0,North Carolina,quinshaddavis,davis,
3712,Adam Fuehne,TE,TE,,False,Inactive,2566996,29778,11333,,18519,,,,,,TE,6,86,0,Southern Illinois,adamfuehne,fuehne,
3715,Cole Wick,TE,TE,,False,Inactive,2982151,29783,11347,,18522,00-0032562,,,,,,,85,6,Incarnate Word,colewick,wick,1613169924064
3717,Joe Callahan,QB,QB,,False,Inactive,3078660,29722,11441,,18525,00-0032630,,,,,,,2,6,Wesley,joecallahan,callahan,1575217211492
372,James Casey,RB,RB|TE,,False,Inactive,12535,9416,,,8569,,,,,,,,80,11,Rice,jamescasey,casey,
3722,Don Jackson,RB,RB,,False,Inactive,3042945,29731,11447,11858,18530,,,,,,,,0,6,Nevada,donjackson,jackson,
3727,Dennis Parks,WR,WR,,True,Active,,29738,11279,,18535,,,,,,,,0,9,Rice,dennisparks,parks,
3729,Herb Waters,WR,WR,,False,Inactive,2969976,29749,11567,,18539,00-0032652,,,,,,,35,6,Miami,herbwaters,waters,1567105238978
3730,Tevin Jones,WR,WR,,True,Active,2586703,29795,11467,,18540,00-0032728,,,,,,,0,6,Memphis,tevinjones,jones,1627875617715
3732,Richard Mullaney,WR,WR,,True,Active,2577014,29803,11471,,18543,,,,,,,,83,6,Alabama,richardmullaney,mullaney,
374,Dan Orlovsky,QB,QB,,False,Inactive,8559,7321,4312,,8590,,,,,,,,8,15,Connecticut,danorlovsky,orlovsky,1507738083500
3759,Gabe Hughes,TE,TE,,False,Inactive,,29830,11594,,18571,,,,,,,,89,0,Florida Tech,gabehughes,hughes,
3762,Brandon Shippen,WR,WR,,True,Active,2976250,29837,11597,,18574,00-0032625,,,,,,,12,6,Temple,brandonshippen,shippen,1528985101937
3768,Darius Powe,WR,WR,,False,Inactive,2978216,29868,11201,,18581,,,,,,,,80,6,California,dariuspowe,powe,1524528601325
377,Donald Brown,RB,RB,,False,Inactive,12489,9291,5966,,8604,,,,,,,,34,11,Connecticut,donaldbrown,brown,
3770,Quenton Bundrage,WR,WR,,True,Active,2577153,29787,11203,,18583,,,,,,,,0,9,Iowa State,quentonbundrage,bundrage,
3774,Jason Vander Laan,TE,TE,,True,Inactive,3057863,29806,11585,,18587,00-0032689,,,,,,,86,6,Ferris State,jasonvanderlaan,vanderlaan,1613169623821
3780,Cedric O'Neal,RB,RB,,True,Active,3016887,29681,11536,,18593,,,,,,,,0,6,Valdosta State,cedriconeal,oneal,
3783,Paul Turner,WR,WR,,False,Inactive,2577286,29686,11540,,18596,00-0032841,,,,,,,86,6,Louisiana Tech,paulturner,turner,1535742995004
3788,Tanner McEvoy,WR,WR,,False,Inactive,2577684,29825,11561,,18602, 00-0032475,,,,,,,87,6,Wisconsin,tannermcevoy,mcevoy,1564595722763
3797,Bryce Treggs,WR,WR,,False,Inactive,2978219,29775,11011,,18611,00-0032724,,,,,,,16,6,California,brycetreggs,treggs,1535934943794
3799,David Glidden,WR,WR,,False,Inactive,2577517,29900,11291,,18613,,,,,,,,7,0,Oklahoma State,davidglidden,glidden,
380,Rashad Jennings,RB,RB,,False,Inactive,12503,9514,6007,5273,8649,,,,,,,,23,11,Liberty,rashadjennings,jennings,1512750001181
3802,Chris Hubert,WR,WR,,False,Inactive,2986501,29905,11295,,18616,,,,,,,,81,6,Fayetteville State,chrishubert,hubert,
3803,Elijhaa Penny,RB,RB,,True,Active,2575965,29906,11297,11964,18617,00-0032813,,,,,,,39,6,Idaho,elijhaapenny,penny,1646932536560
3804,Darrin Peterson,WR,WR,,False,Inactive,2968269,29923,11354,,18618,,,,,,,,15,0,Liberty,darrinpeterson,peterson,
3805,Jon Brown,K,K,,True,Active,3135726,29915,11738,,18619,00-0032835,,,,,,,0,6,Louisville,jonbrown,brown,1604952627758
3810,Brandon Burks,RB,RB,,False,Inactive,2972811,29930,11440,,18626,,,,,,,,26,6,Troy,brandonburks,burks,
3811,Alstevis Squirewell,RB,RB,,True,Active,3137094,29931,11598,,18627,,,,,,,,40,9,Newberry,alstevissquirewell,squirewell,
3816,Brandon Brown-Dukes,RB,RB,,True,Active,4012719,29903,11542,,18632,,,,,,,,38,6,Mercyhurst,brandonbrowndukes,browndukes,
3817,Marcus Tucker,WR,WR,,True,Inactive,4012737,29904,11547,,18633,00-0032832,,,,,,,16,6,Northern Michigan,marcustucker,tucker,1539130805966
3819,Taniela Tupou,RB,RB,,False,Inactive,2578390,29939,11564,,18636,00-0032852,,,,,,,75,6,Washington,tanielatupou,tupou,1523486101242
3824,Alex Ellis,TE,TE,,True,Active,2577731,29944,11397,,18642,00-0032864,,,,,,,36,6,Tennessee,alexellis,ellis,1658882425419
3827,Aldrick Rosas,K,K,,True,Active,3068939,29949,11403,11998,18645,00-0032870,Questionable,Undisclosed,,,,,13,6,Southern Oregon,aldrickrosas,rosas,1663711823561
3832,C.J. Ham,RB,RB,MIN,True,Active,4012556,29951,11599,,18652,00-0032918,,,,,,,30,10,Augustana,cjham,ham,1767581706030
3834,K.J. Brent,WR,WR,,False,Inactive,2577664,29953,11512,,18654,00-0032926,,,,,,,15,6,Wake Forest,kjbrent,brent,1570661462516
3840,Max McCaffrey,WR,WR,,False,Inactive,2969896,29961,11207,,18660,00-0032937,,,,,,,0,6,Duke,maxmccaffrey,mccaffrey,1574544924851
3842,Ryan O'Malley,TE,TE,,False,Inactive,2566643,29963,11647,,18662,00-0032932,,,,,,,48,6,Pennsylvania,ryanomalley,omalley,1534722614607
3846,Duke Williams,WR,WR,,True,Active,3115315,29973,10945,,18666, 00-0032945,Questionable,Hamstring,,,,,0,6,Auburn,dukewilliams,williams,1630014314184
3852,Jaydon Mickens,WR,WR,,True,Active,2978308,29978,11213,,18673,00-0033006,,,,,,,17,8,Washington,jaydonmickens,mickens,1703046659491
3856,Braxton Deaver,TE,TE,,False,Inactive,2512458,29990,11335,,18677,,,,,,,,48,0,Duke,braxtondeaver,deaver,
3858,Miles Shuler,WR,WR,,False,Inactive,2582387,29992,11339,,18679,,,,,,,,12,0,Northwestern,milesshuler,shuler,
3859,Jalen Simmons,RB,RB,,True,Active,2580343,29993,11340,,18680,00-0033035,,,,,,,34,6,South Carolina State,jalensimmons,simmons,1539882645710
386,Brandon Lloyd,WR,WR,,False,Inactive,4582,,,,8694,,,,,,,,84,11,Illinois,brandonlloyd,lloyd,
3861,Kieren Duncan,WR,WR,,False,Inactive,3059552,29987,11275,,18682,,,,,,,,85,0,Colorado State-Pueblo,kierenduncan,duncan,
3863,Joe Licata,QB,QB,,False,Inactive,2574378,29996,11378,,18685,,,,,,,,8,0,Buffalo,joelicata,licata,
3864,Jake Lampman,WR,WR,,False,Inactive,3057850,30002,11276,,18686,00-0033021,,,,,,,19,6,Ferris State,jakelampman,lampman,1629324303052
3866,Joe Hansley,WR,WR,,False,Inactive,2973604,29998,11519,,18688,,,,,,,,9,0,Colorado State,joehansley,hansley,
3868,Jalen Richard,RB,RB,LV,True,Active,2972091,30000,11522,12049,18690,00-0033025,,,,,,,30,6,Southern Miss,jalenrichard,richard,1659801014055
387,Knowshon Moreno,RB,RB,,False,Inactive,12516,,,5163,8699,,,,,,,,28,6,Georgia,knowshonmoreno,moreno,
3871,Sam Bergen,RB,RB,,False,Inactive,,29982,11395,,18693,,,,,,,,40,0,Rutgers,sambergen,bergen,
3873,Ben Roberts,WR,WR,,False,Inactive,3927739,29983,11402,,18695,,,,,,LWR,3,12,0,Montana,benroberts,roberts,
3877,Kelsey Young,RB,RB,,False,Inactive,,30005,11394,,18699,,,,,,,,32,0,Boise State,kelseyyoung,young,
3878,Austin Traylor,TE,TE,,False,Inactive,2576449,30008,11277,,18700,00-0033043,,,,,,,87,6,Wisconsin,austintraylor,traylor,1567428346930
388,Kyle Orton,QB,QB,,False,Inactive,8520,,,3214,8703,,,,,,,,18,10,Purdue,kyleorton,orton,
3880,M.J. McFarland,TE,TE,,True,Active,2577567,30007,11535,,18702,,,,,,,,0,6,Texas-El Paso,mjmcfarland,mcfarland,
3883,Romar Morris,RB,RB,,True,Active,2577106,30016,11205,,18705,,,,,,,,30,6,North Carolina,romarmorris,morris,
3887,Ben McCord,TE,TE,,False,Inactive,,30017,11200,,18709,,,,,,,,49,0,Central Michigan,benmccord,mccord,
3889,Marquis Bundy,WR,WR,,False,Inactive,2974198,30019,11649,,18711,00-0033087,,,,,,,86,6,New Mexico,marquisbundy,bundy,1515437401529
389,Matt Cassel,QB,QB,,False,Inactive,8644,7406,4574,3237,8723,00-0023662,,,,,,,8,17,Southern California,mattcassel,cassel,1567096536759
3890,Devon Bell,K,K,,True,Active,2971374,30020,11329,,18712,,,,,,,,0,9,Mississippi State,devonbell,bell,
3891,Kyle Coleman,RB,RB,,True,Active,2572846,30021,11558,,18713,00-0033086,,,,,,,96,6,Arkansas-Pine Bluff,kylecoleman,coleman,
3892,Jarvis Turner,WR,WR,,False,Inactive,2988610,30022,11392,,18714,,,,,,,,15,0,Alcorn State,jarvisturner,turner,
3893,Reece Horn,WR,WR,,True,Active,2989641,30063,11398,,18715, 00-0033092,,,,,,,15,6,Indianapolis,reecehorn,horn,1629217845461
3894,Garrett Griffin,TE,TE,,True,Active,2987440,30024,11502,,18716,00-0033095,,,,,,,86,7,Air Force,garrettgriffin,griffin,1672118760320
3895,Marvin Hall,WR,WR,,True,Active,2578369,30023,11517,,18717,00-0033094,,,,,,,14,6,Washington,marvinhall,hall,1661211010618
3896,Benson Browne,TE,TE,,False,Inactive,,30026,11569,,18719,,,,,,,,82,0,North Carolina State,bensonbrowne,browne,
3897,Paul Lang,TE,TE,,False,Inactive,2576272,30027,11632,,18720,,,,,,,,87,0,Michigan State,paullang,lang,
3901,Brandon Johnson,RB,RB,,False,Inactive,,30031,,,18725,,,,,,,,39,0,Penn State,brandonjohnson,johnson,
3905,Mandel Dixon,TE,TE,,False,Inactive,,30035,11606,,18731,,,,,,,,49,0,Tulsa,mandeldixon,dixon,
3908,Eric Wallace,TE,TE,,True,Active,2326150,30037,11609,,18734,,,,,,,,46,6,Seattle University,ericwallace,wallace,
3909,Sam Ficken,K,K,,True,Active,2582139,30038,11610,12088,18735,00-0033138,,,,,,,18,7,Penn State,samficken,ficken,1665529231099
391,Ryan Succop,K,K,,True,Active,12731,9520,6150,5461,8750,00-0026968,,,,,,,3,14,South Carolina,ryansuccop,succop,1679665861767
3911,Rashaun Simonise,WR,WR,,False,Inactive,4036547,30040,11602,,18737,,,,,,LWR,4,13,0,"Calgary, Canada",rashaunsimonise,simonise,
3914,Dobson Collins,WR,WR,,False,Inactive,12913,9668,6951,,18740,,,,,,,,14,1,Gardner-Webb,dobsoncollins,collins,
3916,David Watford,WR,WR,,True,Active,2577807,30044,11653,,18743,,,,,,,,14,6,Hampton,davidwatford,watford,
3917,Kendal Thompson,WR,WR,,True,Inactive,2577473,30045,11611,,18744,00-0033143,,,,,,,15,6,Utah,kendalthompson,thompson,1543975262282
3918,TJ Thorpe,WR,WR,,False,Inactive,2577114,30046,11612,,18745,,,,,,RWR,4,6,0,Virginia,tjthorpe,thorpe,
3920,Harvey Binford,WR,WR,,True,Inactive,4037285,30047,11617,,18747,,,,,,,,2,6,"Lindenwood, Ill.",harveybinford,binford,
3921,Nick Truesdell,TE,TE,,True,Active,2309428,30048,11619,,18748, 00-0033149,,,,,,,85,6,Grand Rapids CC,nicktruesdell,truesdell,1565730006323
3922,Montario Hunter,WR,WR,,False,Inactive,2973769,30049,11620,,18749,,,,,,,,83,0,Elizabeth City State,montariohunter,hunter,
3923,Franky Okafor,WR,WR,,False,Inactive,4038380,30050,11623,,18751,,,,,,,,17,0,SE Oklahoma,frankyokafor,okafor,
3924,Clayton Echard,TE,TE,,False,Inactive,2971428,30052,11621,,18753,,,,,,TE,7,85,0,Missouri,claytonechard,echard,
3929,Terry Williams,RB,RB,,False,Inactive,4040172,30056,11636,,18758,,,,,,,,36,0,Kutztown,terrywilliams,williams,
393,Bruce Gradkowski,QB,QB,,False,Inactive,9780,7943,4830,,8769,,,,,,,,5,11,Toledo,brucegradkowski,gradkowski,
3934,Troymaine Pope,RB,RB,,True,Active,2983319,30061,11642,12111,18764,00-0033164,Questionable,Undisclosed,,,,,0,6,Jacksonville State,troymainepope,pope,1630694721105
3935,Alex Chisum,WR,WR,,False,Inactive,,30062,11651,,18766,,,,,,,,3,0,Cincinnati,alexchisum,chisum,
394,Darrius Heyward-Bey,WR,WR,,False,Inactive,12570,9271,5993,,8771,00-0026983,,,,,,,88,13,Maryland,darriusheywardbey,heywardbey,1546629047318
3940,Chase Price,RB,RB,,False,Inactive,,30070,11662,,18773,,,,,,,,35,0,San Diego State,chaseprice,price,
3945,Darius White,WR,WR,,False,Inactive,2512186,30075,11667,,18778,,,,,,,,6,0,Missouri,dariuswhite,white,
3948,Andrew Opoku,WR,WR,,False,Inactive,2513048,30077,11674,,18781,,,,,,,,0,0,Delaware,andrewopoku,opoku,
3951,Justin Berger,WR,WR,,False,Inactive,,30079,11678,,18784,,,,,,,,8,0,Wyoming,justinberger,berger,
3953,Austin Trainor,QB,QB,,False,Inactive,,30080,11679,,18786,,,,,,,,9,0,West Georgia,austintrainor,trainor,
3957,Blake Sims,QB,QB,,True,Active,2515957,30082,10181,,18790,,,,,,,,25,5,Alabama,blakesims,sims,
396,Louis Murphy,WR,WR,,False,Inactive,12585,9388,6021,5214,8777,,,,,,,,18,11,Florida,louismurphy,murphy,1546450547188
3969,Leonard Fournette,RB,RB,,True,Active,3115364,30117,11687,12132,18803,00-0033856,,,,,,,5,7,LSU,leonardfournette,fournette,1731345930151
397,Brandon Myers,TE,TE,,False,Inactive,12705,9466,6128,,8778,,,,,,,,82,11,Iowa,brandonmyers,myers,
3976,Mitchell Trubisky,QB,QB,BUF,True,Active,3039707,30115,11709,12135,18811,00-0033869,,,,,QB,2,11,9,North Carolina,mitchelltrubisky,trubisky,1767744014976
3978,Jacob Huesman,QB,QB,,True,Active,2567767,30085,11728,,18813,,,,,,,,48,5,Chattanooga,jacobhuesman,huesman,
4,Roddy White,WR,WR,,False,Inactive,8442,7203,4350,3161,204,,,,,,,,84,15,Alabama-Birmingham,roddywhite,white,
40,Martellus Bennett,TE,TE,,False,Inactive,11295,8838,5709,4639,1181,00-0026201,,,,,,,88,12,Texas A&M,martellusbennett,bennett,1553002822296
4004,Chris Briggs,TE,TE,,True,Inactive,2575435,30102,12285,,18843,,,,,,,,5,5,Southeastern Louisiana,chrisbriggs,briggs,
4017,Deshaun Watson,QB,QB,CLE,True,Active,3122840,30125,11712,12151,18857,00-0033537,PUP,Achilles,,Surgery,QB,3,4,9,Clemson,deshaunwatson,watson,1767636011518
4018,Joe Mixon,RB,RB,HOU,True,Active,3116385,30161,11707,12147,18858,00-0033897,PUP,Ankle,,,RB,2,28,9,Oklahoma,joemixon,mixon,1770317157032
4026,DeShone Kizer,QB,QB,,True,Active,3129302,30165,11692,12160,18868,00-0033899,,,,,,,0,5,Notre Dame,deshonekizer,kizer,1638249637441
4029,Dalvin Cook,RB,RB,,True,Active,3116593,30154,11700,12138,18872,00-0033893,,,,,,,20,8,Florida State,dalvincook,cook,1731196820719
4031,Travis Wilson,TE,TE,,True,Active,2971668,30874,11749,,18874,,,,,,,,87,5,Utah,traviswilson,wilson,
4033,David Njoku,TE,TE,CLE,True,Active,3123076,30142,11734,12186,18876,00-0033885,Questionable,Knee,,,TE,1,85,9,Miami (FL),davidnjoku,njoku,1767577804217
4034,Christian McCaffrey,RB,RB,SF,True,Active,3117251,30121,11690,12198,18877,00-0033280,,,,,RB,1,23,9,Stanford,christianmccaffrey,mccaffrey,1769804416403
4035,Alvin Kamara,RB,RB,NO,True,Active,3054850,30180,11732,12172,18878,00-0033906,Questionable,Knee - MCL,,Sprain,RB,1,41,9,Tennessee,alvinkamara,kamara,1769964930119
4036,Corey Davis,WR,WR,,True,Active,3042778,30118,11733,12169,18879,00-0033871,,,,,,,84,6,Western Michigan,coreydavis,davis,1723936825867
4037,Chris Godwin,WR,WR,TB,True,Active,3116165,30197,11718,12201,18880,00-0033921,,,,,SWR,3,14,9,Penn State,chrisgodwin,godwin,1767675309672
4038,John Ross,WR,WR,,True,Active,3052177,30122,11699,12173,18881,00-0033460,Questionable,Undisclosed,,,,,38,7,Washington,johnross,ross,1733328318057
4039,Cooper Kupp,WR,WR,SEA,True,Active,2977187,30182,11863,12177,18882,00-0033908,,,,,SWR,3,10,9,Eastern Washington,cooperkupp,kupp,1769450433179
404,Jon Kitna,QB,QB,,False,Inactive,,,,28,8842,,,,,,,,3,24,Central Washington,jonkitna,kitna,
4040,JuJu Smith-Schuster,WR,WR,KC,True,Active,3120348,30175,11877,12184,18883,00-0033857,,,,,LWR,4,9,9,USC,jujusmithschuster,smithschuster,1767731713761
4042,Joe Williams,RB,RB,,True,Active,3912576,30234,11778,12204,18885,00-0033286,,,,,,,32,5,Utah,joewilliams,williams,1535761340202
4046,Patrick Mahomes,QB,QB,KC,True,Inactive,3139477,30123,11839,12142,18890,00-0033873,IR,Knee - ACL,,Surgery,QB,1,15,9,Texas Tech,patrickmahomes,mahomes,1768516806678
405,Kevin Ogletree,WR,WR,,False,Inactive,12588,,,,8846,,,,,,,,11,5,Virginia,kevinogletree,ogletree,
4050,Cyril Grayson,WR,WR,,True,Active,4217370,30111,12121,,18896,00-0033215,,,,,,,16,5,LSU,cyrilgrayson,grayson,1668546607394
4051,Chad Kelly,QB,QB,,True,Active,2977665,30366,12225,12217,18897,00-0033597,,,,,,,0,5,Ole Miss,chadkelly,kelly,1620702318073
4054,Mo Alie-Cox,TE,TE,IND,True,Active,2998565,30112,12196,12221,18900,00-0033217,,,,,TE,4,81,9,VCU,moaliecox,aliecox,1767717012216
4055,O.J. Howard,TE,TE,,True,Active,3043080,30132,11806,12161,18901,00-0033879,,,,,,,88,6,Alabama,ojhoward,howard,1700520953976
406,John Phillips,TE,TE,,False,Inactive,12550,9472,6130,,8848,00-0027139,,,,,,,82,13,Virginia,johnphillips,phillips,1559077523743
4061,Davis Webb,QB,QB,,True,Active,3052600,30200,11843,12208,18907,00-0033550,,,,,,,12,6,California,daviswebb,webb,1770071441141
4066,Evan Engram,TE,TE,DEN,True,Active,3051876,30136,11805,12205,18912,00-0033881,,,,,TE,1,1,9,Ole Miss,evanengram,engram,1769353253678
4068,Mike Williams,WR,WR,,True,Active,3045138,30120,11885,12183,18914,00-0033536,DNR,Undisclosed,,,,,81,8,Clemson,mikewilliams,williams,1752776146055
4080,Zay Jones,WR,WR,ARI,True,Inactive,3059722,30150,11751,12246,18926,00-0033891,IR,Achilles,,Surgery,SWR,4,17,9,East Carolina,zayjones,jones,1762971351390
4082,Curtis Samuel,WR,WR,BUF,True,Active,3121427,30153,11710,12219,18928,00-0033282,,,,,RWR,4,1,9,Ohio State,curtissamuel,samuel,1768851035914
4085,Adam Shaheen,TE,TE,,True,Inactive,4198676,30158,11898,12283,18931,00-0033896,,,,,,,80,6,Ashland,adamshaheen,shaheen,1698723019253
4089,Gerald Everett,TE,TE,,True,Active,3918639,30157,11737,12284,18935,00-0033895,,,,,,,14,8,South Alabama,geraldeverett,everett,1740182424166
4098,Kareem Hunt,RB,RB,KC,True,Active,3059915,30199,11739,12295,18944,00-0033923,,,,,RB,2,29,9,Toledo,kareemhunt,hunt,1767587706064
41,David Garrard,QB,QB,,False,Inactive,,,,,1185,,,,,,,,9,10,East Carolina,davidgarrard,garrard,
4108,Carlos Henderson,WR,WR,,True,Active,3040561,30195,11859,12202,18954,,,,,,,,11,5,Louisiana Tech,carloshenderson,henderson,1546976730040
411,Jeremy Maclin,WR,WR,,False,Inactive,12579,9283,5960,5169,8914,00-0026995,,,,,,,18,11,Missouri,jeremymaclin,maclin,1553467514764
4111,D'Onta Foreman,RB,RB,,True,Active,3125116,30202,11685,12282,18957,00-0033925,,,,,,,27,8,Texas,dontaforeman,foreman,1736044831162
4119,ArDarius Stewart,WR,WR,,False,Inactive,3054860,30192,11720,12252,18965,00-0033916,,,,,,,18,5,Alabama,ardariusstewart,stewart,1555007153975
4125,Taywan Taylor,WR,WR,,True,Active,3059760,30185,11880,12203,18971,00-0033911,,,,,,,0,5,Western Kentucky,taywantaylor,taylor,1659491116931
4127,C.J. Beathard,QB,QB,,True,Active,2979520,30217,11833,12328,18973,00-0033936,,,,,,,17,9,Iowa,cjbeathard,beathard,1757005846325
4128,Chad Williams,WR,WR,,True,Active,3066052,30211,12113,12343,18974,00-0033933,Questionable,Undisclosed,,,,,0,5,Grambling State,chadwilliams,williams,1654805457745
4130,Brendan Langley,WR,WR,,False,Inactive,3043144,30214,12022,,18976,00-0033552,,,,,,,12,5,Lamar,brendanlangley,langley,1577917235531
4131,Kenny Golladay,WR,WR,,True,Active,2974858,30209,11857,12340,18977,00-0033932,,,,,,,19,6,Northern Illinois,kennygolladay,golladay,1694041547000
4137,James Conner,RB,RB,ARI,True,Inactive,3045147,30218,11691,,18983,00-0033553,IR,Foot,,,RB,1,6,9,Pittsburgh,jamesconner,conner,1769805616546
4139,Amara Darboh,WR,WR,,True,Active,2977629,30219,11852,,18985,00-0033937,,,,,,,17,5,Michigan,amaradarboh,darboh,1628273443428
4144,Jonnu Smith,TE,TE,PIT,True,Active,3054212,30213,11807,12344,18990,00-0033858,,,,,TE,1,81,9,Florida International,jonnusmith,smith,1768152012854
4146,Dede Westbrook,WR,WR,,True,Active,3892889,30223,11808,12331,18992,00-0033839,,,,,,,80,5,Oklahoma,dedewestbrook,westbrook,1670963420148
4147,Samaje Perine,RB,RB,CIN,True,Active,3116389,30227,11698,12255,18993,00-0033526,,,,,RB,3,34,9,Oklahoma,samajeperine,perine,1767588606516
4149,Jamaal Williams,RB,RB,,True,Active,2980453,30247,11777,12298,18995,00-0033948,,,,,,,21,8,BYU,jamaalwilliams,williams,1760480140566
415,Earl Bennett,WR,WR,,False,Inactive,,,,,8967,,,,,,,,80,6,Vanderbilt,earlbennett,bennett,
4150,Wayne Gallman,RB,RB,,True,Active,3045127,30253,11761,12309,18996,00-0033950,,,,,,,29,6,Clemson,waynegallman,gallman,1672157403655
4151,Jake Butt,TE,TE,,True,Injured Reserve,3045225,30258,11888,12254,18997,00-0033564,,,,,,,0,5,Michigan,jakebutt,butt,1627528547561
4152,Marlon Mack,RB,RB,,True,Active,3139605,30256,11765,12308,18998,00-0033951,,,,,,,32,7,South Florida,marlonmack,mack,1691619017047
4153,Jordan Leggett,TE,TE,,True,Inactive,3045118,30263,11893,12307,18999,00-0033953,,,,,,,81,5,Clemson,jordanleggett,leggett,1612323960376
4157,Tarik Cohen,RB,RB,,True,Active,3066158,30232,11758,12322,19003,00-0033556,,,,,,,31,7,North Carolina A&T,tarikcohen,cohen,1722537349744
416,Jay Cutler,QB,QB,,False,Inactive,9597,7760,4783,3608,8972,,,,,,,,6,14,Vanderbilt,jaycutler,cutler,1524851101160
4160,Josh Malone,WR,WR,,True,Active,3115330,30241,11697,,19006,00-0033859,,,,,,,80,5,Tennessee,joshmalone,malone,1669758353644
4162,Ryan Switzer,WR,WR,,True,Active,3039725,30246,11879,12288,19008,00-0033562,,,,,,,0,5,North Carolina,ryanswitzer,switzer,1658166640601
4164,Michael Roberts,TE,TE,,False,Inactive,3059945,30240,11896,12354,19010,00-0033559,,,,,,,89,5,Toledo,michaelroberts,roberts,1595893529525
4169,Jehu Chesson,WR,WR,,True,Inactive,2977631,30252,11850,,19015,00-0033464,,,,,,,16,5,Michigan,jehuchesson,chesson,1599341157695
4171,Josh Reynolds,WR,WR,NYJ,True,Inactive,3115306,30230,11871,12253,19017,00-0033943,IR,Hip,,,SWR,2,83,9,Texas A&M,joshreynolds,reynolds,1762927843922
4175,Chad Hansen,WR,WR,,True,Active,3066074,30254,11702,,19021,00-0033840,,,,,,,83,5,California,chadhansen,hansen,1652710539836
4177,Mack Hollins,WR,WR,NE,True,Active,2991662,30231,11861,12349,19023,00-0033555,,,,,RWR,3,13,9,North Carolina,mackhollins,hollins,1770255051550
4178,Donnel Pumphrey,RB,RB,,False,Inactive,3047519,30245,11769,12358,19024,00-0033561,,,,,,,35,5,San Diego State,donnelpumphrey,pumphrey,1567352736808
4179,Joshua Dobbs,QB,QB,NE,True,Active,3044720,30248,11834,12335,19025,00-0033949,,,,,QB,2,11,9,Tennessee,joshuadobbs,dobbs,1755384014784
4183,Nathan Peterman,QB,QB,,True,Active,2972236,30284,11840,12220,19029,00-0033958,,,,,,,4,8,Pittsburgh,nathanpeterman,peterman,1725412557476
4184,Bucky Hodges,TE,TE,,True,Active,3045466,30314,11694,12275,19030,00-0033966,,,,,,,0,5,Virginia Tech,buckyhodges,hodges,1573600255184
4186,T.J. Logan,RB,RB,,True,Active,3039723,30292,11764,,19032,00-0033789,,,,,,,0,5,North Carolina,tjlogan,logan,1634592058918
4187,Brian Hill,RB,RB,,True,Active,3125403,30269,11719,12370,19033,00-0033567,,,,,,,36,6,Wyoming,brianhill,hill,1693851654132
4189,Eric Saubert,TE,TE,SEA,True,Active,2975863,30287,11897,,19035,00-0033576,,,,,TE,2,81,9,Drake,ericsaubert,saubert,1770269153828
4195,Jake Elliott,K,K,PHI,True,Active,3050478,30266,12203,12367,19041,00-0033787,,,,,K,1,4,9,Memphis,jakeelliott,elliott,1768273214211
4197,Isaiah McKenzie,WR,WR,,True,Active,3128724,30285,11866,12380,19043,00-0033466,,,,,,,3,8,Georgia,isaiahmckenzie,mckenzie,1734502231070
4198,Jamal Agnew,WR,WR,,True,Active,3061612,30278,12205,,19044,00-0033572,Questionable,Undisclosed,,,,,14,8,San Diego,jamalagnew,agnew,1766526013946
4199,Aaron Jones,RB,RB,MIN,True,Active,3042519,30295,11763,12388,19045,00-0033293,Questionable,Hip,,,RB,1,33,9,UTEP,aaronjones,jones,1767392140133
4200,DeAngelo Yancey,WR,WR,,True,Active,3052470,30288,12206,12382,19046,00-0033291,,,,,,,18,5,Purdue,deangeloyancey,yancey,1567220158216
4208,Rodney Adams,WR,WR,,True,Active,3059918,30283,11844,,19054,00-0033957,,,,,,,13,5,South Florida,rodneyadams,adams,1678490140608
421,Matthew Stafford,QB,QB,LAR,True,Active,12483,9265,5971,5132,9038,00-0026498,,,,,QB,1,9,17,Georgia,matthewstafford,stafford,1770072041272
4214,Shelton Gibson,WR,WR,,True,Active,3042417,30279,11721,,19060,00-0033573,,,,,,,84,5,West Virginia,sheltongibson,gibson,1607991918645
4217,George Kittle,TE,TE,SF,True,Inactive,3040151,30259,11892,12276,19063,00-0033288,IR,Achilles,,,TE,1,85,9,Iowa,georgekittle,kittle,1768931744263
4218,Trent Taylor,WR,WR,SF,True,Inactive,3040569,30290,11881,12305,19064,00-0033292,IR,Undisclosed,,,RWR,8,81,9,Louisiana Tech,trenttaylor,taylor,1749077129856
4219,Jeremy McNichols,RB,RB,WAS,True,Active,3127586,30275,11767,12174,19065,00-0033955,,,,,RB,4,26,9,Boise State,jeremymcnichols,mcnichols,1767986459603
4221,Jeremy Sprinkle,TE,TE,,True,Inactive,2980073,30267,11899,,19067,00-0033528,Questionable,Achilles,,,,,87,5,Arkansas,jeremysprinkle,sprinkle,1661550011761
4222,Brad Kaaya,QB,QB,,False,Inactive,3123048,30328,11835,12416,19068,00-0033585,,,,,,,9,5,Miami,bradkaaya,kaaya,1552536002335
4226,Alex Armah,RB,RB,,True,Active,4212884,30305,12208,,19072,00-0033296,,,,,,,40,7,West Georgia,alexarmah,armah,1701622510401
4227,Harrison Butker,K,K,KC,True,Active,3055899,30346,11783,12433,19073,00-0033303,,,,,K,1,7,9,Georgia Tech,harrisonbutker,butker,1767741014657
4229,Mason Schreck,TE,TE,,True,Active,2972331,30364,12224,,19075,00-0033798,,,,,,,86,6,Buffalo,masonschreck,schreck,1693254350049
4232,Matthew Dayes,RB,RB,,False,Inactive,3051711,30365,11760,,19078,00-0033596,,,,,,,30,5,North Carolina State,matthewdayes,dayes,1574206850720
4233,Zane Gonzalez,K,K,ATL,True,Active,3043234,30337,11831,12425,19079,00-0033862,,,,,K,1,45,9,Arizona State,zanegonzalez,gonzalez,1767894651365
4234,Noah Brown,WR,WR,WAS,True,Inactive,3121409,30352,11849,,19080,00-0033591,IR,Ribs,,,RWR,3,85,9,Ohio State,noahbrown,brown,1765903843330
4239,De'Angelo Henderson,RB,RB,,False,Inactive,2968226,30319,11762,,19085,00-0033581,,,,,,,32,5,Coastal Carolina,deangelohenderson,henderson,1578978327169
4243,Malachi Dupre,WR,WR,,False,Inactive,3115366,30360,11854,12336,19089,00-0033305,,,,,,,8,5,Louisiana State,malachidupre,dupre,1564341612771
4244,Devante Mays,RB,RB,,False,Inactive,3918026,30351,12219,,19090,00-0033304,,,,,,,0,5,Utah State,devantemays,mays,1567532419491
4247,Marquez Williams,RB,RB,,False,Inactive,2985288,30353,12220,,19093,,,,,,,,42,5,Miami,marquezwilliams,williams,1534523402562
4250,Sam Rogers,RB,RB,,True,Active,3045472,30318,11771,,19096,00-0033967,,,,,,,36,5,Virginia Tech,samrogers,rogers,1534341317632
4252,Isaiah Ford,WR,WR,,True,Inactive,3124069,30350,11717,,19098,00-0033471,,,,,,,32,6,Virginia Tech,isaiahford,ford,1729730115203
4254,Stacy Coley,WR,WR,,False,Inactive,3051923,30332,11851,,19100,00-0033968,,,,,,,83,5,Miami,stacycoley,coley,1557528015222
4263,Elijah McGuire,RB,RB,KC,True,Active,3042494,30301,11766,12301,19109,00-0033295,,,,,,,24,5,Louisiana-Lafayette,elijahmcguire,mcguire,1642633817596
4265,Elijah Hood,RB,RB,,False,Inactive,3116690,30354,11706,12200,19111,00-0033975,,,,,,,0,5,North Carolina,elijahhood,hood,1567530919504
4273,Chris Carson,RB,RB,,True,Active,3919596,30362,11784,12446,19119,00-0033594,,,,,,,32,5,Oklahoma State,chriscarson,carson,1658860823953
4274,David Moore,WR,WR,CAR,True,Active,4212909,30339,12216,12427,19120,00-0033589,,,,,LWR,4,83,9,East Central,davidmoore,moore,1770249651189
4283,Khalfani Muhammad,RB,RB,,True,Active,3052143,30355,12089,,19129,00-0033797,,,,,,,0,5,California,khalfanimuhammad,muhammad,1628464549814
4285,Robert Davis,WR,WR,,True,Active,3042373,30322,11853,,19131,00-0033530,,,,,,,14,5,Georgia State,robertdavis,davis,1607771713848
4289,Ishmael Zamora,WR,WR,,True,Active,3128362,30639,12237,12325,19135,,,,,,,,8,5,Baylor,ishmaelzamora,zamora,
429,Percy Harvin,WR,WR,,False,Inactive,12569,9286,5974,5197,9079,,,,,,,,11,11,Florida,percyharvin,harvin,1587562248647
4301,Josh Magee,WR,WR,,True,Inactive,2979852,30459,12416,,19149,,,,,,,,7,5,South Alabama,joshmagee,magee,
4305,Tyler Renew,RB,RB,,True,Active,3049733,30463,12319,,19153,,,,,,,,39,5,Citadel,tylerrenew,renew,
4307,Alek Torgersen,QB,QB,,False,Active,3049779,30466,12488,,19156,,,,,,,,9,4,Pennsylvania,alektorgersen,torgersen,1525729201052
4309,Scott Orndoff,TE,TE,,True,Active,3045163,30388,11894,12535,19158,00-0033240,,,,,,,86,5,Pittsburgh,scottorndoff,orndoff,1576543226959
4314,Johnny Mundt,TE,TE,JAX,True,Active,3052096,30373,12316,,19165,00-0033246,,,,,TE,2,86,9,Oregon,johnnymundt,mundt,1767829245888
4319,Zach Pascal,WR,WR,,True,Active,2978109,30502,11868,12635,19172,00-0033251,,,,,,,83,8,Old Dominion,zachpascal,pascal,1755916233871
4320,James Quick,WR,WR,,True,Active,3040052,30503,11869,,19173,,,,,,,,17,5,Louisville,jamesquick,quick,
4322,Dalton Crossan,RB,RB,,True,Inactive,2969103,30522,12293,,19175,,,,,,,,42,5,New Hampshire,daltoncrossan,crossan,1533942328160
4323,Darrell Daniels,TE,TE,,True,Active,3052166,30523,11890,,19176,00-0033258,,,,,,,86,6,Washington,darrelldaniels,daniels,1697922358217
4324,Trey Griffey,WR,WR,,True,Active,2971233,30524,12227,12655,19177,00-0033259,,,,,,,15,5,Arizona,treygriffey,griffey,1546394714657
4326,Bug Howard,TE,TE,,True,Inactive,3039720,30526,11862,,19179,00-0033261,,,,,,,86,5,North Carolina,bughoward,howard,1661950556448
4327,Colin Jeter,TE,TE,,True,Inactive,3115399,30527,12123,,19180,00-0033262,,,,,,,87,5,Louisiana State,colinjeter,jeter,1580257260474
4328,Jerome Lane,WR,WR,,True,Active,3052561,30528,11686,,19181,,,,,,,,6,5,Akron,jeromelane,lane,
4330,JoJo Natson,WR,WR,,True,Active,2971830,30531,12359,12660,19184,00-0033266,,,,,,,0,5,Akron,jojonatson,natson,1640731803047
4335,P.J. Walker,QB,QB,,True,Active,3051308,30538,12371,12666,19191,00-0033275,,,,,,,15,7,Temple,pjwalker,walker,1724803554042
4338,Levern Jacobs,WR,WR,,True,Inactive,2976222,30505,12411,,19194,,,,,,,,88,5,Maryland,levernjacobs,jacobs,
4342,Quincy Adeboyejo,WR,WR,,False,Inactive,3051869,30512,11845,,19198,00-0033366,,,,,,,19,5,Mississippi,quincyadeboyejo,adeboyejo,1597613413367
4344,C.J. Board,WR,WR,,True,Active,2973626,30513,12443,,19200,00-0033367,,,,,,,80,6,Chattanooga,cjboard,board,1671303620877
4349,Taquan Mizzell,RB,RB,NYG,True,Inactive,3048680,900125,12231,12647,19205,00-0033373,Questionable,Undisclosed,,,,,25,5,Virginia,taquanmizzell,mizzell,1627665303950
4350,Ricky Ortiz,RB,RB,,True,Active,2978244,30517,12118,,19206,00-0033374,,,,,,,30,5,Oregon State,rickyortiz,ortiz,1596413122285
4351,Tim Patrick,WR,WR,JAX,True,Active,3134353,30511,12061,12501,19207,00-0033375,,,,,LWR,6,17,9,Utah,timpatrick,patrick,1767826845691
4353,Patrick Ricard,RB,RB,BAL,True,Active,2975417,30592,12298,,19209,00-0033376,,,,,RB,4,42,9,Maine,patrickricard,ricard,1761167728246
4355,Tim White,WR,WR,,False,Inactive,3915403,30510,12330,,19212,00-0033379,,,,,,,6,5,Arizona State,timwhite,white,1590701163594
4358,Austin Duke,WR,WR,,True,Active,3050138,30380,12440,,19215,00-0033409,,,,,,,8,5,North Carolina-Charlotte,austinduke,duke,1515534001591
4360,Fred Ross,WR,WR,,True,Inactive,3044857,30382,11874,,19217,00-0033412,,,,,,,2,5,Mississippi State,fredross,ross,1537906806963
4362,Cethan Carter,TE,TE,,True,Inactive,3040470,30577,11889,,19219,00-0033338,,,,,,,82,6,Nebraska,cethancarter,carter,1678226112554
4364,Karel Hamilton,WR,WR,,True,Active,3060377,30579,12387,,19221,,,,,,,,13,5,Samford,karelhamilton,hamilton,
4365,Darrin Laufasa,RB,RB,,True,Active,3042520,30580,,,19222,,,,,,,,44,5,Texas-El Paso,darrinlaufasa,laufasa,
4367,Monty Madaris,WR,WR,,True,Active,2979548,30582,12323,,19224,,,,,,,,0,5,Michigan State,montymadaris,madaris,
4372,Jarveon Williams,RB,RB,,False,Inactive,3040644,30587,12313,,19229,00-0033348,,,,,,,39,5,Texas-San Antonio,jarveonwilliams,williams,1535742407715
4373,Stanley Williams,RB,RB,,True,Active,3126338,30588,11776,12703,19230,,,,,,,,30,5,Kentucky,stanleywilliams,williams,
4376,Michael Clark,WR,WR,,False,Inactive,3931763,30609,12460,,19233,,,,,,,,89,5,Marshall,michaelclark,clark,1532566201744
4377,Montay Crockett,WR,WR,,False,Inactive,2973973,30610,12451,12725,19234,00-0033353,,,,,,,0,5,Georgia Southern,montaycrockett,crockett,1563243629126
4381,Taysom Hill,TE,TE,NO,True,Active,2468609,30614,12063,12729,19238,00-0033357,Questionable,Shoulder,,,QB,3,7,9,BYU,taysomhill,hill,1767832545482
4384,Aaron Peck,TE,TE,,True,Active,2974029,30617,12315,,19241,,,,,,,,86,5,Fresno State,aaronpeck,peck,
4385,Kalif Phillips,RB,RB,,True,Active,3059488,30618,12345,,19242,,,,,,,,34,5,North Carolina-Charlotte,kalifphillips,phillips,
4392,Malcolm Lewis,WR,WR,,True,Active,2969967,30643,12044,,19251,00-0033402,,,,,,,18,5,Miami,malcolmlewis,lewis,1515030301634
4396,Drew Morgan,WR,WR,,True,Active,3046438,30647,11867,,19255,00-0033407,,,,,,,81,5,Arkansas,drewmorgan,morgan,1515031201931
4398,De'Veon Smith,RB,RB,,False,Inactive,3045199,30650,11773,,19257,00-0033413,,,,,,,22,5,Michigan,deveonsmith,smith,1534904127951
4401,Damore'ea Stringfellow,WR,WR,,True,Active,3052182,30653,11688,,19260,00-0033417,,,,,,,17,5,Mississippi,damoreeastringfellow,stringfellow,1536282602776
4406,Wes Lunt,QB,QB,,True,Active,2977737,30436,,,19266,,,,,,,,0,5,Illinois,weslunt,lunt,
4408,Terrell Newby,RB,RB,,True,Active,3040496,30439,12346,,19268,,,,,,,,44,5,Nebraska,terrellnewby,newby,
4409,Josiah Price,TE,TE,,True,Active,2979554,30441,12975,,19269,00-0033332,,,,,,,0,5,Michigan State,josiahprice,price,1552510855731
4411,R.J. Shelton,WR,WR,,True,Inactive,3052632,30444,12403,,19271,,,,,,,,83,5,Michigan State,rjshelton,shelton,1510100701743
4416,Austin Carr,WR,WR,,True,Inactive,2974339,30656,12228,12332,19276,00-0033382,,,,,,,80,5,Northwestern,austincarr,carr,1610838650402
4418,LeShun Daniels,RB,RB,,False,Inactive,3040143,30658,12229,,19278,00-0033384,,,,,,,46,5,Iowa,leshundaniels,daniels,1535223005694
4420,Cody Hollister,WR,WR,,True,Active,3115443,30660,12926,,19280, 00-0033386,Questionable,Neck,,,,,8,6,Arkansas,codyhollister,hollister,1678897259189
4421,Jacob Hollister,TE,TE,,True,Active,3125404,30661,12271,12491,19281,00-0033387,,,,,,,87,7,Wyoming,jacobhollister,hollister,1724783153128
4434,Brisly Estime,WR,WR,,True,Active,3039738,30570,12234,,19295,,,,,,,,3,5,Syracuse,brislyestime,estime,1523925001661
4435,Anthony Firkser,TE,TE,DET,True,Active,3049698,30571,12235,,19296,00-0033455,,,,,TE,4,86,9,Harvard,anthonyfirkser,firkser,1767646806555
4437,Connor Harris,RB,RB,,True,Active,4081808,30573,11973,,19298,,,,,,,,59,5,Lindenwood,connorharris,harris,
4443,Pharaoh Brown,TE,TE,ARI,True,Active,2971281,30627,11887,,19304,00-0033439,,,,,TE,5,49,9,Oregon,pharaohbrown,brown,1768796730240
4445,Keon Hatcher,WR,WR,,True,Active,2980061,30629,11858,,19306,00-0033441,,,,,,,14,5,Arkansas,keonhatcher,hatcher,1588719302802
4451,Isaac Whitney,WR,WR,ARI,False,Inactive,3894883,30637,12106,,19314,00-0033449,,,,,,,84,5,Southern California,isaacwhitney,whitney,1628544033963
4453,Victor Bolden,WR,WR,,True,Active,3056476,30550,11846,,19317,00-0033306,,,,,,,84,6,Oregon State,victorbolden,bolden,1692044761305
4454,Kendrick Bourne,WR,WR,SF,True,Active,3045523,30551,11847,12677,19318,00-0033307,,,,,LWR,9,84,9,Eastern Washington,kendrickbourne,bourne,1768852536169
4455,Matt Breida,RB,RB,,True,Active,3049916,30552,12289,12678,19319,00-0033308,,,,,,,28,7,Georgia Southern,mattbreida,breida,1755202845059
4456,K.D. Cannon,WR,WR,,True,Active,3128348,30553,11693,12330,19320,00-0033309,,,,,,,81,5,Baylor,kdcannon,cannon,1514941501396
4460,Cole Hikutini,TE,TE,,False,Inactive,2968204,30559,11891,,19326,00-0033315,,,,,,,0,5,Louisville,colehikutini,hikutini,1636500331833
4463,Tyler McCloskey,RB,RB,,True,Active,3040036,30562,12058,,19329,,,,,,,,47,5,Houston,tylermccloskey,mccloskey,
4464,Nick Mullens,QB,QB,JAX,True,Active,3059989,30563,12511,12684,19330,00-0033319,,,,,QB,2,14,9,Southern Miss,nickmullens,mullens,1741678261992
4468,Antony Auclair,TE,TE,,True,Active,4081127,30468,12230,,19335,00-0033421,,,,,,,84,5,Laval (CAN),antonyauclair,auclair,1669068042297
4475,Sefo Liufau,QB,QB,,True,Inactive,3052118,30476,11838,,19343,,,,,,,,8,5,Colorado,sefoliufau,liufau,
4479,Thomas Sperbeck,WR,WR,,True,Active,3042890,30480,12324,,19347,,,,,,,,0,5,Boise State,thomassperbeck,sperbeck,1527103801505
448,Josh Freeman,QB,QB,,False,Inactive,12473,9281,5986,5121,9226,,,,,,,,5,11,Kansas State,joshfreeman,freeman,1527578701637
4480,Bobo Wilson,WR,WR,,True,Active,3045380,30481,11886,,19348,00-0033434,,,,,,,85,5,Florida State,bobowilson,wilson,1576091451231
4485,William Stanback,RB,RB,,True,Active,3054030,30696,12344,,19353, 00-0033508,,,,,,,40,5,Virginia Union,williamstanback,stanback,1598218512756
4489,Gehrig Dieter,WR,WR,,True,Active,2980460,30679,12184,,19358,00-0033474,,,,,,,12,5,Alabama,gehrigdieter,dieter,1654699207547
449,Kellen Winslow,TE,TE,,False,Inactive,,,,,9249,,,,,,,,81,9,Miami (Fla.),kellenwinslow,winslow,
4490,Wyatt Houston,TE,TE,CAR,True,Active,3053039,30681,12269,,19360,,,,,,TE,40,85,1,Utah State,wyatthouston,houston,
4491,Marcus Kemp,WR,WR,,True,Active,3046399,30682,12446,,19361,00-0033481,,,,,,,19,6,Hawai'i,marcuskemp,kemp,1693265127620
4494,Alonzo Moore,WR,WR,,True,Inactive,2974323,30685,12325,,19364,,,,,,,,0,5,Nebraska,alonzomoore,moore,
4497,Tony Stevens,WR,WR,,True,Active,3051897,30688,12176,,19367,,,,,,,,1,5,Auburn,tonystevens,stevens,
45,Dan Carpenter,K,K,,False,Inactive,11688,9032,5882,5007,1269,,,,,,,,2,12,Montana,dancarpenter,carpenter,
450,Billy Bajema,TE,TE,,False,Inactive,,,,,9253,,,,,,,,86,9,Oklahoma State,billybajema,bajema,
4504,John Robinson-Woodgett,RB,RB,,True,Active,2982839,30416,,,19376,,,,,,,,42,5,Massachusetts,johnrobinsonwoodgett,robinsonwoodgett,
4508,Gabe Marks,WR,WR,,True,Active,2978344,30575,11865,,19380,,,,,,,,2,5,Washington State,gabemarks,marks,
4515,B.J. Johnson,WR,WR,,True,Active,2567879,30691,12328,,19387,,,,,,,,0,5,Georgia Southern,bjjohnson,johnson,
4518,Emanuel Byrd,TE,TE,,False,Inactive,3931761,30702,12333,,19390,00-0033514,,,,,,,86,5,Marshall,emanuelbyrd,byrd,1534541106897
4519,Devine Redding,RB,RB,,True,Active,3128267,30703,11770,12963,19391,00-0033515,,,,,,,34,5,Indiana,devineredding,redding,1535741503027
4520,Travin Dural,WR,WR,,True,Active,2976557,30410,11855,,19393,00-0033517,,,,,,,14,5,Louisiana State,travindural,dural,1564529107962
4522,Carlton Agudosi,WR,WR,,False,Inactive,2982809,30482,12364,,19398,00-0033599,,,,,,,14,5,Rutgers,carltonagudosi,agudosi,1567219258028
4526,Krishawn Hogan,WR,WR,,True,Active,4198679,30487,11860,,19403,00-0033604,,,,,,,0,5,Marian (IN),krishawnhogan,hogan,1629761155575
4528,Trevor Knight,QB,QB,,True,Active,2976593,30490,11836,,19406,,,,,,,,1,5,Texas A&M,trevorknight,knight,1508283421608
4531,Ricky Seals-Jones,TE,TE,,True,Inactive,3051806,30494,11876,12463,19410,00-0033611,Questionable,Foot,,,,,48,6,Texas A&M,rickysealsjones,sealsjones,1694048448889
4533,James Summers,RB,RB,,True,Active,2970017,30496,12891,,19412,00-0033613,,,,,,,39,5,East Carolina,jamessummers,summers,1535992879541
4535,Steven Wroblewski,TE,TE,,True,Active,3910617,30498,,,19414,,,,,,,,0,5,Southern Utah,stevenwroblewski,wroblewski,
4536,Jason Croom,TE,TE,,True,Active,2972240,30594,12082,12709,19415,00-0033627,,,,,,,81,5,Tennessee,jasoncroom,croom,1663687854809
4537,Jordan Johnson,RB,RB,,True,Active,2972311,30595,12240,,19416,,,,,,,,0,5,Buffalo,jordanjohnson,johnson,
454,Chris Ogbonnaya,RB,RB,,False,Inactive,12517,,,,9277,,,,,,,,26,5,Texas,chrisogbonnaya,ogbonnaya,
4541,Brandon Reilly,WR,WR,,False,Inactive,2974328,30598,12395,12713,19420,00-0033620,,,,,,,83,5,Nebraska,brandonreilly,reilly,1564617046140
4544,Daikiel Shorts,WR,WR,,True,Active,3042428,30602,12076,12717,19423,,,,,,,,16,5,West Virginia,daikielshorts,shorts,
4545,Keith Towbridge,TE,TE,,True,Active,3040071,30603,12342,,19424,00-0033623,,,,,,,43,5,Louisville,keithtowbridge,towbridge,1567182058527
4548,Joel Bouagnon,RB,RB,,True,Active,3047969,30717,12339,,19428,00-0033630,,,,,,,34,5,Northern Illinois,joelbouagnon,bouagnon,1544553632151
455,Michael Crabtree,WR,WR,,True,Active,12563,9274,5961,5135,9331,00-0026986,,,,,,,15,13,Texas Tech,michaelcrabtree,crabtree,1569278135566
4551,Tanner Gentry,WR,WR,,True,Active,3043841,30720,12353,12470,19431,00-0033633,,,,,,,87,6,Wyoming,tannergentry,gentry,1673987122360
4555,Andy Phillips,K,K,,True,Active,2971658,30725,,,19436,,,,,,,,17,5,Utah,andyphillips,phillips,
4557,Freddie Stevenson,RB,RB,,True,Active,3045375,30728,11774,,19439,,,,,,,,43,5,Florida State,freddiestevenson,stevenson,
456,Deon Butler,TE,TE,,False,Inactive,2516392,29203,,,9362,,,,,,,,3,0,Penn State,deonbutler,butler,
4563,Taylor McNamara,TE,TE,,True,Active,2976620,30547,12103,,19447,,,,,,,,0,5,USC,taylormcnamara,mcnamara,
4569,Brian Brown,WR,WR,,True,Active,3049891,30781,12518,,19454,00-0033655,,,,,,,3,5,Richmond,brianbrown,brown,1535833508123
4571,Blake Jarwin,TE,TE,,True,Active,2991767,30784,12179,12507,19457,00-0033658,,,,,,,89,5,Oklahoma State,blakejarwin,jarwin,1672184708392
4574,Cooper Rush,QB,QB,BAL,True,Active,2972515,30788,11841,,19461,00-0033662,,,,,QB,2,15,9,Central Michigan,cooperrush,rush,1767571203984
4576,Jahad Thomas,RB,RB,,False,Inactive,3051315,30790,11775,,19463,,,,,,,,37,5,Temple,jahadthomas,thomas,1523666101437
458,Justin Forsett,RB,RB,,False,Inactive,11467,9010,5669,4819,9369,,,,,,,,20,12,California,justinforsett,forsett,
4585,Anthony Nash,WR,WR,,True,Active,2969894,30819,,,19472,,,,,,,,3,5,Duke,anthonynash,nash,
4588,Kyle Sloter,QB,QB,,True,Active,2972092,30822,12363,,19475,00-0033672,,,,,,,4,5,Northern Colorado,kylesloter,sloter,1660071933194
4593,Brandon Barnes,TE,TE,,True,Active,3059165,30765,12386,,19480, 00-0033745,,,,,,,86,5,Alabama State,brandonbarnes,barnes,1565384707604
4595,Dontez Ford,WR,WR,,True,Active,2970410,30767,12100,,19482,00-0033747,,,,,,,83,5,Pittsburgh,dontezford,ford,1514946901675
4596,Tion Green,RB,RB,,False,Inactive,2979825,30768,12294,12860,19483,,,,,,,,37,5,Cincinnati,tiongreen,green,1535397002657
4599,Michael Rector,WR,WR,,True,Active,2978279,30773,11870,,19487,,,,,,,,84,5,Stanford,michaelrector,rector,
4600,Noel Thomas,WR,WR,,True,Active,3045194,30775,11882,,19489,,,,,,,,12,5,Connecticut,noelthomas,thomas,
4602,Robert Tonyan,TE,TE,KC,True,Active,2975674,30777,12389,12868,19491,00-0033757,,,,,TE,4,85,9,Indiana State,roberttonyan,tonyan,1765383959162
4605,Evan Baylis,TE,TE,,True,Active,2971280,30795,12308,,19494,00-0033763,,,,,,,0,5,Oregon,evanbaylis,baylis,1630077921162
4607,Zach Conque,QB,QB,,True,Active,2979985,30800,12309,,19497, 00-0033766,,,,,,,48,5,Stephen F. Austin,zachconque,conque,1565555425590
461,Michael Vick,QB,QB,,False,Inactive,2549,5448,2193,2107,9447,,,,,,,,2,19,Virginia Tech,michaelvick,vick,
4610,Deante' Gray,WR,WR,,True,Active,2971543,30806,12226,,19500,,,,,,,,0,5,Texas Christian,deantegray,gray,1522115101387
4613,Shaq Hill,WR,WR,,True,Active,2565330,30809,12331,,19503,,,,,,,,89,5,Eastern Washington,shaqhill,hill,
4614,Riley McCarron,WR,WR,,False,Inactive,2988624,30808,12307,12896,19504,00-0033773,,,,,,,17,5,Iowa,rileymccarron,mccarron,1537319403953
462,Brett Favre,QB,QB,,False,Inactive,,,,1744,9528,,,,,,,,4,20,Southern Mississippi,brettfavre,favre,
4621,Caleb Bluiett,TE,TE,,True,Active,2971695,30395,12046,,19513,,,,,,,,85,5,Texas,calebbluiett,bluiett,
4622,Keelan Cole,WR,WR,,True,Active,3071572,30396,12388,12539,19514,00-0033681,,,,,,,84,7,Kentucky Wesleyan,keelancole,cole,1704767440438
4623,Tim Cook,RB,RB,,True,Active,3930272,30398,12116,,19516,00-0033683,,,,,,,41,5,Oregon State,timcook,cook,1516723201203
4626,Amba Etta-Tawo,WR,WR,,True,Active,2976215,30394,11856,,19520,00-0033687,,,,,,,6,5,Syracuse,ambaettatawo,ettatawo,1565735129261
4630,I'Tavius Mathers,RB,RB,,True,Active,2980384,30403,12270,12546,19524,,,,,,,,43,5,Middle Tennessee,itaviusmathers,mathers,1519413301760
4634,Kenneth Walker,WR,WR,,False,Active,2971595,30407,,,19528,,,,,,,,86,5,UCLA,kennethwalker,walker,1651276828332
4635,Justin Davis,RB,RB,,False,Inactive,3043216,30370,11759,,19529,00-0033760,,,,,,,39,5,Southern California,justindavis,davis,1570125325050
4636,Lenard Tillery,RB,RB,,True,Active,2974712,30873,12419,,19531,00-0033762,,,,,,,0,5,Southern U.,lenardtillery,tillery,1535389509313
4641,Keeon Johnson,WR,WR,,True,Active,3048701,30734,12378,,19536,,,,,,,,0,5,Virginia,keeonjohnson,johnson,1528127101362
4644,Travis Rudolph,WR,WR,,False,Inactive,3122935,30737,11875,,19539,00-0033717,,,,,,,19,5,Florida State,travisrudolph,rudolph,1539882716289
4646,Shane Smith,RB,RB,,False,Inactive,2981212,30739,12414,,19541,00-0033719,,,,,,,44,5,San Jose State,shanesmith,smith,1567217463278
4647,Colin Thompson,TE,TE,,True,Active,2980120,30740,12375,,19542,00-0033720,,,,,,,48,6,Temple,colinthompson,thompson,1693249849271
465,Brandon Pettigrew,TE,TE,,False,Injured Reserve,12549,9284,6032,,9588,,,,,,,,87,11,Oklahoma State,brandonpettigrew,pettigrew,1531338301515
4650,Billy Brown,TE,TE,,True,Active,3957543,30756,11848,,19547,00-0033735,,,,,,,48,5,Shepherd,billybrown,brown,1588110020009
4651,Corey Clement,RB,RB,,True,Active,3045260,30707,11750,12159,19548,00-0033725,,,,,,,23,6,Wisconsin,coreyclement,clement,1704734735249
4660,Sean Culkin,TE,TE,,True,Inactive,2971426,30420,12405,,19559,00-0033696,,,,,,,84,5,Missouri,seanculkin,culkin,1620681617407
4663,Austin Ekeler,RB,RB,WAS,True,Inactive,3068267,30423,12401,12563,19562,00-0033699,IR,Achilles,,,RB,2,30,9,Western Colorado,austinekeler,ekeler,1758559547639
4665,Eli Jenkins,QB,QB,,True,Active,2983314,30425,,,19564,,,,,,,,0,5,Jacksonville State,elijenkins,jenkins,
4666,Younghoe Koo,K,K,,True,Active,3049899,30426,12292,12566,19565,00-0033702,,,,,,,37,8,Georgia Southern,younghoekoo,koo,1765932646034
4669,Andre Patton,WR,WR,,True,Active,3047504,30430,12539,,19568,00-0033705,,,,,,,0,5,Rutgers,andrepatton,patton,1630381216325
4670,Artavis Scott,WR,WR,,True,Active,3122839,30432,11722,,19569,00-0033706,,,,,,,0,5,Clemson,artavisscott,scott,1605747343974
4673,Algernon Brown,RB,RB,,True,Active,2513199,30757,12335,,19573,00-0033736,,,,,,,30,5,Brigham Young,algernonbrown,brown,1529016601651
4676,Darreus Rogers,WR,WR,,True,Active,2971617,30761,11873,,19577,,,,,,,,1,5,Southern California,darreusrogers,rogers,1507754701637
4678,Tyrone Swoopes,TE,TE,,True,Active,3046705,30763,12049,,19579,00-0033742,,,,,,,0,5,Texas,tyroneswoopes,swoopes,1644963613102
468,Ben Hartsock,TE,TE,,False,Inactive,,,,,9670,,,,,,,,88,8,Ohio State,benhartsock,hartsock,
4680,Larry Clark,WR,WR,,True,Active,2581999,30835,12253,,19581,,,,,,,,17,5,Colorado State-Pueblo,larryclark,clark,
4681,Reggie Davis,WR,WR,,False,Inactive,3043134,30827,12146,12914,19582,00-0033815,,,,,,,0,5,Georgia,reggiedavis,davis,1630447852482
4683,Aaron Bailey,QB,QB,BAL,True,Active,3042451,30845,12297,,19584,,,,,,QB,4,8,1,Northern Iowa,aaronbailey,bailey,
469,Matthew Mulligan,TE,TE,,False,Inactive,11708,9149,6269,,9671,,,,,,,,82,12,Maine,matthewmulligan,mulligan,
4696,Trey Edmunds,RB,RB,,True,Active,2970090,30850,12433,12935,19599,00-0033838,,,,,,,33,5,Maryland,treyedmunds,edmunds,1658788840987
4697,Khalid Abdullah,RB,RB,,True,Active,3049325,30851,12243,,19600,,,,,,,,0,5,James Madison,khalidabdullah,abdullah,
4699,Kevin Snead,WR,WR,,True,Active,3949031,30830,12251,,19602,,,,,,,,0,5,Carson-Newman,kevinsnead,snead,
47,Jackie Battle,RB,RB,,False,Inactive,11197,,,,1362,,,,,,,,44,7,Houston,jackiebattle,battle,
4704,Tyler Ferguson,QB,QB,,True,Active,3040520,30747,12866,,19610,,,,,,,,5,5,Western Kentucky,tylerferguson,ferguson,1526321701569
4707,Akeem Judd,RB,RB,,False,Inactive,3128756,30751,12129,,19614,,,,,,,,36,5,Mississippi,akeemjudd,judd,1534623026604
4708,KeVonn Mabon,WR,WR,,True,Active,2972052,30752,,,19615,,,,,,,,80,5,Ball State,kevonnmabon,mabon,
4710,Gio Pascascio,WR,WR,,True,Active,3116662,30754,,,19617,,,,,,,,12,5,Louisville,giopascascio,pascascio,
4718,Dare Ogunbowale,RB,RB,HOU,True,Active,2983509,30860,11768,12943,19626,00-0033854,,,,,RB,4,33,9,Wisconsin,dareogunbowale,ogunbowale,1768915842623
4719,Chris Thompson,WR,WR,,False,Inactive,3054970,30861,12260,,19627, 00-0033855,Questionable,,,,,,0,5,Florida,christhompson,thompson,1616274903058
4721,Shakeir Ryan,WR,WR,,True,Active,3050670,30867,,,19630,,,,,,,,12,5,"Northwestern State, La.",shakeirryan,ryan,
4723,Justin Thomas,WR,WR,,False,Active,2971471,30869,12254,,19633,,,,,,,,0,0,Utah,justinthomas,thomas,1535412043580
4725,Phazahn Odom,TE,TE,,True,Active,2973301,30858,12246,,19635,,,,,,,,87,5,Fordham,phazahnodom,odom,
4727,Mitchell Paige,WR,WR,,True,Active,2979495,30863,12258,,19638,,,,,,,,83,5,Indiana,mitchellpaige,paige,
4728,Bart Houston,QB,QB,,True,Active,2977804,30872,12261,,19639,,,,,,,,8,5,Wisconsin,barthouston,houston,
4730,Sam Cotton,TE,TE,,True,Active,2974307,30876,12263,,19641,,,,,,,,85,5,Nebraska,samcotton,cotton,
4731,Joe Bacci,RB,RB,,True,Active,2972498,30877,12264,,19642,,,,,,,,0,5,Central Michigan,joebacci,bacci,
4733,Alex Gray,TE,TE,,True,Inactive,4227184,30888,12646,,19647,00-0034010,,,,,,,89,5,No College,alexgray,gray,1578978327171
4738,Colby Pearson,WR,WR,,True,Active,3053805,30886,12473,,19655,,,,,,,,84,5,Brigham Young,colbypearson,pearson,1535129405952
474,Hakeem Nicks,WR,WR,,False,Inactive,12586,9293,5955,5136,9739,,,,,,,,88,11,North Carolina,hakeemnicks,nicks,
4741,Dan Arnold,TE,TE,,True,Active,4212989,30891,12276,,19659,00-0034011,,,,,,,46,6,Wisconsin-Platteville,danarnold,arnold,1693169123858
4744,Barrett Burns,TE,TE,BAL,True,Active,,30894,12280,,19662,,,,,,,,0,1,Appalachian State,barrettburns,burns,
4747,Stevie Donatell,TE,TE,,True,Active,2970133,30897,,,19665,,,,,,,,87,5,Western Kentucky,steviedonatell,donatell,
4749,Cameron Posey,WR,WR,,True,Active,2977776,30900,12288,,19667,,,,,,,,9,5,Purdue,cameronposey,posey,
4750,Lance Lenoir,WR,WR,,True,Active,3049249,30899,12287,,19668,00-0033992,,,,,,,34,6,Western Illinois,lancelenoir,lenoir,1671740713414
4752,Fred Brown,WR,WR,,True,Active,2971397,30901,12291,,19671,00-0033994,,,,,,,0,5,Mississippi State,fredbrown,brown,1630457453654
4767,Dane Evans,QB,QB,,False,Active,2972420,30907,12304,,19645,,,,,,,,7,5,Tulsa,daneevans,evans,
4768,Adam Zaruba,TE,TE,,True,Inactive,4242607,30908,12306,12993,19686,,,,,,,,80,5,Simon Fraser,adamzaruba,zaruba,1536116407908
4770,Duplicate Player,WR,WR,,False,Inactive,,,,,19687,,Out,,,,,,87,7,North Carolina State,duplicateplayer,player,
4774,De'Mard Llorens,RB,RB,,True,Active,3050667,30866,12397,,19629,,,,,,,,37,5,"Northwestern State, La.",demardllorens,llorens,
4775,David Olson,QB,QB,,True,Inactive,2517777,30912,12318,12998,19692,,,,,,,,1,2,null,davidolson,olson,
4777,De'Chavon Hayes,RB,RB,,True,Active,,30486,,,19643,,,,,,,,0,5,Arizona State,dechavonhayes,hayes,
4778,Reggie Davis,WR,WR,,False,Inactive,2979174,30451,,,19141,,,,,,,,0,5,Georgia,reggiedavis,davis,
4779,Bra'Lon Cherry,WR,WR,,True,Active,3051708,30746,,,19609,,,,,,,,88,5,North Carolina State,braloncherry,cherry,
4784,Levonte Whitfield,WR,WR,,False,Inactive,3045379,30729,,,19695,,NA,,,,,,17,0,Florida State,levontewhitfield,whitfield,
4785,Kermit Whitfield,WR,WR,,True,Active,,,11884,,19440,00-0033641,,,,,,,17,5,Florida State,kermitwhitfield,whitfield,1546401315643
4786,Jhajuan Seales,WR,WR,,True,Active,2977745,30727,12180,,19438,,,,,,,,0,5,Oklahoma State,jhajuanseales,seales,1508894461535
4787,Jordan Westerkamp,WR,WR,,True,Active,2974334,30914,12320,,19698,,,,,,,,0,5,Nebraska,jordanwesterkamp,westerkamp,
479,Jalen Parmele,RB,RB,,False,Inactive,11410,8953,,,9792,,,,,,,,34,4,Toledo,jalenparmele,parmele,
4790,Robert Wheelwright,WR,WR,,True,Active,3045283,30742,12326,,19545,,,,,,,,82,5,Wisconsin,robertwheelwright,wheelwright,
4791,Darius Victor,RB,RB,,True,Active,3049987,30915,12327,,19700,00-0034007,,,,,,,32,5,Towson,dariusvictor,victor,1658237747770
4794,Tommy Armstrong Jr.,QB,QB,,True,Inactive,,,,,19707,,,,,,,,0,,,tommyarmstrongjr,armstrongjr,
4797,Josh Rounds,RB,RB,,True,Active,2972140,30918,12332,,19711,,,,,,,,37,5,Tulane,joshrounds,rounds,1521156601387
4798,C.J. Germany,WR,WR,,True,Active,3939055,30923,,,19712,,,,,,,,2,5,"Notre Dame College, Ohio",cjgermany,germany,
4803,Nate Iese,TE,TE,,True,Active,2971581,30925,,,19718,,,,,,,,48,5,UCLA,nateiese,iese,
4805,Pig Howard,WR,WR,,True,Active,3122122,30926,12341,,19720,,,,,,,,17,5,Tennessee,pighoward,howard,
4806,Brandon Radcliff,RB,RB,,True,Active,2970183,30533,12336,12662,19186,00-0033268,,,,,,,37,5,Louisville,brandonradcliff,radcliff,1514938801672
4807,Mike Estes,TE,TE,,True,Active,2987239,30928,12343,,19721,,,,,,,,49,5,Gardner-Webb,mikeestes,estes,
4813,Marvin Bracy,WR,WR,,True,Active,2969915,30930,12348,,19723,00-0034025,,,,,,,87,5,Florida State,marvinbracy,bracy,1534799108225
4814,De'Quan Hampton,WR,WR,,True,Active,3912558,30931,12102,,19724,,,,,,,,0,5,USC,dequanhampton,hampton,1632865848667
4815,Brian Riley,WR,WR,,True,Active,3061572,30932,12365,,19725,,,,,,,,14,5,San Diego,brianriley,riley,
4821,Jamari Staples,WR,WR,,True,Active,3060040,30704,11878,,19392,,,,,,,,6,5,Louisville,jamaristaples,staples,
4823,Keevan Lucas,WR,WR,,True,Active,3052797,30936,11864,,19729,,,,,,,,81,5,Tulsa,keevanlucas,lucas,
4825,Freddie Brown,WR,WR,,False,Inactive,12637,,,,19670,,NA,,,,,,1,0,Utah,freddiebrown,brown,
4827,Germone Hopper,WR,WR,,True,Active,2977663,30939,,,19731,,,,,,,,16,5,Clemson,germonehopper,hopper,
4828,Rashard Davis,WR,WR,,True,Active,3049329,30940,12367,,19732,00-0034034,,,,,,,6,5,James Madison,rasharddavis,davis,1660682432289
4829,Daniel Williams,WR,WR,,True,Active,3060347,30938,12374,,19733,00-0034035,,,,,,,6,5,Jackson State,danielwilliams,williams,1564619447093
4831,Justice Liggins,WR,WR,,True,Active,3050824,30942,12512,,19735,00-0034038,,,,,,,82,5,Stephen F. Austin,justiceliggins,liggins,1547612131589
4832,Andrew Price,TE,TE,,True,Active,2976147,30943,,,19736,,,,,,,,47,5,Nevada-Las Vegas,andrewprice,price,
4835,Darrius Sims,RB,RB,,True,Active,3051759,30945,,,19738,,,,,,,,47,5,Vanderbilt,darriussims,sims,
4839,Mitch Leidner,QB,QB,,True,Active,2970710,30947,11837,,19742,,,,,,,,3,5,Minnesota,mitchleidner,leidner,
4853,Jerod Evans,QB,QB,,True,Active,,30709,11713,12338,19550,,,,,,,,0,5,Virginia Tech,jerodevans,evans,1513719301197
4854,River Cracraft,WR,WR,,True,Active,3052056,30955,12447,,19755,00-0034054,,,,,,,88,9,Washington State,rivercracraft,cracraft,1767667509438
4861,Kent Taylor,TE,TE,,True,Active,2980119,30957,12601,,19761,,,,,,,,0,4,Texas-El Paso,kenttaylor,taylor,1525231801303
4863,Josh Rosen,QB,QB,,True,Active,3886377,30980,12489,13047,19763,00-0034343,,,,,,,15,5,UCLA,joshrosen,rosen,1671562853417
4864,Jevoni Robinson,TE,TE,,True,Inactive,3007919,30958,12486,,19764,00-0034057,,,,,,,81,5,Barry,jevonirobinson,robinson,1536796203715
4866,Saquon Barkley,RB,RB,PHI,True,Active,3929630,30972,12507,13048,19766,00-0034844,,,,,RB,1,26,8,Penn State,saquonbarkley,barkley,1769707807435
4874,Chris Bazile,TE,TE,,True,Active,3123306,30962,12524,,19771,,,,,,,,81,4,Grambling,chrisbazile,bazile,1534987204453
4878,Brandon Zylstra,WR,WR,,True,Active,4294520,30959,12533,,19779,00-0034052,,,,,,,13,5,Concordia (MN),brandonzylstra,zylstra,1667865357157
4879,Francis Owusu,WR,WR,,False,Inactive,,,,,19752,00-0033411,NA,,,,LWR,4,82,3,Stanford,francisowusu,owusu,
4881,Lamar Jackson,QB,QB,BAL,True,Active,3916387,31002,12561,13059,19781,00-0034796,,,,,QB,1,8,8,Louisville,lamarjackson,jackson,1769201717029
4892,Baker Mayfield,QB,QB,TB,True,Active,3052587,30971,12619,13072,19790,00-0034855,,,,,QB,1,6,8,Oklahoma,bakermayfield,mayfield,1769639101661
4895,Lamar Atkins,WR,WR,,True,Active,2970192,30964,12875,,19793,,,,,,,,0,4,Louisville,lamaratkins,atkins,1529019001783
49,Robbie Gould,K,K,,True,Active,9354,7520,4686,3519,1410,00-0023252,,,,,,,9,18,Penn State,robbiegould,gould,1701970258455
490,Chase Daniel,QB,QB,,True,Active,12471,9678,6162,5170,9902,00-0026544,,,,,,,4,14,Missouri,chasedaniel,daniel,1693925402100
4909,Duce Staley,RB,RB,,False,Inactive,,,,688,5696,,,,,,,,22,0,,ducestaley,staley,
491,Danny Amendola,WR,WR,,True,Active,11674,9037,5813,4991,9906,00-0026035,,,,,,,89,14,Texas Tech,dannyamendola,amendola,1658804144420
4910,Quincy McDuffie,WR,WR,,True,Active,,26886,9033,,15554,,,,,,,,16,9,Central Florida,quincymcduffie,mcduffie,
4914,Glen Coffee,RB,RB,SF,False,Active,,9338,,,9329,,,,,,,,29,1,Alabama,glencoffee,coffee,
4917,Daryl Virgies,RB,RB,,True,Active,,30097,11729,,18835,,,,,,,,0,5,Virginia-Lynchburg,darylvirgies,virgies,
492,Tyler Thigpen,QB,QB|RB,,False,Inactive,,,,,9940,,,,,,,,0,15,Coastal Carolina,tylerthigpen,thigpen,
4922,Garrett Scantling,WR,WR,ATL,True,Active,,30110,12193,,18895,,,,,,,,89,1,Georgia,garrettscantling,scantling,
4923,Rushel Shell,RB,RB,,True,Active,2970270,30390,12075,,19161,,,,,,,,0,5,West Virginia,rushelshell,shell,
4924,Zach Terrell,QB,QB,BAL,True,Active,,30509,,,19211,,,,,,,,0,1,Western Michigan,zachterrell,terrell,
4926,Nick Schuessler,QB,QB,PIT,True,Active,,30389,,,19316,,,,,,,,0,1,Clemson,nickschuessler,schuessler,
4928,Anas Hasic,WR,WR,,False,Active,,30680,,,19359,,,,,,,,0,0,West Florida,anashasic,hasic,
4929,Ahmad Fulwood,WR,WR,,True,Active,,30411,,,19371,,,,,,,,0,5,Florida,ahmadfulwood,fulwood,
4930,Franko House,TE,TE,CHI,True,Active,,30721,,,19432,,,,,,,,0,1,Ball State,frankohouse,house,
4931,Austin Appleby,QB,QB,,True,Active,,30779,,,19452,,,,,,,,0,5,Florida,austinappleby,appleby,
4934,Jalen Williams,WR,WR,,True,Inactive,,30743,,,19546,,,,,,,,0,5,Massachusetts,jalenwilliams,williams,
4936,Skyler Howard,QB,QB,SEA,True,Active,,30758,,,19574,,,,,,,,0,1,West Virginia,skylerhoward,howard,
4937,Al Riles,WR,WR,IND,True,Active,2980808,30839,,,19595,,,,,,,,3,1,LA-Lafayette,alriles,riles,
4938,Speedy Noil,WR,WR,,True,Active,,30854,11701,12931,19606,,,,,,,,0,5,Texas A&M,speedynoil,noil,
4940,DeSean Smith,TE,TE,,True,Active,,30864,12125,,19622,,,,,,,,0,5,Louisiana State,deseansmith,smith,
4941,Dontre Wilson,WR,WR,,False,Active,,30440,,,19704,,,,,,,,0,0,Ohio State,dontrewilson,wilson,
4942,Marcell Ateman,WR,WR,,True,Active,3046320,31198,12825,13090,19811,00-0034747,,,,,,,15,5,Oklahoma State,marcellateman,ateman,1696366832007
4943,Sam Darnold,QB,QB,SEA,True,Active,3912547,30973,12490,13058,19812,00-0034869,Questionable,Oblique,,,QB,1,14,8,USC,samdarnold,darnold,1770309655814
4949,Derrius Guice,RB,RB,,True,Active,3843750,31029,12620,13094,19797,00-0034358,,,,,,,0,4,LSU,derriusguice,guice,1648480213623
4950,Christian Kirk,WR,WR,HOU,True,Active,3895856,31017,12508,13095,19815,00-0034775,,,,,SWR,2,13,8,Texas A&M,christiankirk,kirk,1768783828902
4951,DJ Chark,WR,WR,,True,Active,3115394,31031,12820,13096,19816,00-0034777,,,,,,,16,7,LSU,djchark,chark,1755530730172
4955,Ronald Jones,RB,RB,,True,Active,,,,13061,19819,,,,,,,,,7,USC,ronaldjones,jones,
4958,Brett Maher,K,K,,True,Active,16486,27369,9054,9136,15854,00-0030332,,,,,,,8,11,Nebraska,brettmaher,maher,1705377002667
496,Brandon Gibson,WR,WR,,False,Inactive,12567,9458,6024,,10034,,,,,,,,13,7,Washington State,brandongibson,gibson,
4962,Sony Michel,RB,RB,,True,Active,3128721,31001,12880,13134,19828,00-0034845,,,,,,,0,5,Georgia,sonymichel,michel,1690752644603
4972,Mason Rudolph,QB,QB,PIT,True,Active,3116407,31046,12629,13075,19850,00-0034771,,,,,QB,2,2,8,Oklahoma State,masonrudolph,rudolph,1767996060629
4973,Hayden Hurst,TE,TE,,True,Active,3924365,30995,12467,13098,19843,00-0034830,,,,,,,88,7,South Carolina,haydenhurst,hurst,1739824541146
4981,Calvin Ridley,WR,WR,TEN,True,Inactive,3925357,30996,12616,13137,19802,00-0034837,IR,Lower Leg,,Surgery,RWR,1,0,8,Alabama,calvinridley,ridley,1763509245902
4983,DJ Moore,WR,WR,CHI,True,Active,3915416,30994,12477,,19844,00-0034827,,,,,RWR,1,2,8,Maryland,djmoore,moore,1769017201104
4984,Josh Allen,QB,QB,BUF,True,Active,3918298,30977,12483,,19801,00-0034857,Questionable,Foot,,,QB,1,17,8,Wyoming,joshallen,allen,1769712907840
4985,Rashaad Penny,RB,RB,,True,Active,3139925,30997,12830,13143,19799,00-0034750,,,,,,,28,6,San Diego State,rashaadpenny,penny,1722353402700
4988,Nick Chubb,RB,RB,HOU,True,Active,3128720,31005,12886,13161,19798,00-0034791,,,,,RB,1,21,8,Georgia,nickchubb,chubb,1769127613691
499,Connor Barth,K,K,,False,Inactive,11737,9219,5849,5048,10092,00-0026138,,,,,,,4,12,North Carolina,connorbarth,barth,1511205902002
4992,Dante Pettis,WR,WR,NO,True,Active,3127306,31014,12884,13160,19854,00-0034860,,,,,SWR,7,11,8,Washington,dantepettis,pettis,1767635411591
4993,Mike Gesicki,TE,TE,CIN,True,Active,3116164,31012,12764,13104,19853,00-0034829,,,,,TE,1,88,8,Penn State,mikegesicki,gesicki,1767633309965
4994,Kalen Ballage,RB,RB,,True,Active,3128774,31100,12786,13216,19824,00-0034799,,,,,,,29,4,Arizona State,kalenballage,ballage,1641828037079
4995,Ian Thomas,TE,TE,LV,True,Active,4045305,31071,12858,13163,19910,00-0034365,,,,,TE,3,80,8,Indiana,ianthomas,thomas,1768225834689
4996,Kyle Lauletta,QB,QB,,True,Active,3049872,31078,12818,13206,19913,00-0034369,,,,,,,0,4,Richmond,kylelauletta,lauletta,1641337528950
4997,Mark Walton,RB,RB,,True,Active,3917846,31082,12463,13197,19915,00-0034679,,,,,,,22,4,Miami,markwalton,walton,1589386810022
4998,DaeSean Hamilton,WR,WR,,True,Active,3057987,31083,12654,13174,19916,00-0034370,,,,,,,87,4,Penn State,daeseanhamilton,hamilton,1700592919473
5,Dallas Clark,TE,TE,,False,Inactive,,,,,244,,,,,,,,87,11,Iowa,dallasclark,clark,
50,Jordan Palmer,QB,QB,,False,Inactive,,,,,1482,,,,,,,,5,5,Texas-El Paso,jordanpalmer,palmer,
500,Billy Cundiff,K,K,,False,Inactive,4245,,,,10145,,,,,,,,8,18,Drake,billycundiff,cundiff,
5000,Chase Edmonds,RB,RB,WAS,True,Active,3119195,31104,12667,13255,19919,00-0034681,,,,,RB,5,38,8,Fordham,chaseedmonds,edmonds,1765391759799
5001,Dalton Schultz,TE,TE,HOU,True,Active,3117256,31107,12514,13198,19920,00-0034383,Questionable,Calf,,,TE,1,86,8,Stanford,daltonschultz,schultz,1769032858461
5004,Ito Smith,RB,RB,DAL,True,Active,3123969,31096,12835,13252,19924,00-0034378,,,,,,,43,4,Southern Miss,itosmith,smith,1647118812936
5005,Jaleel Scott,WR,WR,,True,Inactive,4040792,31102,12776,,19925,00-0034267,,,,,,,18,4,New Mexico State,jaleelscott,scott,1620415556016
5006,J'Mon Moore,WR,WR,,False,Inactive,3051857,31103,12811,13181,19935,00-0034268,Questionable,,,,,,0,4,Missouri,jmonmoore,moore,1629905132636
5007,Keke Coutee,WR,WR,,True,Active,3915823,31073,12484,13205,19937,00-0034366,,,,,,,88,5,Texas Tech,kekecoutee,coutee,1708912503938
5008,Durham Smythe,TE,TE,CHI,True,Active,3052897,31093,12807,,19943,00-0034798,,,,,TE,3,81,8,Notre Dame,durhamsmythe,smythe,1767806455707
5009,Chris Herndon,TE,TE,,True,Active,3123050,31077,12899,13228,19947,00-0034766,,,,,,,89,4,Miami (FL),chrisherndon,herndon,1661288432368
5010,Will Dissly,TE,TE,LAC,True,Active,3127292,31090,12986,13246,19950,00-0034159,,,,,TE,1,89,8,Washington,willdissly,dissly,1768329617526
5012,Mark Andrews,TE,TE,BAL,True,Active,3116365,31056,12559,13182,19803,00-0034753,,,,,TE,1,89,8,Oklahoma,markandrews,andrews,1769806216655
5013,Anthony Miller,WR,WR,,True,Active,3050487,31021,12763,13152,19864,00-0034353,,,,,,,6,7,Memphis,anthonymiller,miller,1756423221086
502,Bear Pascoe,TE,TE,,False,Inactive,12548,9448,6125,,10291,,,,,,,,83,11,Fresno State,bearpascoe,pascoe,
5022,Dallas Goedert,TE,TE,PHI,True,Active,3121023,31019,12860,13151,19863,00-0034351,,,,,TE,1,88,8,South Dakota State,dallasgoedert,goedert,1768181731503
5024,James Washington,WR,WR,,True,Active,3122449,31030,12838,13153,19865,00-0034676,,,,,,,83,6,Oklahoma State,jameswashington,washington,1724020539939
5026,Tre'Quan Smith,WR,WR,,True,Inactive,3128451,31061,12567,13196,19897,00-0034765,,,,,,,10,6,UCF,trequansmith,smith,1753480553621
503,Graham Gano,K,K,NYG,True,Inactive,12460,9526,6045,5468,10333,00-0026858,IR,Neck,,Soreness,K,1,9,17,Florida State,grahamgano,gano,1762987851906
5032,Jordan Akins,TE,TE,,True,Active,3128452,31068,12568,,19903,00-0034364,,,,,,,87,8,UCF,jordanakins,akins,1760396425347
5038,Michael Gallup,WR,WR,,True,Active,4036348,31051,12810,13149,19867,00-0034764,,,,,,,12,7,Colorado State,michaelgallup,gallup,1756160704849
504,Micheal Spurlock,WR,WR,,False,Inactive,,,,,10412,,,,,,,,18,6,Mississippi,michealspurlock,spurlock,
5045,Courtland Sutton,WR,WR,DEN,True,Active,3128429,31010,12586,13129,19800,00-0034348,,,,,LWR,1,14,8,SMU,courtlandsutton,sutton,1769384757547
5046,Royce Freeman,RB,RB,,True,Active,3122672,31041,12892,13172,19823,00-0034838,,,,,,,41,8,Oregon,roycefreeman,freeman,1766520614664
5052,Ronald Jones,RB,RB,,True,Active,3912550,31008,12566,13061,19861,00-0034816,,,,,,,32,5,USC,ronaldjones,jones,1695221737152
506,David Nelson,WR,WR,,False,Inactive,,24272,6757,,10946,,,,,,,,15,5,Florida,davidnelson,nelson,
5068,Kerryon Johnson,RB,RB,,True,Active,3916925,31013,12525,13156,19822,00-0034349,,,,,,,0,4,Auburn,kerryonjohnson,johnson,1641860161572
507,C.J. Spiller,RB,RB,,False,Inactive,13203,23984,6478,5566,10949,00-0027861,,,,,,,26,10,Clemson,cjspiller,spiller,1515269701440
5070,Jordan Lasley,WR,WR,,False,Inactive,3134302,31132,12543,,19959,00-0034271,,,,,,,13,4,UCLA,jordanlasley,lasley,1566314156436
5076,John Kelly,RB,RB,,True,Active,3915381,31145,12555,13212,19957,00-0034808,,,,,,,42,7,Tennessee,johnkelly,kelly,1753142727987
5080,Damion Ratley,WR,WR,,True,Active,3895857,31148,12989,,19969,00-0034273,,,,,,,0,4,Texas A&M,damionratley,ratley,1640738103677
5086,Marquez Valdes-Scantling,WR,WR,PIT,True,Active,3051738,31144,12934,13280,19976,00-0034272,,,,,RWR,4,11,8,South Florida,marquezvaldesscantling,valdesscantling,1767998460822
5089,Mike White,QB,QB,,True,Active,3051381,31141,12826,,19972,00-0034401,,,,,,,16,8,Western Kentucky,mikewhite,white,1762894541308
5092,Troy Fumagalli,TE,TE,,True,Active,3045264,31126,12808,,19973,00-0034393,,,,,,,82,6,Wisconsin,troyfumagalli,fumagalli,1697070328450
5094,Ryan Izzo,TE,TE,,True,Active,3915486,31127,12529,,20069,00-0034270,,,,,,,47,4,Florida State,ryanizzo,izzo,1660769154687
5095,Daniel Carlson,K,K,LV,True,Active,3051909,31137,12842,13275,19989,00-0034161,,,,,K,1,8,8,Auburn,danielcarlson,carlson,1767753616269
5096,Ray-Ray McCloud,WR,WR,,True,Active,3728262,31157,12570,,19961,00-0034407,,,,,,,88,7,Clemson,rayraymccloud,mccloud,1765414556318
51,Anthony Fasano,TE,TE,,False,Inactive,9639,7802,4755,,1545,,,,,,,,80,14,Notre Dame,anthonyfasano,fasano,1515181501373
5100,Jordan Wilkins,RB,RB,,True,Active,3051891,31139,12942,13276,19979,00-0034400,,,,,,,30,5,Ole Miss,jordanwilkins,wilkins,1698776426729
5101,Deon Cain,WR,WR,,True,Active,3728254,31155,12611,13167,19980,00-0034406,,,,,,,32,7,Clemson,deoncain,cain,1756250720592
5102,Daurice Fountain,WR,WR,,True,Active,3120659,31129,12672,,19981,00-0034395,,,,,,,12,6,Northern Iowa,dauricefountain,fountain,1724814360061
5103,Dylan Cantrell,TE,TE,,True,Active,3052576,31161,12920,,19982,00-0034409,,,,,,,45,4,Texas Tech,dylancantrell,cantrell,1622914248528
5107,Jaylen Samuels,RB,RB,,True,Active,3116721,31135,12779,13189,19996,00-0034331,,,,,,,27,4,North Carolina State,jaylensamuels,samuels,1654044024482
5108,Luke Falk,QB,QB,,True,Active,3052061,31169,12770,13215,20004,00-0034412,,,,,,,8,4,Washington State,lukefalk,falk,1570899936186
5109,Duplicate Player,WR,WR,,False,Inactive,,,,13145,,,,,,,,,6,0,Notre Dame,duplicateplayer,player,
511,Marlon Moore,WR,WR,,False,Inactive,13616,24280,6812,,10961,,,,,,,,15,10,Fresno State,marlonmoore,moore,
5110,Russell Gage,WR,WR,,True,Active,3115378,31164,12992,,20006,00-0034411,,,,,,,14,7,LSU,russellgage,gage,1763604056396
5111,Javon Wims,WR,WR,,True,Active,4035019,31194,12627,,20011,00-0034426,,,,,,,13,5,Georgia,javonwims,wims,1693323903631
5112,Bo Scarbrough,RB,RB,,True,Active,3126367,31206,12617,13217,20012,00-0034432,,,,,,,40,4,Alabama,boscarbrough,scarbrough,1629162040185
5113,Cedrick Wilson,WR,WR,MIA,True,Active,4036335,31178,12773,,20013, 00-0034418,,,,,RWR,6,19,8,Boise State,cedrickwilson,wilson,1767632409777
5115,David Williams,RB,RB,,False,Inactive,3048924,31196,13005,,20016,00-0034427,,,,,,,49,4,Arkansas,davidwilliams,williams,1568317204824
5116,Nick Bawden,RB,RB,,True,Active,3125232,31207,12828,,20018,00-0034433,,,,,,,83,6,San Diego State,nickbawden,bawden,1724804457914
5117,Jordan Thomas,TE,TE,,True,Active,4035379,31181,12697,,20020,00-0034420,,,,,,,46,6,Mississippi State,jordanthomas,thomas,1724619334893
5118,Tanner Lee,QB,QB,,False,Inactive,3041097,31173,12491,,20025,00-0034416,,,,,,,3,4,Nebraska,tannerlee,lee,1566073827073
5119,Jason Sanders,K,K,MIA,True,Inactive,3124679,31199,13007,,20033,00-0034794,IR,Hip,,,K,1,7,8,New Mexico,jasonsanders,sanders,1767466246521
5120,Danny Etling,QB,QB,,True,Active,3052450,31189,12950,,20037,00-0034423,,,,,,,19,5,LSU,dannyetling,etling,1691354407648
5121,Braxton Berrios,WR,WR,HOU,True,Active,3123075,31180,12771,13308,20038,00-0034419,,,,,SWR,8,17,8,Miami (FL),braxtonberrios,berrios,1765730427050
5122,Boston Scott,RB,RB,,True,Active,3051439,31171,12996,13301,20039,00-0034414,,,,,,,33,6,Louisiana Tech,bostonscott,scott,1756849804639
5123,Trenton Cannon,RB,RB,,True,Inactive,4261020,31174,12997,13304,20040,00-0034164,,,,,,,23,5,Virginia State,trentoncannon,cannon,1733445628925
5124,Alex McGough,QB,QB,,True,Active,3128843,31190,13003,,20044,00-0034732,,,,,,,16,7,Florida International,alexmcgough,mcgough,1732142115385
5125,Damoun Patterson,WR,WR,,True,Active,3125383,31701,13020,,20049,00-0034698,,,,,,,0,4,Youngstown State,damounpatterson,patterson,1549406105396
5126,Austin Proehl,WR,WR,,True,Active,3116680,31225,13016,,20052,00-0034442,Questionable,Undisclosed,,,,,87,4,North Carolina,austinproehl,proehl,1660857954849
5127,Kyle Allen,QB,QB,DET,True,Active,3115293,31301,12623,13495,20053,00-0034577,,,,,QB,2,8,8,Houston,kyleallen,allen,1756165205856
5128,Logan Woodside,QB,QB,,True,Active,3042749,31219,12949,,20055,00-0034438,,,,,,,15,8,Toledo,loganwoodside,woodside,1766598929844
5129,Adonis Jennings,WR,WR,,True,Active,3123935,31771,13370,,20056,00-0034859,,,,,,,13,4,Temple,adonisjennings,jennings,
5130,Auden Tate,WR,WR,,True,Active,3921564,31223,12569,13352,20057,00-0034686,,,,,,,89,5,Florida State,audentate,tate,1686604861170
5131,Justin Jackson,RB,RB,,True,Active,3116136,31221,12724,13350,20064,00-0034440,,,,,,,42,5,Northwestern,justinjackson,jackson,1691693422249
5132,Steven Mitchell,WR,WR,,True,Inactive,3043225,31391,12951,,20067, 00-0034081,,,,,,,11,4,Southern California,stevenmitchell,mitchell,1618261809879
5133,Tyler Conklin,TE,TE,LAC,True,Active,3122920,31220,12809,,19988,00-0034439,,,,,TE,2,83,8,Central Michigan,tylerconklin,conklin,1768504205273
5134,Keith Kirkwood,WR,WR,,True,Active,3046401,31517,13019,,20071,00-0034317,,,,,,,18,8,Temple,keithkirkwood,kirkwood,1767665709235
5135,Saeed Blacknall,WR,WR,,False,Inactive,3116155,31479,13028,,20073,00-0034170,,,,,,,80,4,Penn State,saeedblacknall,blacknall,1599503403763
5136,Josh Adams,RB,RB,,True,Active,3932420,31567,12563,13218,20075,00-0034457,,,,,,,31,4,Notre Dame,joshadams,adams,1652291437432
5137,Richie James,WR,WR,,True,Active,3122899,31210,12579,,20077,00-0034286,,,,,,,17,6,Middle Tennessee,richiejames,james,1752937807820
5138,Martez Carter,RB,RB,,True,Active,3140525,31396,12893,,20078, 00-0034099,,,,,,,22,4,Grambling,martezcarter,carter,1557525014740
5139,Trey Quinn,WR,WR,,True,Active,3115365,31226,12493,13213,20079,00-0034339,,,,,,,19,5,SMU,treyquinn,quinn,1696969536823
5140,Jaelon Acklin,WR,WR,,True,Active,3121616,31247,13121,,20098,00-0034180,,,,,,,0,4,Western Illinois,jaelonacklin,acklin,1598590847619
5142,Kurt Benkert,QB,QB,,True,Active,3040535,31336,12819,,20089,00-0034131,,,,,,,14,4,Virginia,kurtbenkert,benkert,1668536411456
5143,Demario Richard,RB,RB,,True,Active,3128800,31337,12944,,20090,,,,,,,,0,4,Arizona State,demariorichard,richard,1528911901374
5144,Malik Williams,RB,RB,,True,Active,4047769,31339,13079,,20091,00-0034156,,,,,,,39,4,Louisville,malikwilliams,williams,1549755607815
5145,Luke McNitt,RB,RB,,True,Active,3075100,31341,13018,,20092,00-0034149,,,,,,,0,4,Nebraska,lukemcnitt,mcnitt,1535838644180
515,Rob Gronkowski,TE,TE,,True,Active,13229,24017,6443,5729,10974,00-0027656,,,,,,,87,12,Arizona,robgronkowski,gronkowski,1740582920801
5154,Trent Sherfield,WR,WR,NE,True,Active,3122168,31320,13061,13513,20081,00-0034487,,,,,,,81,8,Vanderbilt,trentsherfield,sherfield,1769667305440
5155,Corey Willis,WR,WR,,True,Active,3044711,31327,13224,,20082,00-0034493,,,,,,,83,4,Central Michigan,coreywillis,willis,
5156,Andrew Vollert,TE,TE,,True,Active,4032479,31325,12693,,20083,00-0034491,,,,,,,0,4,Weber State,andrewvollert,vollert,1631248848463
516,Aaron Hernandez,TE,TE,,False,Inactive,,,,5674,10975,,,,,,,,81,9,Florida,aaronhernandez,hernandez,
5162,Reggie Bonnafon,RB,RB,,True,Active,3116642,31302,13233,13496,20103,00-0034578,,,,,,,38,5,Louisville,reggiebonnafon,bonnafon,1673327111943
5163,Ryan Nall,RB,RB,,True,Inactive,3127335,31662,12513,,20106,00-0034597,,,,,,,35,4,Oregon State,ryannall,nall,1717462833007
5164,Simmie Cobbs,WR,WR,,False,Inactive,3128251,31397,12480,13386,20107,00-0034068,,,,,,,15,4,Indiana,simmiecobbs,cobbs,1567217157467
5165,Quinton Flowers,QB,QB,,False,Inactive,3139591,31560,12652,,20113,00-0034531,,,,,,,36,4,South Florida,quintonflowers,flowers,1567900805991
5166,Da'Mari Scott,WR,WR,,True,Inactive,3056577,31460,13136,,20117,00-0034256,,,,,,,18,4,Fresno State,damariscott,scott,1613166323683
5167,Dalton Sturm,QB,QB,,True,Active,3124037,31279,13071,,20121,,,,,,,,1,4,Texas-San Antonio,daltonsturm,sturm,1534989618360
5168,Jordan Chunn,RB,RB,,True,Inactive,3053732,31280,12734,,20122,00-0034551,,,,,,,38,4,Troy,jordanchunn,chunn,1621176003216
5169,Malik Earl,WR,WR,,True,Active,3139223,31281,13072,,20123,,,,,,,,0,4,Missouri State,malikearl,earl,1527628501601
5170,Phillip Lindsay,RB,RB,,True,Active,3052117,31379,12715,13357,20128,00-0034109,,,,,,,30,4,Colorado,philliplindsay,lindsay,1668100549144
5171,Kevin Rader,TE,TE,,True,Inactive,3049290,31441,13119,,20134,00-0034193,Questionable,Undisclosed,,,,,88,6,Youngstown State,kevinrader,rader,1725315345596
5175,Jawill Davis,WR,WR,,False,Inactive,3066147,31551,13275,,20170,00-0034499,,,,,,,1,4,Bethune-Cookman,jawilldavis,davis,1565478624573
5176,Davon Grayson,WR,WR,,True,Active,3059719,31739,12953,,20171, 00-0034748,,,,,,,0,4,East Carolina,davongrayson,grayson,1570232733069
5185,Allen Lazard,WR,WR,,True,Active,3128390,31268,12628,13226,20145,00-0034521,,,,,,,10,7,Iowa State,allenlazard,lazard,1765900843116
5189,Eddy Pineiro,K,K,SF,True,Active,4034949,31482,12582,13655,20149,00-0034173,,,,,K,1,18,8,Florida,eddypineiro,pineiro,1767558002558
5192,Ralph Webb,RB,RB,,False,Inactive,3051762,31653,12744,,20166,00-0034596,,,,,,,0,4,Vanderbilt,ralphwebb,webb,1596406225220
5194,Matt Flanagan,TE,TE,,False,Inactive,3047488,31400,13102,,20196,00-0034101,,,,,,,0,4,Pittsburgh,mattflanagan,flanagan,1599276655094
5195,Akrum Wadley,RB,RB,,True,Active,3040146,31622,12783,,20192,00-0034670,,,,,,,38,4,Iowa,akrumwadley,wadley,1535847008044
5196,Ethan Wolf,TE,TE,,True,Active,3115360,31627,12743,,20193,00-0034672,,,,,,,86,4,Tennessee,ethanwolf,wolf,1658794242779
5197,Rico Gafford,WR,WR,,True,Active,4048717,31607,13297,,20194,00-0034660,,,,,,,37,4,Wyoming,ricogafford,gafford,1643234712361
5199,Byron Pringle,WR,WR,,True,Active,4036416,31496,12504,,20150,00-0034297,,,,,,,83,6,Kansas State,byronpringle,pringle,1725715535914
52,Joel Dreessen,TE,TE,,False,Inactive,,,,,1577,,,,,,,,81,8,Colorado State,joeldreessen,dreessen,
520,John Conner,RB,RB,,False,Inactive,13341,24115,,12317,10991,,,,,,,,38,10,Kentucky,johnconner,conner,
5201,Terry Swanson,RB,RB,,True,Active,3126113,31590,13021,,20136,00-0034632,,,,,,,42,4,Toledo,terryswanson,swanson,1535742407291
5207,Marchie Murdock,WR,WR,,True,Active,3042452,31282,13073,,20198,,,,,,,,0,4,Iowa State,marchiemurdock,murdock,1534816806150
5208,Matt Linehan,QB,QB,,False,Inactive,3060176,,,,20158,,,,,,,,10,0,None,mattlinehan,linehan,
5209,Mike Boone,RB,RB,,True,Active,3139033,31228,13067,13438,20159,00-0034208,,,,,,,16,7,Cincinnati,mikeboone,boone,1756008944139
521,Jeff Cumberland,TE,TE,,False,Inactive,13555,24303,6838,,10992,,,,,,,,87,10,Illinois,jeffcumberland,cumberland,1510088401253
5210,Korey Robertson,WR,WR,,True,Active,3123968,31240,12501,,20160,00-0034220,,,,,,,18,4,Southern Mississippi,koreyrobertson,robertson,1535753142467
5211,Jake Wieneke,WR,WR,,True,Active,3049054,31242,12691,,20161,00-0034222,,,,,,,9,4,South Dakota State,jakewieneke,wieneke,1535838085359
5216,Ervin Philips,WR,WR,,False,Inactive,3123996,,,,20187,,NA,,,,,,3,0,None,ervinphilips,philips,
5217,Jason Reese,TE,TE,,True,Active,3051861,31276,13290,,20188,00-0034619,,,,,,,48,4,Missouri,jasonreese,reese,1534694141743
5220,Godwin Igwebuike,RB,RB,,True,Active,3045238,31258,12725,,20191,00-0034614,,,,,,,48,6,Northwestern,godwinigwebuike,igwebuike,1701886847948
5223,Caleb Scott,WR,WR,TEN,True,Active,3122167,31464,13064,,20182,00-0034243,,,,,,,83,4,Vanderbilt,calebscott,scott,1640842239083
5224,Taj Williams,WR,WR,,True,Active,4038530,31465,13137,,20183,,,,,,,,16,4,Texas Christian,tajwilliams,williams,1534818323418
5228,J.T. Barrett,QB,QB,,True,Active,3040507,31365,12657,13372,20142,00-0034126,,,,,,,16,4,Ohio State,jtbarrett,barrett,1596406225215
523,Joe McKnight,RB,RB,,False,Inactive,13209,,,,10999,,,,,,,,30,4,USC,joemcknight,mcknight,
5230,Michael Badgley,K,K,,True,Active,3123052,31366,12775,13410,20144,00-0034084,,,,,,,32,7,Miami (FL),michaelbadgley,badgley,1767040226794
5231,Cole Hunt,TE,TE,,True,Active,3047912,31680,13052,,20152,00-0034549,,,,,,,81,4,Texas Christian,colehunt,hunt,1567196755092
5233,Marcus Baugh,TE,TE,,True,Active,3051387,31478,12901,,20174,00-0034169,,,,,,,0,4,Ohio State,marcusbaugh,baugh,1630186857480
5235,David Wells,TE,TE,,True,Active,3047536,31283,12692,,20199,00-0034575,,,,,,,89,6,San Diego State,davidwells,wells,1724625936172
5236,Kyle Lewis,WR,WR,,True,Active,3119232,31637,13034,,20206,00-0034642,,,,,,,1,4,Cal Poly,kylelewis,lewis,1532571901714
5237,Chad Kanoff,QB,QB,,False,Inactive,3050022,31308,13213,,20209,00-0034478,,,,,,,6,4,Princeton,chadkanoff,kanoff,1570645814418
5238,Austin Ramesh,RB,RB,,True,Active,3053124,31319,13076,,20210,,,,,,,,0,4,Wisconsin,austinramesh,ramesh,1527812401401
5239,Lamar Jordan,QB,QB,,True,Active,3053315,31351,13086,,20222,00-0034144,,,,,,,86,4,New Mexico,lamarjordan,jordan,
5240,Daniel Marx,RB,RB,,True,Active,3117250,31340,13038,,20223,00-0034148,,,,,,,0,4,Stanford,danielmarx,marx,1535322302447
5241,Christian Blake,WR,WR,,True,Active,3126002,31347,13083,,20224,00-0034132,,,,,,,39,4,Northern Illinois,christianblake,blake,1661285131638
5242,Dontez Byrd,WR,WR,,True,Active,3056691,31350,13037,,20225,00-0034133,,,,,,,19,4,Tennessee Tech,dontezbyrd,byrd,
5243,Detrich Clark,WR,WR,,True,Active,4036341,31348,13084,,20226,,,,,,,,0,4,Colorado State,detrichclark,clark,1526151602109
5244,Devin Gray,WR,WR,,True,Active,4037481,31349,13085,,20227,00-0034141,,,,,,,80,4,Cincinnati,devingray,gray,1660683032461
5245,Troy Mangen,TE,TE,,True,Active,3052991,31346,13082,,20228,00-0034146,,,,,,,80,4,Ohio,troymangen,mangen,
5246,Jake Roh,TE,TE,,True,Active,3042888,31345,13081,,20229,,,,,,,,0,4,Boise State,jakeroh,roh,
5247,David Marvin,K,K,,True,Active,3059104,31361,13093,,20238,00-0034147,,,,,,,1,4,Georgia,davidmarvin,marvin,1533999006812
5248,Gus Edwards,RB,RB,,True,Active,3051926,31424,13123,13606,20239,00-0034184,,,,,,,4,7,Rutgers,gusedwards,edwards,1741418752564
5249,Andre Levrone,WR,WR,,True,Active,3048682,31244,13074,,20240,00-0034196,,,,,,,16,4,Virginia,andrelevrone,levrone,1567197355020
5250,Robert Foster,WR,WR,,True,Active,3054845,31601,12909,13363,20250,00-0034510,,,,,,,0,4,Alabama,robertfoster,foster,1671135604607
5251,Tyler Davis,K,K,,True,Active,3791111,31606,17799,,20255,,,,,,,,0,4,Penn State,tylerdavis,davis,1738304760107
5252,Ray Lawry,RB,RB,,True,Active,3123212,31564,12904,,20263,00-0034535,,,,,,,38,4,Old Dominion,raylawry,lawry,1534190709177
5253,Jordan Franks,TE,TE,,True,Inactive,3128439,31561,13247,,20264,00-0034532,,,,,,,46,5,UCF,jordanfranks,franks,1677256222365
5254,Jimmy Williams,WR,WR,,True,Active,3059733,31383,13095,,20273,,,,,,,,0,4,East Carolina,jimmywilliams,williams,1553119812550
5255,Teo Redding,WR,WR,,True,Active,3045763,31642,13023,,20274,00-0034647,,,,,,,88,4,Bowling Green,teoredding,redding,1567185953780
5256,DeAndre Goolsby,TE,TE,,False,Inactive,3115251,31635,13035,,20275,00-0034640,,,,,,,49,4,Florida,deandregoolsby,goolsby,1543519546646
5257,Tim Boyle,QB,QB,,True,Active,3045169,31431,13109,,20283,00-0034177,,,,,,,15,7,Eastern Kentucky,timboyle,boyle,1754957113220
5258,Damon Gibson,WR,WR,,False,Inactive,4294228,,,,20284,,,,,,,,9,0,None,damongibson,gibson,
5259,Lavon Coleman,RB,RB,,False,Inactive,3052163,31575,12895,13734,20294,00-0034624,,,,,,,0,4,Washington,lavoncoleman,coleman,1557160821573
5260,Vyncint Smith,WR,WR,,True,Active,3155188,31588,12979,,20295,00-0034631,,,,,,,15,5,Limestone,vyncintsmith,smith,1693332604696
5261,Jester Weah,WR,WR,,True,Active,3045164,31592,12653,,20296,00-0034633,,,,,,,82,4,Pittsburgh,jesterweah,weah,1629134141114
5262,Steve Ishmael,WR,WR,,False,Inactive,3123992,31369,13075,13555,20298,00-0034087,,,,,,,3,4,Syracuse,steveishmael,ishmael,1588014660140
5263,Chase Litton,QB,QB,,True,Active,3931782,31490,12638,13388,20305,00-0034291,,,,,,,14,4,Marshall,chaselitton,litton,1571715017013
5264,Blake Mack,TE,TE,,True,Active,3123714,31491,12713,,20306,00-0034292,,,,,,,88,4,Arkansas State,blakemack,mack,
5265,Nic Shimonek,QB,QB,,True,Active,3040134,31688,12700,,20308,00-0034574,,,,,,,0,4,Texas Tech,nicshimonek,shimonek,1535987767364
5266,Detrez Newsome,RB,RB,,False,Inactive,3117131,31685,13057,,20309,00-0034565,,,,,,,0,4,Western Carolina,detreznewsome,newsome,1578447343852
5267,JJ Jones,WR,WR,,False,Inactive,4329471,31683,18868,,20310,00-0034560,,,,,,,84,2,None,jjjones,jones,1754328015724
5268,Ben Johnson,TE,TE,,True,Active,3039970,31682,13054,,20311,00-0034557,,,,,,,0,4,Kansas,benjohnson,johnson,1673322310448
5269,Codey McElroy,TE,TE,,True,Active,3951441,31732,13341,,20314,00-0034735,Questionable,Foot,,Surgery,,,86,4,Southeastern Oklahoma State,codeymcelroy,mcelroy,1658867424146
527,Dennis Pitta,TE,TE,,False,Inactive,13231,24089,6533,5837,11017,,,,,,,,88,12,Brigham Young,dennispitta,pitta,
5270,Riley Ferguson,QB,QB,,False,Active,3044719,,,,20317,,,,,,,,0,0,Memphis,rileyferguson,ferguson,
5271,Buddy Howell,RB,RB,,True,Active,3122716,31537,13185,,20318,00-0034449,,,,,,,38,4,Florida Atlantic,buddyhowell,howell,1643332220230
5272,Greg Joseph,K,K,,True,Active,3975763,31538,13266,13705,20325,00-0034450,,,,,,,34,7,Florida Atlantic,gregjoseph,joseph,1764720625268
5273,Kamryn Pettway,RB,RB,,True,Active,3121597,31238,12556,,20326,,,,,,,,0,4,Auburn,kamrynpettway,pettway,1525721101055
5274,Roc Thomas,RB,RB,,False,Inactive,3121583,31241,12943,,20327,00-0034221,,,,,,,35,4,Jacksonville State,rocthomas,thomas,1577762727046
5275,Jeff Badet,WR,WR,,True,Active,3053760,31227,12739,,20328,00-0034207,,,,,,,0,4,Oklahoma,jeffbadet,badet,1638669034865
5276,Tyler Hoppes,TE,TE,,True,Active,3121396,31234,13149,,20329,00-0034214,,,,,,,86,4,Nebraska,tylerhoppes,hoppes,
5277,Deon Yelder,TE,TE,,True,Active,3059766,31519,13022,,20332,00-0034319,,,,,,,81,4,Western Kentucky,deonyelder,yelder,1660932629249
5278,Jarvion Franklin,RB,RB,,True,Active,3129453,31485,12947,,20340,00-0034205,,,,,,,40,4,Western Michigan,jarvionfranklin,franklin,1535991932832
5279,Quadree Henderson,WR,WR,,False,Inactive,3895789,31486,12461,,20341,00-0034206,,,,,,,15,4,Pittsburgh,quadreehenderson,henderson,1596406519371
5280,Pharoah McKever,TE,TE,,False,Inactive,3051719,31528,13416,,20342,00-0034322,,,,,,,0,4,Florida International,pharoahmckever,mckever,1567191956628
5281,Troy Williams,QB,QB,,False,Inactive,3045292,,,,20350,,,,,,,,3,0,None,troywilliams,williams,
5282,Duplicate Player,WR,WR,CHI,False,Inactive,,,,,,,,,,,,,37,0,None,duplicateplayer,player,
5283,Ka'Raun White,WR,WR,,True,Active,3916085,31463,12954,,20352,00-0034244,,,,,,,13,4,West Virginia,karaunwhite,white,1557850830189
5284,Jeff Wilson,RB,RB,,True,Active,3122976,31394,12932,13578,20360,00-0034115,,,,,,,34,8,North Texas,jeffwilson,wilson,1767666909236
5285,Ross Dwelley,TE,TE,,True,Active,3120303,31329,13030,,20361,00-0034073,,,,,,,81,8,San Diego,rossdwelley,dwelley,1767114335552
5286,Austin Allen,QB,QB,,True,Active,3046412,31252,16101,,20368,00-0034608,,,,,,,8,4,Arkansas,austinallen,allen,1694549723425
5287,Brian Bridgewater,TE,TE,,False,Inactive,3064518,,,,20369,,,,,,,,85,0,None,brianbridgewater,bridgewater,
5288,Donnie Ernsberger,TE,TE,TEN,False,Inactive,3129455,31255,12948,,20370, 00-0034611,Questionable,,,,,,83,4,Western Michigan,donnieernsberger,ernsberger,1628987137889
5289,Cameron Batson,WR,WR,,True,Active,3139456,31623,13206,,20372,00-0034652,,,,,,,16,4,Texas Tech,cameronbatson,batson,1672703434235
5290,Deontay Burnett,WR,WR,,True,Active,3932935,31624,12602,,20373,00-0034653,,,,,,,6,6,USC,deontayburnett,burnett,1724708145724
5291,J.t. Luper,WR,WR,,False,Inactive,4294247,,,,20374,,,,,,,,2,0,None,jtluper,luper,
5292,Devin Ross,WR,WR,,True,Active,3052122,31625,13302,,20375,00-0034667,,,,,,,89,5,Colorado,devinross,ross,1693608628595
5293,Jordan Veasy,WR,WR,,True,Active,4035853,31626,13304,,20376,00-0034669,,,,,,,18,4,California,jordanveasy,veasy,1660169747302
5294,Mikah Holder,WR,WR,,True,Active,3139946,31401,,,20387,,,,,,,,0,4,San Diego State,mikahholder,holder,
5295,De'Mornay Pierson-El,WR,WR,,True,Active,3121398,31404,13100,,20388, 00-0034103,,,,,,,0,4,Nebraska,demornaypiersonel,piersonel,1640187028484
5296,Elijah Wellman,TE,TE,,True,Active,3042434,31407,13103,,20389, 00-0034119,,,,,,,0,4,West Virginia,elijahwellman,wellman,1578358839011
53,John Kuhn,RB,RB,,False,Inactive,9530,7695,5160,4050,1589,,,,,,,,29,15,"Shippensburg, Pa.",johnkuhn,kuhn,1551903940739
530,Jermaine Gresham,TE,TE,,False,Inactive,13228,23996,6455,5549,11026,00-0027873,,,,,,,84,12,Oklahoma,jermainegresham,gresham,1552323322959
5310,Antonio Callaway,WR,WR,,True,Active,3915097,31075,12468,13108,19917,00-0034772,,,,,,,80,5,Florida,antoniocallaway,callaway,1685994047570
5322,James Looney,TE,TE,,True,Active,3039794,31202,12714,,20019,00-0034284,,,,,,,49,4,California,jameslooney,looney,1597529709965
5323,Equanimeous St. Brown,WR,WR,,True,Inactive,3932442,31177,12560,13145,20398,00-0034279,Questionable,Foot,,,,,7,7,Notre Dame,equanimeousstbrown,stbrown,1755642044035
533,Colt McCoy,QB,QB,,True,Active,13199,24060,6444,5699,11047,00-0027688,,,,,,,12,13,Texas,coltmccoy,mccoy,1724134523043
534,Carlton Mitchell,WR,WR,,False,Inactive,13222,24153,,,11049,,,,,,,,12,4,South Florida,carltonmitchell,mitchell,
5347,Nyheim Miller-Hines,RB,RB,,True,Active,3916430,31074,12630,13209,19912,00-0034367,,,,,,,19,8,North Carolina State,nyheimmillerhines,millerhines,1767667208987
5352,Ryan Green,RB,RB,,False,Inactive,3045357,,,,20404,,,,,,,,7,0,None,ryangreen,green,
5353,Dimitri Flowers,RB,RB,,False,Inactive,3116375,31443,12789,,20405,00-0034225,,,,,,,35,4,Oklahoma,dimitriflowers,flowers,1557442808504
5354,Canon Rooker,K,K,,False,Inactive,3040582,,,,20414,,,,,,,,15,0,None,canonrooker,rooker,
5355,Nick Sharga,RB,RB,,True,Active,3064131,31483,13157,,20415,,,,,,,,0,4,Temple,nicksharga,sharga,
5356,Jeremiah Briscoe,QB,QB,,False,Active,3911396,,,,20416,,,,,,,,0,0,Sam Houston State,jeremiahbriscoe,briscoe,
5357,Kent Shelby,WR,WR,,False,Active,3050301,,13060,,20423,,,,,,,,0,0,McNeese State,kentshelby,shelby,
5358,Anthony Manzo-Lewis,TE,TE,,True,Active,3935107,31684,13056,,20424,00-0034563,,,,,,,40,4,"Albany, N.Y.",anthonymanzolewis,manzolewis,
5359,Dorren Miller,WR,WR,,True,Active,4260053,31271,13033,,20456,00-0034524,,,,,,,18,4,Carson-Newman,dorrenmiller,miller,1557852330059
536,Antonio Brown,WR,WR,,True,Active,13934,24171,6454,5698,11056,00-0027793,,,,,,,0,12,Central Michigan,antoniobrown,brown,1762467001689
5374,Justin Watson,WR,WR,HOU,True,Active,3118892,31114,12746,13208,19922,00-0034386,Questionable,Concussion,,,RWR,6,84,8,Pennsylvania,justinwatson,watson,1768599041160
538,Emmanuel Sanders,WR,WR,,True,Active,13295,24057,6523,5885,11063,00-0027685,,,,,,,1,12,SMU,emmanuelsanders,sanders,1662576910501
5383,Jalen Tolliver,WR,WR,,False,Inactive,4329491,31322,13220,,20462,00-0034489,,,,,,,88,4,Arkansas-Monticello,jalentolliver,tolliver,1614972929454
5384,Jonah Trinnaman,WR,WR,,True,Inactive,4046666,31323,13221,,20463,00-0034504,,,,,,,9,4,Brigham Young,jonahtrinnaman,trinnaman,1535665807659
5385,Alec Bloom,TE,TE,,True,Active,3125891,31298,13209,,20464,00-0034472,,,,,,,87,4,Connecticut,alecbloom,bloom,
5386,Matt McCrane,K,K,,True,Active,3052413,31310,12712,13503,20466,00-0034479,,,,,,,36,6,Kansas State,mattmccrane,mccrane,1728348029283
539,Marc Mariani,WR,WR,,False,Inactive,13409,24198,6702,,11084,,,,,,,,87,10,Montana,marcmariani,mariani,
5391,Steven Dunbar,WR,WR,,False,Inactive,3126197,31328,12730,,20467,00-0034072,,,,,,,0,4,Houston,stevendunbar,dunbar,1567192855473
5392,Jack Heneghan,QB,QB,,True,Active,3118374,31330,13068,,20468,00-0034074,,,,,,,6,4,Dartmouth,jackheneghan,heneghan,1535841111210
5395,Shaun Wilson,RB,RB,,True,Active,3116563,31278,13070,,20472,00-0034621,,,,,,,39,4,Duke,shaunwilson,wilson,1595795416080
5396,Sergio Bailey II,WR,WR,,False,Inactive,4039320,31253,,,20473,,NA,,,,,,83,0,None,sergiobaileyii,baileyii,
5397,Trevor Moore,K,K,,True,Active,3122979,31265,13288,,20476,,,,,,,,0,4,North Texas,trevormoore,moore,1533679820226
5398,Justin Crawford,RB,RB,,True,Active,4039226,31338,12475,,20521,00-0034137,,,,,,,0,4,West Virginia,justincrawford,crawford,1535850062877
5401,Armanti Foreman,WR,WR,,True,Active,3125115,31231,13147,,20447,,,,,,,,0,4,Texas,armantiforeman,foreman,
5403,Peter Pujals,QB,QB,,True,Active,3048030,31239,13151,,20453,00-0034219,,,,,,,6,4,Holy Cross,peterpujals,pujals,
5407,Ervin Philips,RB,RB,,True,Active,,31275,13027,,20504,00-0034618,,,,,,,89,4,Syracuse,ervinphilips,philips,
5408,Sergio Bailey,WR,WR,,True,Active,,900326,13069,,20505,00-0034609,,,,,,,83,4,Eastern Michigan,sergiobailey,bailey,1580256060302
5409,Tanner Hudson,TE,TE,CIN,True,Active,3050481,31257,13286,,20506,00-0034613,,,,,TE,5,87,8,Southern Arkansas,tannerhudson,hudson,1768872039534
541,Damian Williams,WR,WR,,False,Inactive,13219,24052,,,11097,,,,,,,,10,6,USC,damianwilliams,williams,
542,Dorin Dickerson,TE,TE,,False,Inactive,13353,24203,6538,,11100,,,,,,,,42,4,Pittsburgh,dorindickerson,dickerson,
5425,John Diarse,WR,WR,,True,Active,3042741,31376,13097,13560,20524,00-0034106,,,,,,,9,4,Texas Christian,johndiarse,diarse,
5427,LaQuvionte Gonzalez,WR,WR,,True,Active,3051813,31389,13098,,20525,,,,,,,,0,4,"Southeastern, Fla.",laquviontegonzalez,gonzalez,1532473801543
5428,Ricky Jeune,WR,WR,,True,Active,3055908,31388,13096,,20526,,,,,,,,2,4,Georgia Tech,rickyjeune,jeune,1535476203701
543,Garrett Graham,TE,TE,,False,Inactive,13371,24093,6534,5900,11101,,,,,,,,80,10,Wisconsin,garrettgraham,graham,
5431,Shay Fields,WR,WR,,True,Active,3122607,31399,13099,,20528,00-0034100,,,,,,,16,4,Colorado,shayfields,fields,1535839809940
5432,Cam Sims,WR,WR,,True,Active,3115314,31405,13101,,20529,00-0034104,Questionable,Undisclosed,,,,,87,6,Alabama,camsims,sims,1722992114066
5460,Kaare Vedvik,K,K,,True,Active,3068715,31421,13131,13603,20248,00-0034202,,,,,,,0,4,Marshall,kaarevedvik,vedvik,1631108104037
5462,Christopher Ezeala,RB,RB,,True,Active,4339834,31335,13326,,20534,00-0034876,,,,,,,45,6,No College,christopherezeala,ezeala,1546977330539
5463,Mark Thompson,RB,RB,,True,Active,4057659,31423,13108,,20561,00-0034200,,,,,,,36,4,Florida,markthompson,thompson,1689693008989
5464,De'Lance Turner,RB,RB,,True,Active,3928461,31425,13130,,20562,00-0034201,,,,,,,34,4,Alcorn State,delanceturner,turner,1589760325995
5465,Nick Keizer,TE,TE,,True,Injured Reserve,4329472,31427,13126,,20563,00-0034192,,,,,,,0,4,Grand Valley State,nickkeizer,keizer,1628477729712
5468,Christian Scotland-Williamson,TE,TE,,True,Active,4338875,31364,13906,,20536,00-0034340,,,,,,,0,7,,christianscotlandwilliamson,scotlandwilliamson,1595382657162
55,Visanthe Shiancoe,TE,TE,,False,Inactive,,,,,1614,,,,,,,,80,10,Morgan State,visantheshiancoe,shiancoe,
5530,Evan Berry,WR,WR,,True,Active,3115343,31450,13134,,20120,,,,,,,,0,4,Tennessee,evanberry,berry,1535493306660
5536,Dontrell Hilliard,RB,RB,,True,Inactive,3126246,31457,13135,13638,20566,00-0034253,Questionable,Neck,,,,,40,5,Tulane,dontrellhilliard,hilliard,1689597659895
5539,Derrick Willies,WR,WR,,True,Inactive,3040137,31462,13138,13642,20477,00-0034258,,,,,,,0,4,Texas Tech,derrickwillies,willies,1645048821297
5547,Ryan Smith,TE,TE,,True,Active,3125991,31501,13162,,20577,00-0034306,,,,,,,0,4,"Miami, O.",ryansmith,smith,
5548,Elijah Marks,WR,WR,,True,Active,3119490,31492,13171,,20496,,,,,,,,0,4,Northern Arizona,elijahmarks,marks,1532652601533
5549,Darrel Williams,RB,RB,,True,Active,3115375,31500,12839,13668,20500,00-0034301,,,,,,,34,5,LSU,darrelwilliams,williams,1693414209959
5550,John David Moore,RB,RB,,True,Active,3042728,31493,13177,,20501,00-0034294,,,,,,,43,4,Louisiana State,johndavidmoore,moore,1557540020337
5558,Marcus Martin,RB,RB,,True,Active,4294229,31466,13024,,20549,00-0034240,,,,,,,0,4,Slippery Rock,marcusmartin,martin,1535836858823
5560,Khalid Hill,RB,RB,,True,Inactive,3045222,31467,13161,,20568,00-0034237,,,,,,,40,4,Michigan,khalidhill,hill,1538524502827
5565,Jason Cabinda,RB,RB,,True,Active,3116158,31480,12662,13359,20074,00-0034171,,,,,,,45,6,Penn State,jasoncabinda,cabinda,1706579746289
5566,Julian Allen,RB,RB,,True,Inactive,3916334,31505,13158,,20578,,,,,,,,86,4,Southern Mississippi,julianallen,allen,1535495103565
5567,Janarion Grant,WR,WR,,False,Inactive,3047490,31506,12760,,20585,00-0034307,,,,,,,84,4,Rutgers,janariongrant,grant,1537901103250
5569,Johnny Stanton,RB,RB,,True,Active,3040499,31510,13182,,20581,00-0034311,,,,,,,40,4,UNLV,johnnystanton,stanton,1661887850429
5570,Chad Beebe,WR,WR,,True,Active,3047968,31508,13164,,20582,00-0034309,,,,,,,86,4,Northern Illinois,chadbeebe,beebe,1660605304236
558,Eric Decker,WR,WR,,False,Inactive,13271,24062,6505,5819,11182,00-0027690,,,,,,,81,10,Minnesota,ericdecker,decker,1535399709420
5586,Henry Poggi,RB,RB,,True,Active,3045201,31513,13167,,20587,00-0034314,,,,,,,48,4,Michigan,henrypoggi,poggi,1535988630015
5587,Chris Warren,RB,RB,,True,Active,3929855,31514,12867,,20588,00-0034315,,,,,,,34,4,Texas,chriswarren,warren,1564349114465
5588,Paul Butler,TE,TE,,False,Inactive,4337702,31515,13169,,20589,00-0034313,,,,,,,81,5,"California, Pa.",paulbutler,butler,1599406559883
559,Tim Tebow,TE,TE,,True,Inactive,13200,24000,6463,,11196,,,,,,,,0,12,Florida,timtebow,tebow,1629216944801
5590,Jordan Smallwood,WR,WR,,True,Active,3052671,31525,13349,,20591,00-0034330,,,,,,,0,4,Oklahoma,jordansmallwood,smallwood,1564341612769
5597,Brogan Roback,QB,QB,,True,Active,3059773,31695,13183,,20595,00-0034697,,,,,,,0,4,Eastern Michigan,broganroback,roback,1557850830183
560,Demaryius Thomas,WR,WR,,False,Active,13216,23997,6440,5700,11197,00-0027874,,,,,,,18,12,Georgia Tech,demaryiusthomas,thomas,1624899325963
5608,Devonte Boyd,WR,WR,,True,Active,3125315,31557,12736,,20452,00-0034528,,,,,,,8,4,Nevada-Las Vegas,devonteboyd,boyd,1532875518592
5609,Stephen Baggett,TE,TE,,True,Active,3126158,31546,13271,,20553,00-0034494,,,,,,,86,4,East Carolina,stephenbaggett,baggett,
5612,Anthony Mahoungou,WR,WR,,True,Active,3892746,31574,13281,,20539,,,,,,,,6,4,Purdue,anthonymahoungou,mahoungou,
5618,Larry Rose,RB,RB,,True,Inactive,3124979,900379,,,20552,00-0034666,NA,,,,,,39,4,New Mexico State,larryrose,rose,
5619,Dalyn Dawkins,RB,RB,,True,Active,3052449,31620,13293,,20600,00-0034654,,,,,,,28,4,Colorado State,dalyndawkins,dawkins,1608771051119
5624,Keith Ford,RB,RB,,False,Inactive,3052662,31595,12894,,20598,00-0034509,,,,,,,27,4,Texas A&M,keithford,ford,1566592535885
5625,Cam Phillips,WR,WR,,False,Inactive,3124079,31598,12898,,20599,00-0034512,,,,,,,87,4,Virginia Tech,camphillips,phillips,1599408360067
5637,Garrett Johnson,WR,WR,,True,Active,3126329,31659,13238,,20451,00-0034592,,,,,,,0,4,Kentucky,garrettjohnson,johnson,
5638,Shaq Roland,WR,WR,CHI,True,Active,2978744,31665,13242,,20606,,,,,,,,6,1,West Georgia,shaqroland,roland,1529018101361
564,Dexter McCluster,RB,RB,,False,Inactive,13207,24011,6480,5780,11220,,,,,,,,33,10,Mississippi,dextermccluster,mccluster,
565,Tony Moeaki,TE,TE,,False,Inactive,13289,24068,6685,,11221,,,,,,,,49,10,Iowa,tonymoeaki,moeaki,
5661,Chris Lacy,WR,WR,,True,Active,3122430,31651,12952,,20511,00-0034593,Questionable,Undisclosed,,,,,15,5,Oklahoma State,chrislacy,lacy,1693863655591
5663,Shane Wimann,RB,RB,,True,Inactive,3047994,31654,13190,,20514,,,,,,,,0,4,Northern Illinois,shanewimann,wimann,1533863168194
5665,Darren Andrews,WR,WR,,False,Inactive,3047553,31646,13186,,20602,,,,,,,,16,4,UCLA,darrenandrews,andrews,1551745816134
567,Jacoby Ford,WR,WR,,False,Inactive,13363,24083,,,11230,,,,,,,,19,5,Clemson,jacobyford,ford,
5670,Nick DeLuca,TE,TE,,False,Inactive,3060410,31614,12793,,20383,00-0034655,,,,,,,58,4,North Dakota State,nickdeluca,deluca,1564784114779
5692,Ryan Santoso,K,K,,True,Active,3040204,31643,13526,,20282,00-0034648,,,,,,,2,4,Minnesota,ryansantoso,santoso,1661787310944
5695,Brandon Powell,WR,WR,,True,Active,3115255,31641,13036,13782,20487,00-0034646,,,,,,,4,7,Florida,brandonpowell,powell,1737648333293
5697,Zach Olstad,RB,RB,,True,Inactive,4339829,31700,13327,,20616,,,,,,,,36,4,Winona State,zacholstad,olstad,1534639510426
5699,Matt Fleming,WR,WR,,True,Active,4327535,31711,12870,,20618,,,,,,,,0,4,Benedictine,mattfleming,fleming,1532646901698
57,Steven Jackson,RB,RB,,False,Inactive,5549,6783,3756,1663,1652,,,,,,,,39,16,Oregon State,stevenjackson,jackson,
570,Seyi Ajirotutu,WR,WR,,False,Inactive,13524,24435,6524,,11243,,,,,,,,16,10,Fresno State,seyiajirotutu,ajirotutu,
5700,Robert Martin,RB,RB,,True,Active,3127374,31704,13312,13836,20624,00-0034708,,,,,,,49,4,Rutgers,robertmartin,martin,1566883833659
5703,Deontez Alexander,WR,WR,,True,Active,4055563,31705,13309,,20626, 00-0034715,,,,,,,82,4,Franklin,deontezalexander,alexander,1660699219475
5705,John Franklin,WR,WR,,True,Inactive,4035496,31712,13207,,20550,00-0034705,,,,,,,0,4,Florida Atlantic,johnfranklin,franklin,1726441215550
5709,Luis Perez,QB,QB,,True,Active,4290778,31734,13078,,20507,00-0034737,,,,,,,11,6,Texas A&M-Commerce,luisperez,perez,1724787654122
571,Ryan Mathews,RB,RB,,False,Inactive,13204,23987,6449,5603,11256,00-0027864,,,,,,,24,10,Fresno State,ryanmathews,mathews,
5710,Nick Holley,WR,WR,,True,Active,3052549,31730,13340,,20649,00-0034733,,,,,,,25,4,Kent State,nickholley,holley,
5714,Tim Wilson,WR,WR,,True,Active,4339828,31718,13335,,20634,00-0034703,,,,,,,84,4,East Stroudsburg,timwilson,wilson,
5718,Ryan Yurachek,TE,TE,,True,Active,3139447,31715,13203,,20632,00-0034725,,,,,,,42,4,Marshall,ryanyurachek,yurachek,1578677115320
5722,Darvin Kidsy,WR,WR,,True,Active,3051650,31722,13321,,20478,00-0034710,,,,,,,0,4,Texas Southern,darvinkidsy,kidsy,1628204738578
5733,Clayton Wilson,TE,TE,,True,Active,3957316,31719,13322,,20635,00-0034716,,,,,,,86,4,Northwest Missouri State,claytonwilson,wilson,1534800307482
5734,C.J. Duncan,WR,WR,,True,Active,3051751,31716,13315,,20629,00-0034709,,,,,,,82,4,Vanderbilt,cjduncan,duncan,
574,Dez Bryant,WR,WR,,True,Inactive,13215,23999,6336,5558,11270,00-0027902,,,,,,,88,12,Oklahoma State,dezbryant,bryant,1614139521661
5744,Eldridge Massington,WR,WR,NO,True,Active,3047578,31740,13346,,20653,,,,,,,,86,1,UCLA,eldridgemassington,massington,1533507902281
5745,Nick Stevens,QB,QB,,True,Inactive,3042933,31741,12698,,20654,,,,,,QB,4,5,1,Colorado State,nickstevens,stevens,1529012401454
5747,Kayaune Ross,WR,WR,,True,Active,4035069,31743,13348,,20656,00-0034761,,,,,,,11,4,Kentucky,kayauneross,ross,1533405320530
5750,Garrett Hudson,TE,TE,,True,Active,3074230,31746,13352,,20659,00-0034783,,,,,,,46,4,Richmond,garretthudson,hudson,
5751,Austin Roberts,TE,TE,,True,Active,3134314,31747,12583,,20660,00-0034784,,,,,,,42,4,UCLA,austinroberts,roberts,1557447911603
5752,Sherman Badie,RB,RB,,True,Active,3041102,31748,13355,,20661,00-0034786,,,,,,,0,4,Tulane,shermanbadie,badie,
5754,Jaeden Graham,TE,TE,,True,Inactive,3118954,31749,13356,,20662,00-0034788,Questionable,Undisclosed,,,,,46,4,Yale,jaedengraham,graham,1662176716765
5755,Duplicate Player,TE,TE,,False,Inactive,,,,,,,,,,,TE,,89,2,Miami (FL),duplicateplayer,player,
5756,Garrett Dickerson,TE,TE,,True,Active,3116132,31751,13357,,20663,00-0034795,,,,,,,0,4,Northwestern,garrettdickerson,dickerson,1599338457451
5760,Josh Crockett,WR,WR,,True,Active,4350798,31758,13363,,20667,00-0034819,,,,,,,0,4,Central Oklahoma,joshcrockett,crockett,1556985040628
5762,Josh Smith,WR,WR,,True,Inactive,3044726,31760,13365,,20670,,,,,,,,0,4,Tennessee,joshsmith,smith,1533517805735
5772,Aaron Lacombe,WR,WR,,True,Inactive,3056458,31768,,,20678,,,,,,,,0,4,California Lutheran,aaronlacombe,lacombe,
5773,KhaDarel Hodge,WR,WR,ATL,True,Inactive,3047876,31769,13418,,20679,00-0034854,IR,Shoulder,,,LWR,3,4,8,Prairie View A&M,khadarelhodge,hodge,1766186721184
5774,Cam Serigne,TE,TE,,True,Active,3039793,31770,12753,,20519,00-0034863,,,,,,,86,4,Wake Forest,camserigne,serigne,
5775,Jared Murphy,WR,WR,,True,Active,3052494,31772,13374,,20680,00-0034862,,,,,,,9,4,"Miami, O.",jaredmurphy,murphy,
5776,Mark Chapman,WR,WR,,True,Active,3044693,31773,13372,,20681,00-0034861,,,,,,,85,4,Central Michigan,markchapman,chapman,
5777,Malachi Jones,WR,WR,,True,Active,2973663,29648,13375,,18462,00-0032604,,,,,,,2,6,Appalachian State,malachijones,jones,
5779,Blake Jackson,WR,WR,,False,Inactive,2975813,31775,13407,,20682,00-0034864,,,,,,,0,4,Mary Hardin-Baylor,blakejackson,jackson,1580262360761
5781,Malik Turner,WR,WR,SF,True,Active,3115928,31777,13378,13906,20684,00-0034867,,,,,SWR,,81,8,Illinois,malikturner,turner,1769754040879
5785,James Butler,RB,RB,,True,Active,3124608,31781,13379,,20686,00-0034870,,,,,,,36,4,Iowa,jamesbutler,butler,1571082642904
5786,Marcus Peterson,WR,WR,,True,Active,4370294,31782,13383,,20688,,,,,,,,0,4,Seton Hill,marcuspeterson,peterson,
5787,Bryce Bobo,WR,WR,,True,Active,3052102,31783,12737,,20689,00-0034878,,,,,,,13,4,Colorado,brycebobo,bobo,1535763393991
5791,Gerald Holmes,RB,RB,,True,Active,3052624,31787,13385,,20690,00-0034883,,,,,,,34,4,Michigan State,geraldholmes,holmes,1534541731493
5796,Austin Wolf,WR,WR,,True,Inactive,3052566,31793,13393,,20696,,,,,,,,15,2,None,austinwolf,wolf,1534987852092
5798,Darren Carrington,WR,WR,,True,Inactive,3052098,900375,,,20695,00-0034888,NA,,,,,,16,4,Utah,darrencarrington,carrington,
5799,Darius Prince,WR,WR,,True,Active,4378381,31796,13396,,20698,00-0034892,,,,,,,1,10,Penn State - Beaver,dariusprince,prince,
58,Greg Olsen,TE,TE,,False,Injured Reserve,10475,8285,5206,4190,1658,00-0025418,,,,,,,88,14,Miami,gregolsen,olsen,1611516056530
5800,Justin Stockton,RB,RB,,True,Active,3139485,31795,13395,,20697,00-0034890,,,,,,,25,4,Texas Tech,justinstockton,stockton,1566829820700
5801,Kobe McCrary,RB,RB,,True,Active,4034782,31798,13398,,20700,00-0034893,,,,,,,48,4,Minnesota,kobemccrary,mccrary,1535838644036
5802,Allenzae Staggers,WR,WR,,False,Inactive,4039277,31797,13397,,20699,,,,,,,,0,8,Southern Miss,allenzaestaggers,staggers,1535319357605
5804,Julian Williams,WR,WR,,True,Active,3921645,31799,13400,,20701,00-0034894,,,,,,,16,4,Florida International,julianwilliams,williams,1537304705874
5806,John Wolford,QB,QB,MIN,True,Active,3124092,31803,13403,,20703,00-0034899,,,,,QB,3,5,8,Wake Forest,johnwolford,wolford,1767546301461
5808,Connor Jessop,QB,QB,,True,Active,2979695,31804,13404,,20704,00-0034897,,,,,,,2,4,Shepherd,connorjessop,jessop,
5809,Ja'Quan Gardner,RB,RB,,True,Active,4328969,31805,13409,,20706,00-0034900,,,,,,,38,4,Humboldt State,jaquangardner,gardner,1580253960021
5814,Frank Stephens,WR,WR,,False,Inactive,,31806,,,20712,,NA,,,,,,0,0,Northern Colorado,frankstephens,stephens,
5817,Byron Leftwich,QB,QB,,False,Inactive,,,,1478,1036,,,,,,,,4,0,Marshall,byronleftwich,leftwich,1546297547418
582,Riley Cooper,WR,WR,,False,Inactive,13225,24135,6508,,11313,,,,,,,,14,10,Florida,rileycooper,cooper,
5820,BenJarvus Green-Ellis,RB,RB,,False,Inactive,,900039,,,462,,NA,,,,,,42,14,Mississippi,benjarvusgreenellis,greenellis,
5823,Tristan Vizcaino,K,K,,True,Active,3127313,31808,13496,,20717, 00-0034909,,,,,,,16,4,Washington,tristanvizcaino,vizcaino,1691437807742
5828,Diontae Spencer,WR,WR,,True,Inactive,17463,28279,13530,,20722, 00-0031319,,,,,,,14,9,McNeese State,diontaespencer,spencer,1730239511401
5831,Bryant Mitchell,WR,WR,,True,Inactive,3050661,31816,13576,,20726, 00-0034901,,,,,,,16,3,"Northwestern State, La.",bryantmitchell,mitchell,1599275454959
5833,Kevin O'Connell,QB,QB,,False,Inactive,,,,4710,9672,,,,,,,,8,0,San Diego State,kevinoconnell,oconnell,1548804904981
5834,Sean Ryan,TE,TE,,False,Inactive,,,17527,13053,8748,,,,,,,,89,0,Boston College,seanryan,ryan,1724706044892
5837,Redford Jones,K,K,,True,Active,3060823,31812,13827,,20727,,,,,,,,0,3,Tulsa,redfordjones,jones,1557100507499
5838,Phillip Andersen,K,K,,True,Active,,31818,13834,14006,20728,,,,,,,,0,3,No College,phillipandersen,andersen,1556575558059
584,Clay Harbor,TE,TE,,False,Inactive,13376,24100,6687,,11317,,,,,,,,80,10,Missouri State,clayharbor,harbor,1553546128635
5844,T.J. Hockenson,TE,TE,MIN,True,Active,4036133,31840,13610,14051,20805, 00-0035229,Questionable,Shoulder,,,TE,1,87,7,Iowa,tjhockenson,hockenson,1767546601328
5845,Dwayne Haskins,QB,QB,PIT,False,Active,4040616,31847,13558,13979,20795, 00-0035232,,,,,,,3,3,Ohio State,dwaynehaskins,haskins,1649518240714
5846,DK Metcalf,WR,WR,PIT,True,Active,4047650,31896,13424,13940,20875, 00-0035640,,,,,LWR,1,4,7,Ole Miss,dkmetcalf,metcalf,1770258951721
5848,Marquise Brown,WR,WR,KC,True,Active,4241372,31857,13502,14010,21045, 00-0035662,,,,,LWR,3,5,7,Oklahoma,marquisebrown,brown,1767729313530
5849,Kyler Murray,QB,QB,ARI,True,Inactive,3917315,31833,13613,13950,20889, 00-0035228,IR,Foot,,Sprain,QB,1,1,7,Oklahoma,kylermurray,murray,1769457033723
5850,Josh Jacobs,RB,RB,GB,True,Active,4047365,31856,13582,14026,20824, 00-0035700,,,,,RB,1,8,7,Alabama,joshjacobs,jacobs,1770090352319
5854,Drew Lock,QB,QB,SEA,True,Active,3924327,31874,13736,13992,20859, 00-0035704,,,,,QB,2,2,7,Missouri,drewlock,lock,1768694720589
5857,Noah Fant,TE,TE,CIN,True,Active,4036131,31852,13426,14050,20753, 00-0035644,,,,,TE,2,86,7,Iowa,noahfant,fant,1767634810289
5859,A.J. Brown,WR,WR,PHI,True,Active,4047646,31883,13432,13946,21042, 00-0035676,,,,,LWR,1,11,7,Ole Miss,ajbrown,brown,1770222647675
586,Mike Kafka,QB,QB,,False,Inactive,13397,24097,,5855,11323,,,,,,,,3,4,Northwestern,mikekafka,kafka,
5863,J.J. Arcega-Whiteside,TE,TE,,True,Active,3931397,31889,13529,13976,20742, 00-0035246,,,,,,,83,4,Stanford,jjarcegawhiteside,arcegawhiteside,1693347909286
587,Logan Paulsen,TE,TE,,True,Active,13726,24608,6871,6368,11345,00-0027215,,,,,,,0,12,UCLA,loganpaulsen,paulsen,1584623131225
5870,Daniel Jones,QB,QB,IND,True,Inactive,3917792,31838,13491,13963,20841, 00-0035710,IR,Achilles,,,QB,1,17,7,Duke,danieljones,jones,1767918653220
5872,Deebo Samuel,WR,WR,WAS,True,Active,3126486,31868,13429,14059,20932, 00-0035719,,,,,SWR,2,1,7,South Carolina,deebosamuel,samuel,1767583505595
5873,Riley Ridley,WR,WR,,True,Active,4035015,31958,13531,13972,20925, 00-0035590,,,,,,,0,3,Georgia,rileyridley,ridley,1630439750326
5878,N'Keal Harry,TE,TE,,True,Active,4047839,31864,13425,14055,20792, 00-0035624,,,,,,,84,5,Arizona State,nkealharry,harry,1733257527730
5880,Parris Campbell,WR,WR,DAL,True,Active,3121410,31891,13525,14056,21005, 00-0035639,,,,,SWR,7,11,7,Ohio State,parriscampbell,campbell,1767669009198
5884,Kelvin Harmon,WR,WR,,True,Active,4036163,32038,13428,13943,20789, 00-0035297,,,,,,,84,6,North Carolina State,kelvinharmon,harmon,1753850427655
5885,Ryan Finley,QB,QB,,True,Inactive,3042876,31936,13750,14046,20759, 00-0035652,,,,,,,5,3,North Carolina State,ryanfinley,finley,1621883129876
5886,Hakeem Butler,TE,TE,,True,Active,3917940,31935,13564,13955,21056, 00-0035529,,,,,,,82,5,Iowa State,hakeembutler,butler,1724442915918
5889,Bryce Love,RB,RB,,True,Inactive,3931398,31944,13458,14012,20863, 00-0035256,,,,,,,35,3,Stanford,brycelove,love,1618933803497
5890,Damien Harris,RB,RB,,True,Active,3925347,31919,13636,14038,20790, 00-0035657,,,,,,,22,5,Alabama,damienharris,harris,1711490757103
5892,David Montgomery,RB,RB,DET,True,Active,4035538,31905,13556,13978,20882, 00-0035685,,,,,RB,2,5,7,Iowa State,davidmontgomery,montgomery,1767918953257
59,Mason Crosby,K,K,,True,Active,10636,8447,5363,4182,1694,00-0025580,,,,,,,21,17,Colorado,masoncrosby,crosby,1738692034444
5902,Penny Hart,WR,WR,,True,Inactive,3917546,32293,13616,,20793, 00-0035022,Questionable,Concussion,,,,,19,4,Georgia State,pennyhart,hart,1696894524939
5903,Will Grier,QB,QB,DAL,True,Active,3115252,31932,13446,13977,20779, 00-0035251,,,,,QB,3,15,7,West Virginia,willgrier,grier,1770090353624
5906,Dawson Knox,TE,TE,BUF,True,Active,3930086,31928,13466,13953,20850, 00-0035689,,,,,TE,2,88,7,Ole Miss,dawsonknox,knox,1768706121525
5911,Jalen Hurd,WR,WR,,True,Active,3115328,31899,13631,14060,20817, 00-0034971,,,,,,,13,4,Baylor,jalenhurd,hurd,1690929610716
5915,Andy Isabella,WR,WR,,True,Active,3914328,31894,13612,14019,20820, 00-0035527,Questionable,Undisclosed,,,,,7,6,UMass,andyisabella,isabella,1754437826663
5916,Darrell Henderson,RB,RB,,True,Active,4039359,31902,13450,14039,20798, 00-0035664,,,,,,,27,4,Memphis,darrellhenderson,henderson,1703621720262
5917,Mecole Hardman,WR,WR,BUF,True,Active,4035004,31888,13532,13973,20788, 00-0035140,,,,,SWR,8,16,7,Georgia,mecolehardman,hardman,1769841321419
5918,Rodney Anderson,RB,RB,,True,Inactive,3705353,32043,13637,14180,20741, 00-0035299,,,,,,,33,3,Oklahoma,rodneyanderson,anderson,1597695337116
5919,Elijah Holyfield,RB,RB,,True,Active,4035006,32148,13534,,20809, 00-0035442,,,,,,,36,4,Georgia,elijahholyfield,holyfield,1696977937447
592,Jahvid Best,RB,RB,,False,Inactive,,,,5630,11373,,,,,,,,44,3,California,jahvidbest,best,
5924,Emanuel Hall,WR,WR,,True,Inactive,3924318,32253,13515,14132,20782, 00-0035070,Questionable,Achilles,,,,,80,3,Missouri,emanuelhall,hall,1617994254916
5927,Terry McLaurin,WR,WR,WAS,True,Active,3121422,31908,13536,14121,20873, 00-0035659,,,,,LWR,1,17,7,Ohio State,terrymclaurin,mclaurin,1769730609664
5929,Anthony Johnson,WR,WR,,True,Active,4049301,32482,13788,,20830, 00-0035474,,,,,,,83,3,Buffalo,anthonyjohnson,johnson,1630194058844
5937,Diontae Johnson,WR,WR,,True,Active,3932905,31898,13472,14126,21077, 00-0035216,,,,,,,16,6,Toledo,diontaejohnson,johnson,1761691222417
5938,Lil'Jordan Humphrey,WR,WR,DEN,True,Active,4039057,32494,13565,,20816, 00-0035406,,,,,RWR,5,17,7,Texas,liljordanhumphrey,humphrey,1768706421641
5941,Felton Davis,WR,WR,,True,Active,3929817,32356,13850,,21062, 00-0035154,,,,,,,80,3,Michigan State,feltondavis,davis,1591453563652
5947,Jakobi Meyers,WR,WR,JAX,True,Active,3916433,32231,13517,14220,20876, 00-0034960,,,,,RWR,3,3,7,North Carolina State,jakobimeyers,meyers,1770327956261
5950,Nyqwan Murray,WR,WR,,True,Active,3921571,32636,13878,,20890, 00-0035730,,,,,,,0,3,Florida State,nyqwanmurray,murray,1567355135511
5955,Hunter Renfrow,WR,WR,,True,Active,3135321,31981,13749,14062,20924, 00-0034983,,,,,,,13,7,Clemson,hunterrenfrow,renfrow,1767903952195
5957,Isaac Nauta,TE,TE,GB,True,Inactive,4035014,32056,13528,,20893, 00-0035539,Questionable,Undisclosed,,,,,82,3,Georgia,isaacnauta,nauta,1629945307384
5961,Jalin Moore,RB,RB,,True,Inactive,3123675,32528,13641,,20883, 00-0035505,,,,,,,30,3,Appalachian State,jalinmoore,moore,1596305109646
5962,KeeSean Johnson,WR,WR,,True,Active,3124537,32006,13628,14195,20835, 00-0035287,,,,,,,81,4,Fresno State,keeseanjohnson,johnson,1693359905726
5965,Miles Boykin,WR,WR,,True,Active,3932423,31925,13553,14013,21037, 00-0035703,,,,,,,80,6,Notre Dame,milesboykin,boykin,1762648203794
5967,Tony Pollard,RB,RB,TEN,True,Active,3916148,31960,13590,14245,20912, 00-0035261,,,,,RB,1,20,7,Memphis,tonypollard,pollard,1767580805873
5970,Greg Dortch,WR,WR,ARI,True,Inactive,4037235,32523,13469,,21071, 00-0035500,IR,Chest,,,SWR,3,4,7,Wake Forest,gregdortch,dortch,1768796130262
5973,Josh Oliver,TE,TE,MIN,True,Active,3921690,31901,13786,,20899, 00-0035249,Questionable,Ankle,,,TE,2,84,7,San Jose State,josholiver,oliver,1767580805898
5974,Trace McSorley,QB,QB,,True,Active,3116172,32029,13752,,20874, 00-0035146,,,,,,,3,5,Penn State,tracemcsorley,mcsorley,1724806859816
5975,Alize Mack,TE,TE,,True,Active,3932433,32063,13527,13975,20865, 00-0035309,Questionable,Undisclosed,,,,,87,4,Notre Dame,alizemack,mack,1693863955991
5976,Karan Higdon,RB,RB,,True,Inactive,3929927,32508,13638,,20801, 00-0035454,,,,,,,24,3,Michigan,karanhigdon,higdon,1599353162101
5977,Terry Godwin,WR,WR,,True,Active,3915174,32069,13619,,20775, 00-0035313,,,,,,,80,3,Georgia,terrygodwin,godwin,1661200208798
5980,Myles Gaskin,RB,RB,,True,Active,3886818,32066,13505,14044,20768, 00-0035311,,,,,,,33,6,Washington,mylesgaskin,gaskin,1765673711768
5984,Anthony Ratliff-Williams,WR,WR,,True,Active,3895828,32426,13433,,20920, 00-0035520,,,,,,,0,3,North Carolina,anthonyratliffwilliams,ratliffwilliams,1629151543964
5985,Foster Moreau,TE,TE,NO,True,Inactive,3843945,31969,13822,,20884, 00-0034981,IR,Ankle,,,TE,2,87,7,LSU,fostermoreau,moreau,1766819458710
5987,Alexander Mattison,RB,RB,MIA,True,Inactive,4048244,31934,13477,13958,20868, 00-0034972,IR,Neck,,Surgery,RB,5,8,7,Boise State,alexandermattison,mattison,1767686710807
5995,Justice Hill,RB,RB,BAL,True,Inactive,4038441,31945,13427,13944,20802, 00-0034975,IR,Neck,,,RB,2,43,7,Oklahoma State,justicehill,hill,1767986159491
5997,Jazz Ferguson,WR,WR,,True,Active,3843603,32338,13434,,20756, 00-0035090,,,,,,,87,3,"Northwestern State, La.",jazzferguson,ferguson,1567386642219
6001,Drew Sample,TE,TE,CIN,True,Active,3127310,31884,13809,14111,20931, 00-0035631,,,,,TE,3,89,7,Washington,drewsample,sample,1768240536171
6002,Qadree Ollison,RB,RB,,True,Active,3123944,31984,13494,14251,20900, 00-0035273,,,,,,,41,4,Pittsburgh,qadreeollison,ollison,1702329946964
6007,Ryquell Armstead,RB,RB,,True,Active,3923397,31972,13473,14167,20743, 00-0035268,,,,,,,23,3,Temple,ryquellarmstead,armstead,1661804449685
601,Andrew Quarless,TE,TE,,False,Inactive,13440,24130,6690,,11400,,,,,,,,49,10,Penn State,andrewquarless,quarless,
6011,Gardner Minshew,QB,QB,KC,True,Inactive,4038524,32010,13741,14235,20880, 00-0035289,IR,Knee,,Fracture,QB,2,17,7,Washington State,gardnerminshew,minshew,1769629221927
6012,Travis Homer,RB,RB,CHI,True,Active,4037457,32036,13484,14272,20810, 00-0035594,,,,,RB,4,21,7,Miami (FL),travishomer,homer,1767806455740
6016,Dax Raymond,TE,TE,PIT,True,Active,3932963,32261,13440,,20922, 00-0035058,,,,,,,49,3,Utah State,daxraymond,raymond,1634094904503
6017,DaMarkus Lodge,WR,WR,,True,Active,3930064,32483,13658,,20860, 00-0035475,,,,,,,0,3,Mississippi,damarkuslodge,lodge,1599409559842
6018,Zach Gentry,TE,TE,,True,Active,3929924,31973,13511,,20770, 00-0035222,,,,,,,88,5,Michigan,zachgentry,gentry,1724872504572
6019,Johnnie Dixon,WR,WR,,True,Active,3121413,32504,13592,,21070, 00-0035450,,,,,,,0,3,Ohio State,johnniedixon,dixon,1630447552675
6021,Nick Brossette,RB,RB,,True,Active,3843406,32226,13524,,21041, 00-0034961,,,,,,,0,3,Louisiana State,nickbrossette,brossette,1569357642679
6031,Alex Barnes,RB,RB,,True,Active,3886636,32419,13452,,21023, 00-0035512,,,,,,,39,3,Kansas State,alexbarnes,barnes,1567191054464
6032,Keelan Doss,WR,WR,,True,Active,3120980,32342,13479,,21072, 00-0035120,Questionable,Undisclosed,,,,,10,5,UC Davis,keelandoss,doss,1723673761515
6036,Ryan Davis,WR,WR,,True,Active,3916946,32227,13623,,21061, 00-0034965,,,,,,,19,3,Auburn,ryandavis,davis,1567351834831
6037,Brett Rypien,QB,QB,MIN,True,Active,3722362,32221,13620,14049,20929, 00-0034955,,,,,QB,4,14,7,Boise State,brettrypien,rypien,1767546601327
6039,Ty Johnson,RB,RB,BUF,True,Active,3915411,32018,13587,14262,20837, 00-0035537,Questionable,Ankle,,,RB,3,26,7,Maryland,tyjohnson,johnson,1768681519193
604,Toby Gerhart,RB,RB,,False,Inactive,13211,24026,6445,5730,11413,,,,,,,,21,10,Stanford,tobygerhart,gerhart,
6040,Tyree Jackson,TE,TE,WAS,True,Inactive,3916564,32415,13551,,20823, 00-0035356,IR,Undisclosed,,,TE,4,80,7,Buffalo,tyreejackson,jackson,1754165759355
6045,Gary Jennings,WR,WR,,True,Active,3916071,31952,13635,14163,20829, 00-0035589,,,,,,,86,4,West Virginia,garyjennings,jennings,1693070112853
6047,Dillon Mitchell,WR,WR,,True,Inactive,4038938,32071,13501,,20881, 00-0035002,,,,,,,13,3,Oregon,dillonmitchell,mitchell,1578973826114
6049,Tyre Brady,WR,WR,,True,Active,3123074,32088,13759,,21039, 00-0035361,,,,,,,19,3,Marshall,tyrebrady,brady,1566570631867
6059,Travis Fulgham,WR,WR,,True,Active,3139522,32016,13735,,20762, 00-0035592,,,,,,,86,4,Old Dominion,travisfulgham,fulgham,1663872951482
606,Joe Webb,QB,QB,,True,Active,13484,24175,6674,5857,11422,00-0027796,,,,,,,0,12,UAB,joewebb,webb,1621371024679
6063,Tyron Billy-Johnson,WR,WR,,True,Active,3894912,32511,13615,,20838, 00-0035457,,,,,,,13,5,Oklahoma State,tyronbillyjohnson,billyjohnson,1724703044586
6068,Devine Ozigbo,RB,RB,,True,Active,3699935,32390,13624,14045,20904, 00-0035184,,,,,,,33,4,Nebraska,devineozigbo,ozigbo,1699977631455
6069,Stanley Morgan,WR,WR,,True,Active,3699902,32469,13877,,20886, 00-0035399,,,,,,,82,6,Nebraska,stanleymorgan,morgan,1744910749848
6072,Bruce Anderson,RB,RB,,True,Inactive,3930901,32475,13598,,20740,,,,,,,,35,3,North Dakota State,bruceanderson,anderson,1601415946331
6074,Donald Parham,TE,TE,PIT,True,Inactive,3912092,32456,13602,,20905, 00-0035329,IR,Achilles,,Ruptured,TE,5,89,7,Stetson,donaldparham,parham,1749225044548
6075,Jesper Horsted,TE,TE,,True,Active,3940587,32576,13639,,20812, 00-0035562,,,,,,,84,5,Princeton,jesperhorsted,horsted,1724793955021
6081,Kendall Blanton,TE,TE,,True,Active,3122103,32125,13711,,21032, 00-0035603,,,,,,,80,4,Missouri,kendallblanton,blanton,1693357805252
6083,Matt Gay,K,K,,True,Active,4249087,31977,13673,14248,20769, 00-0035269,,,,,,,14,6,Utah,mattgay,gay,1765319453292
6088,Bisi Johnson,WR,WR,,True,Inactive,3917067,32079,13867,,20836,,Questionable,Knee - ACL,,Sprain,,,81,4,Colorado State,bisijohnson,johnson,1661790346750
6089,Daniel Helm,TE,TE,,True,Active,3115359,32543,13685,,20797, 00-0035428,,,,,,,43,4,Duke,danielhelm,helm,1693093515325
609,Antone Smith,RB,RB,,False,Inactive,13158,9707,6234,5643,11439,,,,,,,,36,11,Florida State,antonesmith,smith,
6091,Jovon Durante,WR,WR,,False,Inactive,,,,,21074,,,,,,,,0,0,Florida Atlantic,jovondurante,durante,
6097,Jamal Custis,WR,WR,,True,Inactive,3124013,32355,13621,,21016,,,,,,,,,1,Syracuse,jamalcustis,custis,1588111219962
6106,Taiwan Deal,RB,RB,,False,Inactive,,,,,21063,,,,,,,,0,0,Wisconsin,taiwandeal,deal,
6107,Emmanuel Butler,WR,WR,,True,Inactive,3119471,32211,13640,,21055, 00-0034943,,,,,,,18,3,Northern Arizona,emmanuelbutler,butler,1599361558444
6108,Jacques Patrick,RB,RB,,True,Active,3693033,32669,13964,,20906,,,,,,,,31,4,Florida State,jacquespatrick,patrick,1715643049222
6109,Alec Ingold,RB,RB,MIA,True,Active,3917668,32344,13806,,20819, 00-0035125,,,,,RB,4,30,7,Wisconsin,alecingold,ingold,1767195024156
611,Jimmy Clausen,QB,QB,,False,Inactive,13198,24023,6388,5574,11447,,,,,,,,2,10,Notre Dame,jimmyclausen,clausen,
6111,Jake Browning,QB,QB,CIN,True,Active,3886812,32138,13504,,21046, 00-0035100,,,,,QB,3,6,7,Washington,jakebrowning,browning,1767545101257
6115,Wes Hills,RB,RB,,True,Inactive,3060919,32473,13665,14662,20804, 00-0035489,,,,,,,36,3,Slippery Rock,weshills,hills,1599366358748
6126,Irv Smith,TE,TE,,True,Inactive,4040980,31882,13583,14052,20949, 00-0034970,Questionable,Ankle,,Sprain,,,83,6,Alabama,irvsmith,smith,1759181743096
613,Brandon LaFell,WR,WR,,False,Inactive,12576,24053,6503,5188,11463,00-0027681,,,,,,,19,12,Louisiana State,brandonlafell,lafell,1547658927990
6130,Devin Singletary,RB,RB,NYG,True,Active,4040761,31906,13449,14043,20941, 00-0035250,,,,,RB,3,26,7,Florida Atlantic,devinsingletary,singletary,1767584105754
6136,Jarrett Stidham,QB,QB,DEN,True,Active,3892775,31965,13438,13945,20954, 00-0035264,,,,,QB,2,8,7,Auburn,jarrettstidham,stidham,1769383857509
6137,Tommy Sweeney,TE,TE,,True,Active,3122818,32060,13667,,20957, 00-0035308,Out,Undisclosed,,,,,87,6,Boston College,tommysweeney,sweeney,1729806320462
6139,Jace Sternberger,TE,TE,,True,Active,3917962,31907,13495,,20952, 00-0035671,,,,,,,83,4,Texas A&M,jacesternberger,sternberger,1693169122642
6142,Caleb Wilson,TE,TE,,True,Active,3932936,32086,13444,14054,20993, 00-0035320,,,,,,,0,3,UCLA,calebwilson,wilson,1640137230265
6144,Trayveon Williams,RB,RB,CLE,True,Active,4035222,32014,13548,14042,20990, 00-0035291,,,,,RB,5,38,7,Texas A&M,trayveonwilliams,williams,1767615308147
6146,Kaden Smith,TE,TE,,True,Inactive,4044452,32008,13516,,20946, 00-0034988,,,,,,,45,4,Stanford,kadensmith,smith,1697493918350
6147,Clayton Thorson,QB,QB,NYG,True,Active,3116144,31999,13513,,20966, 00-0035283,,,,,,,0,3,Northwestern,claytonthorson,thorson,1641678956950
6148,Preston Williams,WR,WR,,True,Active,3915399,32447,13445,14171,20988, 00-0035350,,,,,,,16,4,Colorado State,prestonwilliams,williams,1685028915056
6149,Darius Slayton,WR,WR,NYG,True,Active,3916945,32003,13522,14258,20943, 00-0035535,,,,,SWR,3,18,7,Auburn,dariusslayton,slayton,1767584705842
6151,Miles Sanders,RB,RB,DAL,True,Inactive,4045163,31885,13521,14040,20933, 00-0035243,IR,Knee,,Surgery,RB,3,24,7,Penn State,milessanders,sanders,1760208005237
6153,Dexter Williams,RB,RB,,True,Active,3932449,32026,13670,14175,20984, 00-0034995,,,,,,,34,3,Notre Dame,dexterwilliams,williams,1661869518328
6154,David Sills,WR,WR,ATL,True,Active,3871102,32418,13634,,20939, 00-0035359,,,,,SWR,6,87,7,West Virginia,davidsills,sills,1767892551055
6155,Jaylen Smith,WR,WR,,True,Active,3916418,32302,13431,,20945, 00-0035121,,,,,,,0,3,Louisville,jaylensmith,smith,1671329124176
6156,Benny Snell,RB,RB,,True,Active,4035072,31954,13453,13951,20950, 00-0035217,,,,,,,38,4,Kentucky,bennysnell,snell,1693349709206
6159,Mike Weber,RB,RB,,True,Inactive,3915536,32050,13456,14281,20976,,,,,,,,27,3,Ohio State,mikeweber,weber,1628898926718
616,Jimmy Graham,TE,TE,,True,Active,13232,24070,6532,5842,11488,00-0027696,,,,,,,80,14,Miami (FL),jimmygraham,graham,1753261526098
6161,L.J. Scott,RB,RB,,True,Active,3929828,32569,13443,,20937, 00-0035546,,,,,,,0,3,Michigan State,ljscott,scott,1557968110365
6163,Alex Wesley,WR,WR,,True,Inactive,3121110,32243,13815,,20978, 00-0035018,,,,,,,13,3,Northern Colorado,alexwesley,wesley,1599183054646
6164,Kahale Warring,TE,TE,,True,Active,3933327,31918,13478,,20974, 00-0035660,,,,,,,86,3,San Diego State,kahalewarring,warring,1659139541005
6165,Antoine Wesley,WR,WR,,True,Active,4043161,32317,13447,,20979, 00-0035126,,,,,,,88,4,Texas Tech,antoinewesley,wesley,1693947337859
6167,Jordan Scarlett,RB,RB,MIA,True,Inactive,3915115,31986,13510,,20935, 00-0035275,,,,,,,22,3,Florida,jordanscarlett,scarlett,1640749804791
6168,John Ursua,WR,WR,,True,Inactive,3933064,32068,13470,,20970, 00-0035597,,,,,,,15,3,Hawaii,johnursua,ursua,1727214328464
6169,James Williams,RB,RB,,False,Active,3884368,32368,17834,,21081,,,,,,,,0,3,Washington State,jameswilliams,williams,1767648306545
6171,Cody Thompson,WR,WR,,True,Active,3126115,32367,13490,,20963, 00-0035164,,,,,,,83,6,Toledo,codythompson,thompson,1754959513568
6175,Kerrith Whyte,RB,RB,GB,True,Active,3919104,32054,13454,14283,20982, 00-0035596,,,,,,,34,3,Florida Atlantic,kerrithwhyte,whyte,1640840438409
6178,Darwin Thompson,RB,RB,,True,Active,4361606,32046,13476,14178,20964, 00-0035148,,,,,,,30,4,Utah State,darwinthompson,thompson,1693177242567
618,Arrelious Benn,WR,WR,,False,Inactive,13218,24014,6447,,11501,,,,,,,,17,12,Illinois,arreliousbenn,benn,1519164902408
6181,Trevon Wesco,TE,TE,,True,Active,4039253,31953,13828,,20977, 00-0035259,,,,,,,48,5,West Virginia,trevonwesco,wesco,1732058747662
6185,Easton Stick,QB,QB,ATL,True,Active,3120590,31998,13627,,20953, 00-0035282,,,,,QB,3,12,7,North Dakota State,eastonstick,stick,1763574652453
6187,Aca'Cedric Ware,RB,RB,,True,Active,3912551,32629,13599,,20973, 00-0035716,,,,,,,33,3,Southern California,acacedricware,ware,1604451946986
6188,Sutton Smith,RB,RB,,True,Active,3921970,32007,13462,,20948, 00-0035218,,,,,,,41,3,Northern Illinois,suttonsmith,smith,1653080408430
6192,Chris Blewitt,K,K,,True,Active,3045141,31819,13896,,21093,,,,,,,,12,3,Pittsburgh,chrisblewitt,blewitt,1651519571350
6193,Cole Murphy,K,K,,True,Active,,31820,13900,,21094,,,,,,,,0,3,Syracuse,colemurphy,murphy,1556845509191
6195,Damon Sheehy-Guiseppi,WR,WR,,True,Active,4420843,31821,13929,,21096, 00-0034915,,,,,,,15,3,Phoenix CC,damonsheehyguiseppi,sheehyguiseppi,1566082237614
6196,Christian Wade,RB,RB,,True,Inactive,4420894,31822,13930,,21097, 00-0035728,,,,,,,0,3,,christianwade,wade,1648846521288
620,Preston Parker,WR,WR,,False,Inactive,13703,24373,,,11517,,,,,,,,15,10,North Alabama,prestonparker,parker,
6202,Jakob Johnson,RB,RB,,True,Active,3115349,31826,13931,,21100, 00-0035726,,,,,,,43,7,Tennessee,jakobjohnson,johnson,1765398060492
6203,Valentine Holmes,RB,RB,,True,Active,4421390,31825,13936,,21101, 00-0035725,,,,,,,39,3,No College,valentineholmes,holmes,1574455216616
6205,Brandon Silvers,QB,QB,,True,Active,3042565,31828,12824,,20542, 00-0034918,,,,,,,0,3,Troy,brandonsilvers,silvers,1557174324089
6208,Elliott Fry,K,K,,True,Active,3048898,31831,13943,,21105, 00-0034921,,,,,,,39,4,South Carolina,elliottfry,fry,1695768937629
6209,Ishmael Hyman,WR,WR,,True,Inactive,3039968,31832,13967,,21106, 00-0034922,Questionable,Undisclosed,,,,,5,3,James Madison,ishmaelhyman,hyman,1662606919142
621,Sam Bradford,QB,QB,,False,Inactive,13197,23976,6452,5161,11527,00-0027854,,,,,,,9,11,Oklahoma,sambradford,bradford,1541468123746
6219,Austin Seibert,K,K,,True,Active,3821683,32002,13812,,21114, 00-0035145,,,,,,,3,6,Oklahoma,austinseibert,seibert,1732729858600
622,Michael Hoomanawanui,TE,TE,,False,Inactive,13387,24108,6535,,11535,00-0027732,,,,,,,84,10,Illinois,michaelhoomanawanui,hoomanawanui,1535849704483
6223,Juwann Winfree,WR,WR,,True,Inactive,3128317,32019,13664,,21115, 00-0035593,Questionable,Undisclosed,,,,,15,6,Colorado,juwannwinfree,winfree,1756746653550
6227,Nick Easley,WR,WR,,True,Active,4240591,32412,13918,,21149, 00-0035353,,,,,,,86,3,Iowa,nickeasley,easley,1597589111997
6231,John Lovett,RB,RB,,True,Active,3118906,32364,14184,,21156, 00-0035161,,,,,,,46,4,Princeton,johnlovett,lovett,1691877048594
6233,Matt Sokol,TE,TE,,True,Active,3121378,32551,13686,,21158, 00-0035436,,,,,,,87,7,Michigan State,mattsokol,sokol,1758130525434
6234,Deonte Harty,WR,WR,,True,Active,4411193,32398,14191,,21163, 00-0035215,Questionable,Knee,,,,,3,6,Assumption,deonteharty,harty,1737565223020
6236,Travon McMillian,RB,RB,,True,Active,3124074,32170,13832,,21166, 00-0035212,,,,,,,0,3,Colorado,travonmcmillian,mcmillian,
6237,Wilton Speight,QB,QB,,True,Active,3115966,32327,13908,,21167, 00-0035037,,,,,,,5,3,UCLA,wiltonspeight,speight,
6238,Tyree Mayfield,TE,TE,,True,Active,3125414,32324,14071,,21168, 00-0035034,,,,,,,48,3,Wyoming,tyreemayfield,mayfield,1567191654559
6239,Malik Taylor,WR,WR,,True,Active,4408988,32488,14002,,21169, 00-0035480,,,,,,,86,6,Ferris State,maliktaylor,taylor,1756251921062
6240,Ron'quavion Tarver,WR,WR,,False,Inactive,4048681,,,,21171,,,,,,,,0,0,,ronquaviontarver,tarver,
6246,Jeremy Cox,RB,RB,,True,Inactive,3914534,32541,14003,,21177, 00-0035427,,,,,,,35,3,Old Dominion,jeremycox,cox,1620082845280
6247,Jason Moore,WR,WR,,True,Active,4069806,32547,13999,,21178, 00-0035432,,,,,,,29,4,Findlay,jasonmoore,moore,1693170640906
6248,Trevion Thompson,WR,WR,,True,Active,3122838,32553,14000,,21179, 00-0035438,,,,,,,87,3,Clemson,trevionthompson,thompson,1595795116047
6259,Darnell Holland,RB,RB,,True,Active,3911993,32493,,,21194, 00-0035405,,,,,,,0,3,Kennesaw State,darnellholland,holland,
626,Jim Dray,TE,TE,,False,Inactive,13357,24208,6703,,11555,,,,,,,,81,10,Stanford,jimdray,dray,
6260,Jake Powell,TE,TE,,True,Active,3117919,32391,13994,,21195,,,,,,,,48,3,"Monmouth, N.J.",jakepowell,powell,1565735428197
6261,Reggie White,WR,WR,,True,Active,3121225,32244,13926,,21196, 00-0035019,,,,,,,13,3,"Monmouth, N.J.",reggiewhite,white,1588717502922
6263,Trevor Wood,TE,TE,,True,Active,3134013,32173,14188,,21198, 00-0035170,,,,,,,88,3,Texas A&M,trevorwood,wood,1567197955816
6268,Matthew Wright,K,K,,True,Active,3128444,32174,14189,,21203, 00-0035189,,,,,,,40,7,UCF,matthewwright,wright,1767757517323
6269,Kyle Shurmur,QB,QB,,True,Active,3915776,32366,13663,,21143, 00-0035163,,,,,,,0,3,Vanderbilt,kyleshurmur,shurmur,1641342629516
627,Andre Roberts,WR,WR,,True,Active,13226,24063,6506,5888,11565,00-0027691,,,,,,,18,13,The Citadel,andreroberts,roberts,1694530521128
6271,Olamide Zaccheaus,WR,WR,CHI,True,Active,3917914,32123,13833,,21142, 00-0035208,,,,,RWR,4,14,7,Virginia,olamidezaccheaus,zaccheaus,1767634210020
6279,Brandon Dillon,TE,TE,,True,Inactive,4411192,32142,14001,,21161, 00-0035102,Questionable,Undisclosed,,,,,46,4,Marian (IN),brandondillon,dillon,1693345810018
6288,Marcus Green,WR,WR,,True,Active,3124964,32035,13979,,21139, 00-0035296,,,,,,,89,3,Louisiana-Monroe,marcusgreen,green,1599188454818
6290,Scotty Miller,WR,WR,PIT,True,Active,3914397,32040,13987,14275,21138, 00-0035298,,,,,SWR,5,13,7,Bowling Green,scottymiller,miller,1768190131873
6293,Cullen Gillaspia,RB,RB,,True,Inactive,3122143,32052,13988,,21126, 00-0035304,,,,,,,41,4,Texas A&M,cullengillaspia,gillaspia,1668296436334
6298,Chandler Cox,RB,RB,,True,Inactive,3843217,32065,13991,,21132, 00-0035310,,,,,,,27,3,Auburn,chandlercox,cox,1609632331442
63,Vonta Leach,RB,RB,,False,Inactive,,,,,1760,,,,,,,,44,9,East Carolina,vontaleach,leach,
6308,Ian Bunting,TE,TE,,True,Active,3115981,32250,14132,,21208, 00-0035067,Questionable,Neck,,Soreness,,,89,4,California,ianbunting,bunting,1682374505867
6311,Patrick Laird,RB,RB,,True,Active,3127211,32439,13913,,21211, 00-0035342,,,,,,,25,5,California,patricklaird,laird,1716415523155
6313,Duplicate Player,WR,WR,,False,Inactive,,,,,,,,,,,,,0,0,Colorado State,duplicateplayer,player,
6317,Jacob Dolegala,QB,QB,,True,Active,3921586,32464,13925,,21220, 00-0035394,,,,,,,0,3,Central Connecticut State,jacobdolegala,dolegala,1637251839258
6318,Jordan Ellis,RB,RB,,True,Active,3124022,32466,13500,,21221, 00-0035396,,,,,,,31,3,Virginia,jordanellis,ellis,1569357943677
6320,Jonathan Duhart,WR,WR,,True,Active,3123226,32452,13710,,21224, 00-0035325,,,,,,,0,3,Old Dominion,jonathanduhart,duhart,1586992538062
6322,Xavier Ubosi,WR,WR,,True,Inactive,4239830,32388,13593,,21226, 00-0035182,,,,,,,0,3,Alabama-Birmingham,xavierubosi,ubosi,1564358416945
6323,Andrew Beck,RB,RB,NYJ,True,Active,3125107,32225,13713,,21227, 00-0034959,,,,,RB,5,47,7,Texas,andrewbeck,beck,1766432424165
6334,Damarea Crockett,RB,RB,,True,Active,4035102,32502,13559,,21240, 00-0035448,,,,,,,33,4,Missouri,damareacrockett,crockett,1692284428650
6342,Stephen Louis,WR,WR,,True,Active,3116745,32513,13996,,21259, 00-0035460,,,,,,,12,3,North Carolina State,stephenlouis,louis,1566253808494
6343,Manny Wilkins,QB,QB,,True,Active,3128814,32282,13968,,21260, 00-0035077,,,,,,,18,3,Arizona State,mannywilkins,wilkins,1588023962396
6352,Matt Colburn,RB,RB,,True,Active,3919544,,,,21329,,,,,,,,0,6,Wake Forest,mattcolburn,colburn,1659880848744
6357,Shawn Bane,WR,WR,,True,Active,3957156,32109,13950,,21289, 00-0035194,,,,,,,16,3,Northwest Missouri State,shawnbane,bane,1566707457860
6358,Kahlil Lewis,WR,WR,,True,Active,3914158,32115,14008,,21290, 00-0035200,,,,,,,0,3,Cincinnati,kahlillewis,lewis,1567482354190
6359,C.J. Worton,WR,WR,,True,Active,4361074,32122,14009,,21291, 00-0035206,,,,,,,7,3,Florida International,cjworton,worton,
6361,Raphael Leonard,WR,WR,,True,Active,4250570,32093,14004,,21252, 00-0035366,,,,,,,14,3,Southern Illinois,raphaelleonard,leonard,1567197955814
6362,Dredrick Snelson,WR,WR,,True,Inactive,4044148,32098,13552,,21253,,,,,,,,0,3,Central Florida,dredricksnelson,snelson,1563906314225
6363,Michael Walker,WR,WR,,True,Active,3915296,32101,14005,,21254, 00-0035374,Questionable,Undisclosed,,,,,0,3,Boston College,michaelwalker,walker,1633473327914
6364,Papi White,WR,WR,,True,Active,3126080,32103,14006,,21255, 00-0035376,,,,,,,80,3,Ohio,papiwhite,white,1602033936172
6365,Carson Meier,TE,TE,,True,Active,3116384,32094,13666,,21256, 00-0035367,,,,,,,89,3,Oklahoma,carsonmeier,meier,1629149443465
6370,Damion Jeanpiere,WR,WR,,True,Active,3929698,32150,14256,,21309, 00-0035443,,,,,,,83,3,Nicholls State,damionjeanpiere,jeanpiere,1596329712066
6371,Drew Anderson,QB,QB,,True,Active,4040826,32152,14040,,21316, 00-0035483,,,,,,,3,3,Murray State,drewanderson,anderson,1595791812274
6372,Xavier Turner,RB,RB,,True,Active,3119996,32162,14042,,21317, 00-0035494,,,,,,,41,3,Tarleton State,xavierturner,turner,1576090851176
6373,A.J. Richardson,WR,WR,,True,Active,3124369,32159,14043,,21318, 00-0035491,,,,,,,0,3,Boise State,ajrichardson,richardson,1630344935604
6374,Drew Belcher,TE,TE,,True,Active,3120540,32153,14041,,21319, 00-0035484,,,,,,,82,3,Maine,drewbelcher,belcher,1568813121831
6375,Jerome Washington,TE,TE,,True,Active,3672867,32163,13972,,21320,,,,,,,,0,3,Rutgers,jeromewashington,washington,1557795921342
6379,Khari Blasingame,RB,RB,,True,Active,3122154,32140,13998,,21310, 00-0035099,,,,,,,48,6,Vanderbilt,khariblasingame,blasingame,1733265611160
638,Kyle Williams,WR,WR,,False,Inactive,13488,24182,6699,,11594,,,,,,,,18,5,Arizona State,kylewilliams,williams,
6380,Davion Davis,WR,WR,,True,Active,3933568,32141,14048,,21311, 00-0035101,,,,,,,84,5,Sam Houston,daviondavis,davis,1724832059477
6381,Alexander Hollins,WR,WR,,True,Active,4249496,32143,14049,,21312, 00-0035104,,,,,,,0,3,Eastern Illinois,alexanderhollins,hollins,1640139630813
6384,Justin Sumpter,WR,WR,,True,Active,3911927,32179,13928,,21335,,,,,,,,0,3,Kennesaw State,justinsumpter,sumpter,1557958864386
6385,Matt Colburn,RB,RB,,True,Active,3919544,32129,14011,,21293, 00-0035606,,,,,,,37,3,Wake Forest,mattcolburn,colburn,1660588529360
6386,Alex Bachman,WR,WR,LV,True,Active,3919510,32124,13911,,21294, 00-0035602,,,,,SWR,6,81,7,Wake Forest,alexbachman,bachman,1766019960661
6387,Nsimba Webster,WR,WR,,True,Active,3119317,32137,14012,,21295, 00-0035621,,,,,,,83,6,Eastern Washington,nsimbawebster,webster,1724521220730
6388,Romello Brooker,TE,TE,,True,Active,3126196,32127,14010,,21296, 00-0035604,,,,,,,84,3,Houston,romellobrooker,brooker,
6389,Keenen Brown,TE,TE,,True,Active,3122421,32128,13437,,21297, 00-0035605,,,,,,,48,3,Texas State,keenenbrown,brown,1571531727711
6392,Johnathan Lloyd,WR,WR,,True,Active,3116559,32176,14050,,21397, 00-0035614,,,,,,,10,3,Duke,johnathanlloyd,lloyd,
6393,Elkanah Dillon,TE,TE,,False,Inactive,3139590,,,,21401,,,,,,,,85,0,Oregon,elkanahdillon,dillon,
6394,Romell Guerrier,WR,WR,,True,Inactive,4264340,32193,14059,,21404,,,,,,,,0,3,Florida Tech,romellguerrier,guerrier,1563637825629
6395,Trinity Benson,WR,WR,,True,Active,4422214,32189,13919,,21368, 00-0034930,,,,,,,82,4,East Central,trinitybenson,benson,1700535356532
6396,Austin Fort,TE,TE,,True,Active,3125402,32191,14062,,21369, 00-0034932,,,,,,,84,3,Wyoming,austinfort,fort,1651545682304
6399,Kano Dillon,TE,TE,,True,Active,,32183,,,21405,,,,,,,,0,3,Oregon,kanodillon,dillon,
64,Owen Daniels,TE,TE,,False,Inactive,9684,7847,4898,,1810,,,,,,,,81,14,Wisconsin,owendaniels,daniels,
640,Anthony McCoy,TE,TE,,False,Inactive,13414,24161,6531,,11603,,,,,,,,85,10,Southern California,anthonymccoy,mccoy,
6401,T.J. Rahming,WR,WR,,True,Active,3917787,32186,14054,,21399, 00-0034927,,,,,,,80,3,Duke,tjrahming,rahming,1584576325740
6402,Steven Sims,WR,WR,,True,Active,3917960,32187,14055,,21400, 00-0034928,,,,,,,80,7,Kansas,stevensims,sims,1767665709226
642,Golden Tate,WR,WR,,True,Active,13217,24035,6389,5583,11611,00-0027891,,,,,,,0,12,Notre Dame,goldentate,tate,1655310047768
6420,Jon'Vea Johnson,WR,WR,,True,Active,3126095,32200,13912,,21451, 00-0035417,,,,,,,0,3,Toledo,jonveajohnson,johnson,1636156213710
6421,Jalen Guyton,WR,WR,,True,Active,3932430,32201,13575,,21448, 00-0035414,,,,,,,4,5,North Texas,jalenguyton,guyton,1731968424073
6427,Ashton Dulin,WR,WR,IND,True,Active,4061956,32292,13854,,21349, 00-0035021,,,,,SWR,4,16,7,Malone (OH),ashtondulin,dulin,1767716712153
6428,Taylor Cornelius,QB,QB,,False,Inactive,3122424,,,,21462,,,,,,,,0,0,,taylorcornelius,cornelius,
6435,George Aston,RB,RB,,True,Active,3136308,32216,14079,,21365, 00-0034946,,,,,,,45,3,Pittsburgh,georgeaston,aston,1596410418981
6438,Kelvin McKnight,WR,WR,,True,Active,3915575,32219,13893,,21363, 00-0034949,,,,,,,16,3,Samford,kelvinmcknight,mcknight,1595981703995
6439,Hale Hentges,TE,TE,,True,Injured Reserve,3925348,32295,14094,,21344, 00-0035025,,,,,,,87,3,Alabama,halehentges,hentges,1607571339978
6443,Eric Dungey,QB,QB,,True,Active,3916447,32235,13835,,21467,,,,,,,,5,3,Syracuse,ericdungey,dungey,1629684055897
6446,Jon Hilliman,RB,RB,,True,Active,3122799,32238,14082,,21456, 00-0035013,,,,,,,28,3,Rutgers,jonhilliman,hilliman,1596395417324
6448,Darrin Hall,RB,RB,,True,Active,3895788,32279,13657,,21286, 00-0035043,,,,,,,34,3,Pittsburgh,darrinhall,hall,1588111521074
6449,Dorian Baker,WR,WR,,True,Active,3126325,32271,14135,,21276, 00-0035038,,,,,,,19,3,Kentucky,dorianbaker,baker,
6450,David Blough,QB,QB,,True,Active,3116188,32272,13630,14503,21277, 00-0035040,,,,,,,18,5,Purdue,davidblough,blough,1768004700516
6451,Stephen Carlson,TE,TE,CHI,True,Active,3948283,32273,14131,,21278, 00-0035039,,,,,TE,4,88,7,Princeton,stephencarlson,carlson,1768956310745
6453,D.J. Montgomery,WR,WR,IND,True,Inactive,4249030,32283,14129,,21473, 00-0035045,IR,Undisclosed,,,SWR,6,2,7,Austin Peay,djmontgomery,montgomery,1755132355662
6459,Sean Modster,WR,WR,,True,Active,3127588,32301,14118,,21480, 00-0035114,,,,,,,14,3,Boise State,seanmodster,modster,1589321104807
6460,Cole Herdman,TE,TE,,True,Active,3116195,32313,14119,,21481, 00-0035109,,,,,,,88,3,Purdue,coleherdman,herdman,1595794816784
6462,Ellis Richardson,TE,TE,,True,Active,3926590,32262,14134,,21427, 00-0035057,,,,,,,45,3,Georgia Southern,ellisrichardson,richardson,
6465,Thomas Ives,WR,WR,CHI,True,Inactive,3909300,32256,14130,,21464, 00-0035074,Questionable,Undisclosed,,,,,0,3,Colgate,thomasives,ives,1629505856455
6468,Matthew Eaton,WR,WR,,True,Active,3138759,32267,14110,,21419, 00-0035078,,,,,,,89,3,Iowa State,mattheweaton,eaton,1564615546584
6469,Davis Koppenhaver,TE,TE,,True,Active,3116573,32270,14109,,21420, 00-0035083,,,,,,,0,3,Duke,daviskoppenhaver,koppenhaver,1559249457444
648,Brandon Marshall,WR,WR,,False,Inactive,9705,7868,4879,3653,11667,00-0024334,,,,,,,15,16,Central Florida,brandonmarshall,marshall,1564767009825
6487,Charles Scarff,TE,TE,,True,Inactive,3127376,32314,14120,,21275, 00-0035119,,,,,,,85,3,Delaware,charlesscarff,scarff,1598920530072
6489,Taryn Christion,QB,QB,,True,Active,3909004,32328,13976,,21342,,,,,,,,5,3,South Dakota State,tarynchristion,christion,1574811036172
6490,Mik'Quan Deane,TE,TE,,True,Active,4246674,32337,14089,,21338,,,,,,,,48,3,Western Kentucky,mikquandeane,deane,1566400511923
6491,Adam Choice,RB,RB,,True,Active,3122842,32332,14090,,21491, 00-0035086,,,,,,,38,3,Clemson,adamchoice,choice,1588630831740
6492,Terry Wright,WR,WR,,True,Active,4260393,32330,13897,,21492, 00-0035097,,,,,,,9,3,Purdue,terrywright,wright,1587251737778
6493,Justin Johnson,TE,TE,,True,Active,3917292,32339,14102,,21493, 00-0035092,,,,,,,0,3,Mississippi State,justinjohnson,johnson,1603835754902
6496,Cole Hedlund,K,K,,True,Active,3128692,32369,14160,,21508, 00-0035171,,,,,,,9,3,North Texas,colehedlund,hedlund,
65,Domenik Hixon,WR,WR,,False,Inactive,,,,,1854,,,,,,,,87,8,Akron,domenikhixon,hixon,
650,Nick Folk,K,K,NYJ,True,Active,10621,8432,5365,4273,11694,00-0025565,,,,,K,1,6,19,Arizona,nickfolk,folk,1767752716348
6501,C.J. Conrad,TE,TE,,True,Active,3915230,32352,13687,,21497, 00-0035009,,,,,,,43,3,Kentucky,cjconrad,conrad,1588119320291
6506,Trayone Gray,RB,RB,,True,Active,3135736,32376,14166,,21283, 00-0035176,,,,,,,43,3,Miami,trayonegray,gray,1565030739005
651,Santonio Holmes,WR,WR,,False,Inactive,9611,,,,11697,,,,,,,,14,9,Ohio State,santonioholmes,holmes,
6519,Darrius Shepherd,WR,WR,,True,Active,3120588,32378,13924,,21513, 00-0035181,Questionable,Undisclosed,,,,,20,4,North Dakota State,darriusshepherd,shepherd,1693611328575
6522,T.J. Linta,QB,QB,,True,Active,3118131,32363,14183,,21372,,,,,,,,0,3,Wagner,tjlinta,linta,1569027932836
6524,Jamire Jordan,WR,WR,,True,Active,3124538,32361,14181,,21381,,,,,,,,0,3,Fresno State,jamirejordan,jordan,1558277108110
6528,Joey Slye,K,K,TEN,True,Active,3124084,32384,14172,,21519, 00-0035192,,,,,K,1,6,7,Virginia Tech,joeyslye,slye,1767752416261
6529,Chris Myarick,TE,TE,,True,Active,3138744,32442,14282,,21531, 00-0035345,,,,,,,86,7,Temple,chrismyarick,myarick,1767996060645
6535,Nate Becker,TE,TE,,True,Inactive,3125999,32449,14208,,21409, 00-0035322,,,,,,,82,3,Miami (OH),natebecker,becker,1662174916719
6539,Devontae Jackson,RB,RB,,True,Active,4422215,32400,14061,,21367, 00-0034935,,,,,,,0,3,West Georgia,devontaejackson,jackson,1567273204866
654,LaDainian Tomlinson,RB,RB,,False,Inactive,,,,561,11708,,,,,,,,21,11,Texas Christian,ladainiantomlinson,tomlinson,
6540,DeAndre Thompkins,WR,WR,GB,True,Inactive,3116182,32409,14023,,21526, 00-0035385,Questionable,Undisclosed,,,,,6,3,Penn State,deandrethompkins,thompkins,1629945607116
6548,Marcus Marshall,RB,RB,,True,Inactive,3917814,32395,13951,,21520, 00-0035209,,,,,,,38,3,James Madison,marcusmarshall,marshall,1599603025587
6549,Damion Willis,WR,WR,,True,Active,4241723,32471,14214,14659,21528, 00-0035401,,,,,,,0,3,Troy,damionwillis,willis,1641603948646
655,Anquan Boldin,WR,WR,,False,Inactive,4512,6390,3074,2078,11712,00-0022084,,,,,,,81,17,Florida State,anquanboldin,boldin,1521396601125
6552,Malik Henry,WR,WR,,True,Active,3917200,32323,14070,,21355, 00-0035031,,,,,,,7,3,West Georgia,malikhenry,henry,1601508912139
6553,Austin Walter,RB,RB,,True,Active,3123857,32383,14170,,21514, 00-0035187,Questionable,Undisclosed,,,,,32,5,Rice,austinwalter,walter,1691097947383
6554,Shawn Poindexter,WR,WR,,True,Inactive,4039604,32325,13588,,21496, 00-0035035,,,,,,,1,3,Arizona,shawnpoindexter,poindexter,1632272151939
6557,Jeff Smith,WR,WR,,True,Active,3929118,32533,13934,,21078, 00-0035510,Questionable,Undisclosed,,,,,86,5,Boston College,jeffsmith,smith,1723588205716
658,Mike Nugent,K,K,,True,Inactive,8461,7223,4441,3160,11735,00-0023482,,,,,,,2,17,Ohio State,mikenugent,nugent,1609294537762
6585,Tony Brooks-James,RB,RB,,True,Active,3886841,32559,14237,,21549, 00-0035551,,,,,,,40,3,Oregon,tonybrooksjames,brooksjames,1630193758813
6586,Moral Stephens,TE,TE,,True,Active,3121659,32573,14273,,21560,,,,,,,,88,3,Florida,moralstephens,stephens,1564256404047
6588,Tom Kennedy,WR,WR,DET,True,Active,3126997,32561,14246,,21556, 00-0035544,Questionable,Ribs,,,SWR,6,85,7,Bryant,tomkennedy,kennedy,1767570903896
659,Cedric Peerman,RB,RB,,False,Inactive,12519,9449,6014,,11737,,,,,,,,30,11,Virginia,cedricpeerman,peerman,
6590,Michael Colubiale,TE,TE,,True,Inactive,3065510,32564,14249,,21352, 00-0035552,,,,,,,86,3,Central Florida,michaelcolubiale,colubiale,1565659243102
6591,Charles Jones,TE,TE,,True,Inactive,3126263,32565,14248,,21551, 00-0035553,,,,,,,85,3,Tulane,charlesjones,jones,1620078937712
6592,Dontae Strickland,RB,RB,,True,Active,3916451,32579,14276,,21391, 00-0035569,,,,,,,34,3,Syracuse,dontaestrickland,strickland,1562127942117
6593,Spencer Schnell,WR,WR,,True,Inactive,3126075,32560,14243,,21434, 00-0035587,,,,,,,83,3,Illinois State,spencerschnell,schnell,1599275155735
6595,Devlin Hodges,QB,QB,,True,Active,3127051,32581,13566,14775,21562, 00-0035577,,,,,,,0,3,Samford,devlinhodges,hodges,1650857451003
6596,Jalan McClendon,QB,QB,,True,Active,3116715,32584,13596,,21563,,,,,,,,2,3,Baylor,jalanmcclendon,mcclendon,1565709650531
6598,Trenton Irwin,WR,WR,,True,Active,3931391,32438,13626,,21263, 00-0035341,,,,,,,38,7,Stanford,trentonirwin,irwin,1760476532686
66,Tashard Choice,RB,RB,,False,Inactive,,,,,1891,,,,,,,,43,6,Georgia Tech,tashardchoice,choice,
660,Peyton Hillis,RB,RB,,False,Inactive,11461,900035,,,11747,,NA,,,,,,22,14,Arkansas,peytonhillis,hillis,
6605,Cortrelle Simpson,WR,WR,,True,Inactive,3923415,32487,14219,,21393, 00-0035479,,,,,,,14,3,Richmond,cortrellesimpson,simpson,1567827024616
6606,Nick Fitzgerald,QB,QB,,True,Active,3087801,32479,13518,,21425, 00-0035471,,,,,,,0,3,Mississippi State,nickfitzgerald,fitzgerald,1575419158405
661,Alex Smith,TE,TE,,False,Inactive,8485,7247,4431,,11751,,,,,,,,83,15,Stanford,alexsmith,smith,
6617,Andre Lindsey,WR,WR,,True,Active,4028212,32362,14182,,21382,,,,,,,,0,3,Sacramento State,andrelindsey,lindsey,
6618,Isaiah Searight,TE,TE,,True,Active,3909346,32486,13944,,21394, 00-0035718,,,,,,,49,3,Fordham,isaiahsearight,searight,1582683328855
662,Seneca Wallace,QB,QB,,False,Inactive,,,,,11755,,,,,,,,9,10,Iowa State,senecawallace,wallace,
6621,John Baron,K,K,,True,Active,,,,,21429,,,,,,,,0,3,San Diego State,johnbaron,baron,
6625,Clayton Hatfield,K,K,,True,Active,,32294,,,21503,,,,,,,,0,3,Texas Tech,claytonhatfield,hatfield,
6626,Isaac Zico,WR,WR,,True,Active,4260392,32429,14199,,21534, 00-0035524,,,,,,,80,3,Purdue,isaaczico,zico,1564789517539
6628,Ventell Bryant,WR,WR,,True,Active,3138760,32556,14236,,21548, 00-0035548,,,,,,,0,3,Temple,ventellbryant,bryant,1632276052489
6629,Brian Burt,WR,WR,,True,Active,4246250,32536,14235,,21541,,,,,,,,12,3,Fresno State,brianburt,burt,1564703162356
663,Benjamin Watson,TE,TE,,True,Injured Reserve,5557,6791,3872,48,11756,00-0022943,,,,,,,0,18,Georgia,benjaminwatson,watson,1584377415560
6637,Nico Evans,RB,RB,,True,Active,,32404,,,21439, 00-0035387,,,,,,,0,3,Wyoming,nicoevans,evans,
6643,Charles Holland,WR,WR,,False,Active,4069839,32467,13997,,21527,,,,,,,,0,0,Tiffin,charlesholland,holland,1557865826649
665,Dennis Dixon,QB,QB,,False,Inactive,,,,,11762,,,,,,,,6,5,Oregon,dennisdixon,dixon,
6650,Chase McLaughlin,K,K,TB,True,Active,3150744,32417,14254,14618,21542, 00-0035358,,,,,K,1,4,7,Illinois,chasemclaughlin,mclaughlin,1767750616127
6659,Craig Reynolds,RB,RB,NE,True,Active,4421446,32596,13960,,21564, 00-0035567,Out,Undisclosed,,,RB,3,49,7,Kutztown,craigreynolds,reynolds,1765405542539
6661,Joseph Parker,WR,WR,,True,Active,3918323,32590,14296,,21568, 00-0035574,,,,,,,80,3,Chattanooga,josephparker,parker,1564596618134
6662,Parker Hesse,TE,TE,,True,Active,3144991,32588,14295,,21569, 00-0035572,,,,,,,43,5,Iowa,parkerhesse,hesse,1730607044141
6663,Micah Wright,WR,WR,,True,Active,3120558,32599,14300,,21387,,,,,,,,0,3,Maine,micahwright,wright,1558564864001
6664,A.J. Ouellette,RB,RB,,True,Active,3126072,32597,14299,,21571, 00-0035583,,,,,,,1,3,Ohio,ajouellette,ouellette,1564432515445
6665,Jody Fortson,TE,TE,,True,Active,4408854,32600,14306,,21383, 00-0035547,,,,,,,89,6,Valdosta State,jodyfortson,fortson,1761843331943
6677,Joe Forson,WR,WR,KC,False,Practice Squad,,,,,21576,,NA,,,,SWR,3,1,1,Valdosta State,joeforson,forson,
6685,Jalen Greene,WR,WR,,True,Active,3120349,32604,14312,,21585, 00-0035610,,,,,,,3,3,Utah State,jalengreene,greene,
6686,Joe Horn,WR,WR,,True,Active,,,,,8079,,,,,,,,87,3,Missouri Western,joehorn,horn,
669,Arian Foster,RB,RB,,False,Inactive,12497,9527,6012,5469,11792,,,,,,,,29,11,Tennessee,arianfoster,foster,
6691,Ray Gene smith,RB,RB,,False,Inactive,2538273,,,,21591,,,,,,,,20,0,Boston College,raygenesmith,smith,
6692,Joe Horn,WR,WR,,True,Active,4423402,32605,14309,,21586, 00-0035601,,,,,,,87,3,Missouri Western,joehorn,horn,
6694,D'Ernest Johnson,RB,RB,NE,True,Active,3139602,32608,12678,,21593, 00-0035628,,,,,,,34,7,South Florida,dernestjohnson,johnson,1769477435370
6697,Floyd Allen,WR,WR,,True,Active,3920560,32610,14317,,21599, 00-0035635,,,,,,,82,3,Mississippi,floydallen,allen,
6699,Gunner Olszewski,WR,WR,NYG,True,Active,4424106,32612,14318,,21601, 00-0035645,,,,,SWR,8,80,7,Bemidji State,gunnerolszewski,olszewski,1767577205560
670,Kassim Osgood,WR,WR,,False,Inactive,5437,,,,11821,,,,,,,,14,12,San Diego State,kassimosgood,osgood,
6700,Marcelias Sutton,RB,RB,,True,Active,4241403,32613,14319,,21614,,,,,,,,0,3,Oklahoma,marceliassutton,sutton,1564015532496
6701,Fred Trevillion,WR,WR,,True,Inactive,3139923,32614,13920,,21621, 00-0035653,,,,,,,0,3,San Diego State,fredtrevillion,trevillion,1564705565765
6702,Andrew Jacas,K,K,,False,Inactive,,,,,21619,,,,,,,,0,0,,andrewjacas,jacas,
6703,Andrew Wellock,K,K,,False,Inactive,,,,,21620,,,,,,,,0,0,,andrewwellock,wellock,
6705,Taj McGowan,RB,RB,,True,Active,3914267,32615,14320,,21622, 00-0035658,,,,,,,33,3,Central Florida,tajmcgowan,mcgowan,1587431721676
671,Brady Quinn,QB,QB,,False,Inactive,,,,,11838,,,,,,,,7,7,Notre Dame,bradyquinn,quinn,
6710,Josh Caldwell,RB,RB,,True,Active,4426310,32621,14326,,21627, 00-0035691,,,,,,,30,3,Northwest Missouri State,joshcaldwell,caldwell,1567138252692
6712,Marcus Simms,WR,WR,,True,Inactive,4039244,32624,14329,14804,21636, 00-0035701,Questionable,Undisclosed,,,,,18,5,West Virginia,marcussimms,simms,1730238611448
6713,Jamarius Way,WR,WR,,True,Active,4261077,32625,13888,,21637, 00-0035706,,,,,,,83,3,South Alabama,jamariusway,way,1564975506239
6723,Vincent Testaverde,QB,QB,,True,Active,3139487,32634,14336,,21646, 00-0035723,,,,,,,0,3,Albany,vincenttestaverde,testaverde,1566687059129
6727,Joe Walker,WR,WR,,True,Active,3912052,32639,14340,,21633, 00-0035733,,,,,,,0,3,Delaware,joewalker,walker,
6728,Jackson Harris,TE,TE,,True,Active,3728307,32640,14339,,21650,,,,,,,,0,3,Georgia,jacksonharris,harris,
673,Jason Campbell,QB,QB,,False,Inactive,8440,,,,11859,,,,,,,,17,10,Auburn,jasoncampbell,campbell,
6730,Jordan Ta'amu,QB,QB,,True,Active,4242418,32642,13629,14821,21612, 00-0035735,,,,,,,4,4,Ole Miss,jordantaamu,taamu,1693267527668
6735,Duplicate Player,WR,WR,,False,Inactive,16414,27254,10853,,15398,00-0029981,NA,,,,,,24,7,Northern Iowa,duplicateplayer,player,
6737,Micky Crum,TE,TE,,True,Active,3116661,32647,14346,,21658, 00-0035740,,,,,,,46,3,Louisville,mickycrum,crum,
6738,Cedric Benson,RB,RB,,False,Inactive,,,,3139,1351,,,,,,,,32,0,Texas,cedricbenson,benson,
6742,Marquis Young,RB,RB,,True,Active,3914324,32652,13672,,21345,,,,,,,,40,3,Massachusetts,marquisyoung,young,
6744,Greg Ward,WR,WR,,True,Active,3040035,30715,11883,12815,19705,00-0033733,,,,,,,89,7,Houston,gregward,ward,1724611232252
6753,Derrick Gore,RB,RB,,True,Active,3925346,32630,14334,,21634,,,,,,,,38,5,Louisiana-Monroe,derrickgore,gore,1704808846291
6754,Josh Gable,K,K,,False,Active,,,14373,,21673,,,,,,,,0,0,,joshgable,gable,1603147520719
6755,Tavonn Salter,WR,WR,,True,Inactive,,32658,,,21699,,NA,,,,,,0,3,Middle Tennessee,tavonnsalter,salter,
676,LeSean McCoy,RB,RB,,True,Injured Reserve,12514,9317,5970,5168,11932,00-0027029,,,,,,,0,13,Pittsburgh,leseanmccoy,mccoy,1633054827877
6762,Darion Clark,TE,TE,,True,Inactive,2982484,32663,14467,,21707,,,,,,,,44,2,Grand Canyon,darionclark,clark,1623638116035
6763,Reggie Begelton,WR,WR,,True,Active,2974503,32664,14472,,21708,,,,,,,,84,2,Lamar,reggiebegelton,begelton,1630429250253
6768,Tua Tagovailoa,QB,QB,MIA,True,Active,4241479,32675,14465,14839,21677,,,,,,QB,1,1,6,Alabama,tuatagovailoa,tagovailoa,1767721212732
6769,Graham Harrell,QB,QB,,False,Inactive,,,,5209,12635,,,,,,,,8,10,Texas Tech,grahamharrell,harrell,
6770,Joe Burrow,QB,QB,CIN,True,Active,3915511,32671,14442,14863,21693,,,,,,QB,1,9,6,LSU,joeburrow,burrow,1767575405445
6778,Chris Streveler,QB,QB,,True,Inactive,3040206,32662,14587,,21866,,,,,,,,15,3,South Dakota,chrisstreveler,streveler,1704384060419
6779,Jordan Harris,WR,WR,,False,Active,,28275,,,17596,,,,,,,,0,0,Bryant University,jordanharris,harris,
6783,Jerry Jeudy,WR,WR,CLE,True,Active,4241463,32685,14458,,21692,,,,,,RWR,1,3,6,Alabama,jerryjeudy,jeudy,1767566103231
6786,CeeDee Lamb,WR,WR,DAL,True,Active,4241389,32687,14411,,21679,,,,,,LWR,1,88,6,Oklahoma,ceedeelamb,lamb,1770171658324
6789,Henry Ruggs,WR,WR,,True,Active,4241475,32682,14473,14887,21694,,,,,,,,0,2,Alabama,henryruggs,ruggs,1750879515450
679,Rex Grossman,QB,QB,,False,Inactive,4480,6358,,,11952,,,,,,,,3,11,Florida,rexgrossman,grossman,
6790,D'Andre Swift,RB,RB,CHI,True,Active,4259545,32705,14394,,21684,,,,,,RB,1,4,6,Georgia,dandreswift,swift,1769874622824
6794,Justin Jefferson,WR,WR,MIN,True,Active,4262921,32692,14509,,21685,,,,,,LWR,1,18,6,LSU,justinjefferson,jefferson,1769625021300
6797,Justin Herbert,QB,QB,LAC,True,Active,4038941,32676,14446,,21681,,,,,,QB,1,10,6,Oregon,justinherbert,herbert,1769548842056
6798,Jalen Reagor,WR,WR,,True,Active,4241802,32691,14421,,21686,,,,,,,,88,5,TCU,jalenreagor,reagor,1760835311483
68,Mario Manningham,WR,WR,,False,Inactive,,,,,1904,,,,,,,,86,7,Michigan,mariomanningham,manningham,
6801,Tee Higgins,WR,WR,CIN,True,Active,4239993,32703,14506,,21690,,,,,,RWR,2,5,6,Clemson,teehiggins,higgins,1769554212085
6803,Brandon Aiyuk,WR,WR,SF,True,Active,4360438,32695,14386,,21747,,DNR,Knee - ACL + MCL,,Surgery,SWR,3,11,6,Arizona State,brandonaiyuk,aiyuk,1769028359656
6804,Jordan Love,QB,QB,GB,True,Active,4036378,32696,14371,,21841,,,,,,QB,1,10,6,Utah State,jordanlove,love,1770234925489
6805,KJ Hamler,WR,WR,,True,Active,4240380,32716,14462,,21759,,,,,,,,19,5,Penn State,kjhamler,hamler,1756228508131
6806,J.K. Dobbins,RB,RB,DEN,True,Inactive,4241985,32725,14418,,21674,,IR,Foot,,Surgery,RB,2,27,6,Ohio State,jkdobbins,dobbins,1769464234235
6813,Jonathan Taylor,RB,RB,IND,True,Active,4242335,32711,14455,,21682,,,,,,RB,1,28,6,Wisconsin,jonathantaylor,taylor,1770086751432
6814,Laviska Shenault,WR,WR,,True,Active,4243160,32712,14358,,21697,,,,,,,,15,5,Colorado,laviskashenault,shenault,1756217706982
6819,Michael Pittman,WR,WR,IND,True,Active,4035687,32704,14378,,21744,,,,,,LWR,1,11,6,USC,michaelpittman,pittman,1769897124766
682,Darrel Young,RB,RB,,False,Inactive,13097,9666,7966,,11969,,,,,,,,36,11,Villanova,darrelyoung,young,
6820,Clyde Edwards-Helaire,RB,RB,,True,Active,4242214,32702,14514,,21769,,,,,,,,26,6,LSU,clydeedwardshelaire,edwardshelaire,1764037833409
6822,Jake Fromm,QB,QB,,True,Active,4240689,32837,14486,,21828,,,,,,,,18,5,Georgia,jakefromm,fromm,1745452831543
6823,Jacob Eason,QB,QB,,True,Active,4035003,32792,14401,,21820,,,,,,,,7,4,Washington,jacobeason,eason,1722894007856
6824,Donovan Peoples-Jones,WR,WR,,True,Active,4258195,32857,14457,,21754,,,,,,,,14,5,Michigan,donovanpeoplesjones,peoplesjones,1755808224310
6826,Cole Kmet,TE,TE,CHI,True,Active,4258595,32713,14436,,21772,,,,,,TE,2,85,6,Notre Dame,colekmet,kmet,1767841546284
6828,A.J. Dillon,RB,RB,PHI,True,Active,4239934,32732,14370,,21802,,,,,,RB,4,29,6,Boston College,ajdillon,dillon,1768270525437
6832,Kalija Lipscomb,WR,WR,,True,Active,4035277,32946,14640,,21716,,,,,,,,19,2,Vanderbilt,kalijalipscomb,lipscomb,1628815218411
6834,Jared Pinkney,TE,TE,,True,Inactive,3915772,33064,14632,,21676,,Questionable,Undisclosed,,,,,46,3,Vanderbilt,jaredpinkney,pinkney,1693364706206
6843,Albert Okwuegbunam,TE,TE,LV,True,Active,4035115,32788,14369,,21794,,,,,,TE,4,86,6,Missouri,albertokwuegbunam,okwuegbunam,1767735015370
6845,Zack Moss,RB,RB,,True,Active,4035676,32756,14564,,21784,,Questionable,Neck,,,,,31,5,Utah,zackmoss,moss,1753890931286
6846,Hunter Bryant,TE,TE,,True,Active,4243318,33186,14364,,21683,,,,,,,,86,2,Washington,hunterbryant,bryant,1651122316624
6847,Devin Duvernay,WR,WR,CHI,True,Active,4039050,32762,14636,,21721,,,,,,SWR,5,12,6,Texas,devinduvernay,duvernay,1767806755777
6849,Denzel Mims,WR,WR,,True,Active,4035403,32729,14539,,21741,,,,,,,,83,4,Baylor,denzelmims,mims,1728462620974
6850,Harrison Bryant,TE,TE,HOU,True,Active,4040774,32785,14576,,21783,,,,,,TE,3,88,6,Florida Atlantic,harrisonbryant,bryant,1765801232981
6853,Van Jefferson,WR,WR,TEN,True,Inactive,3930066,32727,14430,,21739,,IR,Forearm,,,RWR,3,11,6,Florida,vanjefferson,jefferson,1767469246795
6857,Collin Johnson,WR,WR,,True,Active,4039043,32835,14545,,21730,,,,,,,,17,5,Texas,collinjohnson,johnson,1756197906346
686,Shaun Hill,QB,QB,,False,Inactive,4260,6169,2688,1216,11992,,,,,,,,13,18,Maryland,shaunhill,hill,
6865,Colby Parkinson,TE,TE,LAR,True,Active,4242557,32803,14463,,21807,,,,,,TE,3,84,6,Stanford,colbyparkinson,parkinson,1769453133447
6866,KJ Hill,WR,WR,LAC,True,Active,3915522,32890,14414,,21758,,,,,,,,84,2,Ohio State,kjhill,hill,1635006055579
6869,Adam Trautman,TE,TE,DEN,True,Active,3911853,32775,14541,,21786,,,,,,TE,2,82,6,Dayton,adamtrautman,trautman,1767974458014
6870,Bryan Edwards,WR,WR,,True,Active,4038818,32751,14577,,21736,,,,,,,,11,3,South Carolina,bryanedwards,edwards,1692747935047
6873,Austin Mack,WR,WR,,True,Active,4040623,33039,14546,,21862,,,,,,,,81,4,Ohio State,austinmack,mack,1723510551739
6878,Anthony McFarland,RB,RB,,True,Active,4241941,32794,14357,,21854,,,,,,,,16,4,Maryland,anthonymcfarland,mcfarland,1724971205181
6879,Quartney Davis,WR,WR,,True,Active,4035221,33027,14461,,21761,,,,,,,,5,2,Texas A&M,quartneydavis,davis,1629337504326
688,Tony Scheffler,TE,TE,,False,Inactive,,,,,11998,,,,,,,,85,8,Western Michigan,tonyscheffler,scheffler,
6885,Ke'Shawn Vaughn,RB,RB,,True,Active,3917612,32746,14557,,21788,,,,,,,,30,5,Vanderbilt,keshawnvaughn,vaughn,1756223408615
6886,Chase Claypool,WR,WR,,True,Inactive,4046692,32719,14433,,21752,,Questionable,Toe,,,,,14,4,Notre Dame,chaseclaypool,claypool,1751769943856
6892,Nate Stanley,QB,QB,,True,Active,4036149,32914,14566,,21812,,,,,,,,12,2,Iowa,natestanley,stanley,1658253348736
6894,Mitchell Wilcox,TE,TE,,True,Active,3923392,33171,14634,,21800,,,,,,,,86,5,South Florida,mitchellwilcox,wilcox,1736029530789
6895,Quintez Cephus,WR,WR,,True,Active,4035793,32836,14466,,21729,,,,,,,,16,6,Wisconsin,quintezcephus,cephus,1758730509063
6898,Anthony Gordon,QB,QB,,True,Active,4055171,33266,14431,,21816,,,,,,,,10,2,Washington State,anthonygordon,gordon,1652217931742
69,Santana Moss,WR,WR,,False,Inactive,2564,,,,1944,,,,,,,,89,14,Miami,santanamoss,moss,
6904,Jalen Hurts,QB,QB,PHI,True,Active,4040715,32723,14416,,21831,,,,,,QB,1,1,6,Oklahoma,jalenhurts,hurts,1768612211120
6906,Antonio Gandy-Golden,TE,TE,,True,Active,4029893,32812,14568,,21742,,,,,,,,18,2,Liberty,antoniogandygolden,gandygolden,1659030602845
6908,La'Mical Perine,RB,RB,,True,Active,4034952,32790,14427,,21797,,,,,,,,29,4,Florida,lamicalperine,perine,1730236511786
6909,Lynn Bowden,WR,WR,,True,Active,4259979,32750,14460,,21743,,,,,,,,5,4,Kentucky,lynnbowden,bowden,1710364558204
691,Derek Anderson,QB,QB,,False,Injured Reserve,8627,7389,4313,3233,12083, 00-0023645,,,,,,,0,17,Oregon State,derekanderson,anderson,1557450610790
6913,Joe Reed,WR,WR,,True,Active,4037591,32821,14428,,21718,,Questionable,Undisclosed,,,,,80,3,Virginia,joereed,reed,1693492822625
6918,Salvon Ahmed,RB,RB,IND,True,Inactive,4243315,33265,14453,,21843,,IR,Ankle,,,RB,4,36,6,Washington,salvonahmed,ahmed,1754694945192
6919,Thaddeus Moss,TE,TE,,True,Active,4036189,33208,14524,,21955,,,,,,,,81,2,LSU,thaddeusmoss,moss,1662395742683
692,Jay Feely,K,K,,False,Inactive,,,,,12088,,,,,,,,4,13,Michigan,jayfeely,feely,
6920,Isaiah Hodgins,WR,WR,NYG,True,Active,4242540,32877,14356,,21760,,,,,,RWR,9,89,6,Oregon State,isaiahhodgins,hodgins,1767762317100
6926,Brycen Hopkins,TE,TE,,True,Active,3918003,32806,14586,,21678,,,,,,,,88,4,Purdue,brycenhopkins,hopkins,1713753612446
6927,Quez Watkins,WR,WR,PHI,True,Active,4050373,32870,14464,,21957,,,,,,SWR,5,86,6,Southern Miss,quezwatkins,watkins,1769195722976
6931,DeeJay Dallas,RB,RB,JAX,True,Active,4240631,32814,14410,,21804,,,,,,RB,4,20,6,Miami (FL),deejaydallas,dallas,1768155312895
6932,Charlie Taumoepeau,TE,TE,,True,Active,3910630,33096,14633,,21863,,,,,,,,43,2,Portland State,charlietaumoepeau,taumoepeau,1647537605983
6938,Cam Akers,RB,RB,SEA,True,Active,4240021,32722,14383,,21688,,,,,,,,30,6,Florida State,camakers,akers,1769477735513
6939,Binjimen Victor,WR,WR,,True,Active,4040628,33040,14529,,21722,,,,,,,,81,3,Ohio State,binjimenvictor,victor,1673909714981
6943,Gabe Davis,WR,WR,BUF,True,Inactive,4243537,32798,14359,,21735,,Out,Knee - ACL,,,SWR,6,13,6,UCF,gabedavis,davis,1768327817472
6945,Antonio Gibson,RB,RB,NE,True,Inactive,4360294,32736,14639,,21861,,IR,Knee - ACL,,Surgery,RB,5,4,6,Memphis,antoniogibson,gibson,1760128256053
695,Ted Ginn,WR,WR,,True,Injured Reserve,10453,8263,5214,4168,12109,00-0025396,,,,,,,0,15,Ohio State,tedginn,ginn,1626478844327
6951,Eno Benjamin,RB,RB,,True,Active,4242873,32892,14372,,21773,,,,,,,,26,4,Arizona State,enobenjamin,benjamin,1724113219604
6954,Cole McDonald,QB,QB,,True,Inactive,4038220,32894,14493,,21822,,,,,,,,9,2,Hawaii,colemcdonald,mcdonald,1622144110561
6955,James Robinson,RB,RB,,True,Active,4052042,33138,14660,,21970,,,,,,,,26,4,Illinois State,jamesrobinson,robinson,1724771153590
6956,Devin Asiasi,TE,TE,,True,Active,4046522,32761,14425,,21771,,,,,,,,87,4,UCLA,devinasiasi,asiasi,1724286037293
6957,James Proche,WR,WR,TEN,True,Active,3916204,32871,14415,,21723,,,,,,LWR,7,13,6,SMU,jamesproche,proche,1767849348179
6959,LeVante Bellamy,RB,RB,,True,Active,3916721,32926,14656,,21846,,,,,,,,0,2,Western Michigan,levantebellamy,bellamy,1643154334844
6960,Tyler Johnson,WR,WR,NYJ,True,Active,2310331,32831,14432,,21675,,,,,,LWR,7,16,6,Minnesota,tylerjohnson,johnson,1767821445082
6963,Patrick Taylor,RB,RB,SF,True,Inactive,4039358,33235,14573,,21823,,IR,Shoulder,,Dislocated,RB,6,32,6,Memphis,patricktaylor,taylor,1755698735674
6964,Sean McKeon,TE,TE,IND,True,Active,4036275,33101,14478,,21781,,,,,,TE,5,49,6,Michigan,seanmckeon,mckeon,1767643206174
6966,Javon Leake,RB,RB,,True,Active,4241940,33037,14361,,21787,,,,,,,,40,2,Maryland,javonleake,leake,1629761455183
6967,Aaron Fuller,WR,WR,,True,Active,4039000,33267,14638,,21751,,,,,,,,13,2,Washington,aaronfuller,fuller,1661945155838
697,Leon Washington,RB,RB,,False,Inactive,9703,,,,12136,,,,,,,,29,9,Florida State,leonwashington,washington,
6970,Stephen Sullivan,TE,TE,,True,Active,4035426,32921,14570,,21865,,Out,Knee,,,,,85,5,LSU,stephensullivan,sullivan,1733266211551
6973,J.J. Taylor,RB,RB,,True,Active,4039607,33028,14459,,21837,,,,,,,,26,5,Arizona,jjtaylor,taylor,1755706513537
6978,Reggie Corbin,RB,RB,,False,Inactive,,,,,21805,,NA,,,,,,0,0,Illinois,reggiecorbin,corbin,
698,Charlie Whitehurst,QB,QB,,False,Inactive,9667,7830,4825,3623,12137,,,,,,,,15,14,Clemson,charliewhitehurst,whitehurst,
6982,Cheyenne O'Grady,TE,TE,,True,Active,,,14558,,21779,,,,,,,,0,1,Arkansas,cheyenneogrady,ogrady,1629684648908
6984,Tony Jones,RB,RB,,True,Active,4046676,33114,14423,,21774,,,,,,,,37,5,Notre Dame,tonyjones,jones,1736214607955
6985,Dezmon Patmon,WR,WR,,True,Active,4054085,32882,14643,,21959,,,,,,,,86,3,Washington State,dezmonpatmon,patmon,1694541622583
6988,Raymond Calais,RB,RB,,True,Active,,32915,14625,,21855,,,,,,,,30,2,Louisiana,raymondcalais,calais,1661020515479
6989,Marquez Callaway,WR,WR,,True,Active,4035170,33109,14556,,21750,,,,,,,,15,5,Tennessee,marquezcallaway,callaway,1756197906317
6992,Michael Warren,RB,RB,DET,True,Inactive,4239083,32972,14496,,21793,,,,,,,,0,2,Cincinnati,michaelwarren,warren,1629159044233
6993,Dominick Wood-Anderson,TE,TE,,True,Active,,33291,14607,,21958,,,,,,,,0,2,Tennessee,dominickwoodanderson,woodanderson,1629681048901
6996,JaMycal Hasty,RB,RB,,True,Active,3928925,33199,14392,,21765,,,,,,,,37,6,Baylor,jamycalhasty,hasty,1756415420583
7,Kurt Warner,QB,QB,,False,Inactive,,,,1256,297,,,,,,,,13,0,Northern Iowa,kurtwarner,warner,
7001,Brian Herrien,RB,RB,,True,Active,,33307,14438,,21953,,,,,,,,35,2,Georgia,brianherrien,herrien,1596499806349
7002,Juwan Johnson,TE,TE,NO,True,Active,3929645,33113,14630,,21738,,,,,,TE,1,83,6,Oregon,juwanjohnson,johnson,1767636011530
7005,Scottie Phillips,RB,RB,,True,Active,4362878,33161,14659,,21856,,,,,,,,27,2,Ole Miss,scottiephillips,phillips,1662427838616
7008,Brian Lewerke,QB,QB,,True,Active,3929824,33015,14530,,21811,,,,,,,,6,2,Michigan State,brianlewerke,lewerke,1652894760308
7009,Trishton Jackson,WR,WR,,True,Inactive,4046715,33253,14402,,21725,,,,,,,,86,5,Syracuse,trishtonjackson,jackson,1767135319997
701,Ed Dickson,TE,TE,,False,Inactive,13272,24045,6530,5840,12153,00-0027675,,,,,,,84,12,Oregon,eddickson,dickson,1668713703082
7013,Steven Montez,QB,QB,,True,Active,3915436,33207,14393,,21809,,,,,,,,12,3,Colorado,stevenmontez,montez,1671732612175
7015,Jacob Breeland,TE,TE,,True,Active,3915136,32994,14628,,21780,,,,,,,,0,2,Oregon,jacobbreeland,breeland,1663709123253
7021,Rico Dowdle,RB,RB,CAR,True,Active,4038815,33100,14657,,21952,,,,,,RB,2,5,6,South Carolina,ricodowdle,dowdle,1769813117226
7032,Tyrie Cleveland,WR,WR,,True,Active,4034964,32922,14621,,21737,,,,,,,,12,4,Florida,tyriecleveland,cleveland,1724610333209
7035,Kendrick Rogers,WR,WR,,True,Active,,33097,14490,,21757,,,,,,,,16,2,Texas A&M,kendrickrogers,rogers,1596992449775
7038,Darius Anderson,RB,RB,,True,Inactive,4038533,33098,14565,,21792,,,,,,,,30,2,TCU,dariusanderson,anderson,1660167603307
7039,Cody White,WR,WR,SEA,True,Inactive,4241983,32948,14495,,21964,,IR,Groin,,,KR,5,82,6,Michigan State,codywhite,white,1767128120667
7042,Tyler Bass,K,K,BUF,True,Inactive,3917232,32858,14609,,22108,,IR,Hip,,,K,1,2,6,Georgia Southern,tylerbass,bass,1764628810783
7045,Joshua Kelley,RB,RB,,True,Active,3910544,32782,14494,,21776,,,,,,,,25,5,UCLA,joshuakelley,kelley,1739911512774
7048,Benny LeMay,RB,RB,CLE,True,Active,4045702,33309,14532,,21789,,,,,,,,16,2,Charlotte,bennylemay,lemay,1641490817822
7049,Jauan Jennings,WR,WR,SF,True,Active,3886598,32887,14376,,21717,,,,,,RWR,2,15,6,Tennessee,jauanjennings,jennings,1769029259606
7050,Josiah Deguara,TE,TE,ARI,True,Active,3914151,32764,14629,,21798,,,,,,TE,6,45,6,Cincinnati,josiahdeguara,deguara,1768796730231
7055,Sewo Olonilua,RB,RB,,True,Active,4038539,33099,14658,,21971,,Questionable,Neck,,Surgery,,,33,2,TCU,sewoolonilua,olonilua,1651691713690
7056,Darrell Stewart,WR,WR,,True,Inactive,3929831,33233,14631,,21956,,,,,,,,80,2,Michigan State,darrellstewart,stewart,1599408959975
7062,Rodrigo Blankenship,K,K,,True,Active,3915165,33211,14437,,22112,,,,,,,,15,3,Georgia,rodrigoblankenship,blankenship,1692670211690
7063,Shea Patterson,QB,QB,,True,Active,,33246,14469,,21824,,,,,,,,0,2,Michigan,sheapatterson,patterson,1594685134844
7064,Darrynton Evans,RB,RB,,True,Inactive,4036431,32763,14400,,21845,,,,,,,,21,5,Appalachian State,darryntonevans,evans,1761696621449
7065,Eli Wolf,TE,TE,,True,Inactive,3915400,33007,14375,,22113,,,,,,,,46,2,Georgia,eliwolf,wolf,1736213106335
7066,K.J. Osborn,WR,WR,,True,Active,3916566,32846,14641,,21714,,,,,,,,88,6,Miami (FL),kjosborn,osborn,1764025244430
7071,JJ Molson,K,K,,True,Active,,,14650,,22115,,,,,,,,35,2,UCLA,jjmolson,molson,1653077422082
7073,Jake Bentley,QB,QB,,False,Inactive,,,,,22117,,NA,,,,,,,0,South Carolina,jakebentley,bentley,
7074,A.J. Hines,RB,RB,,False,Inactive,,,,,22118,,NA,,,,,,,0,Duquesne,ajhines,hines,
7075,Charlie Woerner,TE,TE,ATL,True,Active,4035020,32860,14608,,22119,,,,,,TE,3,89,6,Georgia,charliewoerner,woerner,1767894051272
7076,Jeff Thomas,WR,WR,,True,Inactive,4240626,33022,14382,,21715,,,,,,,,0,2,Miami,jeffthomas,thomas,1599312656175
7078,Tony Brown,WR,WR,,True,Active,3915821,33303,14603,,22090,,,,,,,,0,2,Colorado,tonybrown,brown,1742520330417
7079,Pete Guerriero,RB,RB,,True,Active,4262315,33366,14782,,22121,,,,,,,,30,2,"Monmouth, N.J.",peteguerriero,guerriero,1629840027891
7080,Omar Bayless,WR,WR,,True,Active,3917166,33132,14585,,21963,,,,,,,,85,2,Arkansas State,omarbayless,bayless,1660575647954
7081,James Morgan,QB,QB,,True,Active,3914395,32795,14531,,21965,,,,,,,,16,3,Florida International,jamesmorgan,morgan,1673192754336
7082,Dalton Keene,TE,TE,,True,Active,4240861,32771,14559,,21808,,,,,,,,49,5,Virginia Tech,daltonkeene,keene,1762364430734
7083,Tyler Huntley,QB,QB,BAL,True,Active,4035671,32993,14563,,21810,,,,,,QB,3,5,6,Utah,tylerhuntley,huntley,1768232435972
7084,Jake Luton,QB,QB,,True,Active,3124900,32859,14562,,21814,,,,,,,,13,5,Oregon State,jakeluton,luton,1733859609021
7085,Isaiah Coulter,WR,WR,,True,Active,4248504,32841,14537,,21967,,,,,,,,82,3,Rhode Island,isaiahcoulter,coulter,1693165823631
7086,John Hightower,WR,WR,,True,Active,4373673,32838,14567,,21731,,,,,,,,84,3,Boise State,johnhightower,hightower,1693321503490
7087,Jonathan Ward,RB,RB,,True,Active,4039274,33088,15106,,21782,,,,,,,,30,6,Central Michigan,jonathanward,ward,1764695734226
7088,Xavier Jones,RB,RB,,True,Active,3916209,33297,14925,,21839,,Questionable,Achilles,,Surgery,,,0,2,Southern Methodist,xavierjones,jones,1662496217027
7090,Darnell Mooney,WR,WR,ATL,True,Active,4040655,32843,14510,,21961,,,,,,RWR,2,1,6,Tulane,darnellmooney,mooney,1767636611733
7091,Aaron Parker,WR,WR,,True,Active,4032749,33095,14642,,21969,,,,,,,,21,2,Rhode Island,aaronparker,parker,1661648159915
7092,Chris Finke,WR,WR,,True,Active,,33196,14637,,21966,,,,,,,,17,2,Notre Dame,chrisfinke,finke,1661883329049
7093,Adrian Killins,RB,RB,DEN,True,Inactive,4042112,32966,14396,,21842,,,,,,,,17,2,UCF,adriankillins,killins,1647224412229
7094,Lirim Hajrullahu,K,K,,True,Active,4682912,32668,14808,,22122,,,,,,,,9,2,Western Ontario (CAN),lirimhajrullahu,hajrullahu,1661283031791
7095,Austin MacGinnis,K,K,,True,Active,3053774,32667,14354,,22123,,,,,,,,18,2,Kentucky,austinmacginnis,macginnis,1629142241805
7096,Kaleb Barker,QB,QB,,False,Inactive,,,,,22124,,NA,,,,,,,0,Troy,kalebbarker,barker,
7097,Tra Barnett,RB,RB,,False,Inactive,,,,,22125,,NA,,,,,,,0,Georgia State,trabarnett,barnett,
7098,Ty'Son Williams,RB,RB,,True,Active,,33006,14404,,22126,,,,,,,,22,3,BYU,tysonwilliams,williams,1693330505030
7099,Tom Flacco,QB,QB,,False,Inactive,,,,,22127,,NA,,,,,,,0,Towson,tomflacco,flacco,
71,Jason Avant,WR,WR,,False,Inactive,9695,7858,4823,,1986,,,,,,,,81,14,Michigan,jasonavant,avant,
7100,Derrick Dillon,WR,WR,,True,Active,3843469,33038,14803,,22128,,,,,,,,80,2,LSU,derrickdillon,dillon,1660601103657
7101,Rodney Smith,RB,RB,,True,Active,,33153,14435,,21775,,,,,,,,0,2,Minnesota,rodneysmith,smith,1641694858814
7102,Mason Fine,QB,QB,,False,Inactive,,,,,21821,,NA,,,,,,,0,North Texas,masonfine,fine,
7103,Tavien Feaster,RB,RB,ARI,True,Active,4035470,33126,14592,,21850,,,,,,,,30,2,South Carolina,tavienfeaster,feaster,1640840438408
7104,Shannon Brooks,RB,RB,,False,Inactive,,,,,22129,,NA,,,,,,,0,Minnesota,shannonbrooks,brooks,
7105,Ramiz Ahmed,K,K,,True,Active,,32670,14812,,22130,,,,,,,,3,4,Nevada,ramizahmed,ahmed,1723584904951
7106,Lawrence Cager,TE,TE,WAS,True,Active,3917849,33329,14597,,21728,,,,,,TE,5,89,6,Georgia,lawrencecager,cager,1767810056000
7107,Jason Huntley,RB,RB,,True,Active,4040790,32842,14796,,21764,,,,,,,,31,3,New Mexico State,jasonhuntley,huntley,1694543422423
7108,Hasise Dubois,WR,WR,,False,Inactive,,,,,22131,,NA,,,,,,,0,Virginia,hasisedubois,dubois,
7109,Malcolm Perry,WR,WR,,True,Active,4039436,32916,14504,,21962,,,,,,,,19,2,Navy,malcolmperry,perry,1658593523911
7110,Kelly Bryant,QB,QB,,False,Inactive,,,,,21972,,NA,,,,,,,0,Missouri,kellybryant,bryant,
7121,Justin Rohrwasser,K,K,,True,Inactive,3913295,32829,14822,,22134,,,,,,,,5,2,Marshall,justinrohrwasser,rohrwasser,1616546721439
7131,Tyler Davis,TE,TE,,True,Active,3914240,32876,14827,,22138,,,,,,,,30,5,Georgia Tech,tylerdavis,davis,1754441126935
7135,Freddie Swain,WR,WR,,True,Inactive,4034950,32884,14644,,21960,,Questionable,Undisclosed,,,,,86,4,Florida,freddieswain,swain,1724524521641
7143,Ben DiNucci,QB,QB,,True,Active,3895785,32901,14832,,22146,,,,,,,,16,6,James Madison,bendinucci,dinucci,1768802130873
7149,Tommy Stevens,QB,QB,NYG,True,Active,3791110,32910,14527,,22151,,,,,,,,0,2,Mississippi State,tommystevens,stevens,1641327609095
7152,Sam Sloman,K,K,,True,Active,4038994,32918,14837,,22154,,,,,,,,1,2,Miami (OH),samsloman,sloman,1666130445742
7156,J'Mar Smith,QB,QB,,True,Active,,33016,14845,,22157,,,,,,,,0,2,Louisiana Tech,jmarsmith,smith,1599693359828
7157,Josh Love,QB,QB,,True,Active,3921685,33256,14555,,22158,,,,,,,,0,2,San Jose State,joshlove,love,1636492230785
7158,Riley Neal,QB,QB,,True,Active,,32928,14859,,22159,,,,,,,,5,2,Vanderbilt,rileyneal,neal,1599693359878
7159,Reid Sinnett,QB,QB,,True,Active,3926936,33279,14846,,22160,,,,,,,,7,3,San Diego,reidsinnett,sinnett,1696274140719
716,Steve Maneri,TE,TE,,False,Inactive,13863,24453,,,12234,,,,,,,,86,5,Temple,stevemaneri,maneri,
7161,Shane Leatherbury,WR,WR,,True,Active,,33081,14893,,22162,,,,,,,,0,2,Towson,shaneleatherbury,leatherbury,1599693360002
7162,Ryan Becker,TE,TE,,True,Active,4039553,33071,14871,,22163,,,,,,,,80,2,SMU,ryanbecker,becker,1652633434590
717,Chris Ivory,RB,RB,,False,Inactive,13587,24400,6833,6168,12239,00-0027531,,,,,,,33,12,Tiffin,chrisivory,ivory,1553627142203
7172,Mikey Daniel,RB,RB,,True,Active,4031003,33048,14995,,22174,,,,,,,,0,2,South Dakota State,mikeydaniel,daniel,1628797816883
7173,Jalen McCleskey,WR,WR,,True,Active,3919609,33063,14977,,22175,,,,,,,,87,2,Tulane,jalenmccleskey,mccleskey,1652711439898
7174,Juwan Green,WR,WR,,True,Active,4366710,33057,14976,,22176,,,,,,,,89,3,Albany,juwangreen,green,1693439718784
7175,Chris Rowland,WR,WR,,True,Active,4052137,33066,14885,,22177,,,,,,,,0,2,Tennessee State,chrisrowland,rowland,1637710843577
7176,Caleb Repp,TE,TE,,True,Active,,33065,14978,,22178,,,,,,,,0,2,Utah State,calebrepp,repp,1596396917521
719,Victor Cruz,WR,WR,,False,Inactive,13553,24553,6836,6313,12246,00-0027265,,,,,,,80,10,Massachusetts,victorcruz,cruz,1534865713156
7190,Bronson Rechsteiner,RB,RB,,True,Active,,33003,15032,,22192,,,,,,,,34,2,Kennesaw State,bronsonrechsteiner,rechsteiner,1599693369572
7191,Jaylon Moore,WR,WR,,True,Inactive,3909416,33001,15135,,22193,,Questionable,Undisclosed,,,,,76,4,Tennessee-Martin,jaylonmoore,moore,1741665958787
72,Kevin Walter,WR,WR,,False,Inactive,,,,,2065,,,,,,,,87,11,Eastern Michigan,kevinwalter,walter,
7201,Nick Vogel,K,K,,True,Active,,33009,15108,,22203,,,,,,,,18,2,Alabama-Birmingham,nickvogel,vogel,1595893229566
7203,Antonio Williams,RB,RB,,True,Active,4040629,33359,19237,,22205,,,,,,,,21,2,North Carolina,antoniowilliams,williams,1766009158906
7204,Reggie Gilliam,RB,RB,BUF,True,Active,4039505,33357,14844,,22206,,,,,,RB,4,41,6,Toledo,reggiegilliam,gilliam,1767211526721
7210,Kendall Hinton,WR,WR,,True,Active,3700815,32929,14593,,22213,,,,,,,,9,3,Wake Forest,kendallhinton,hinton,1693230946948
7211,Zimari Manning,WR,WR,,True,Active,,32930,14854,,22214,,,,,,,,0,2,Tarleton State,zimarimanning,manning,1599693359862
7212,Spencer Nigh,RB,RB,,True,Active,4035523,32940,15107,,22215,,,,,,,,42,2,Auburn,spencernigh,nigh,1597360535903
7216,Giovanni Ricci,TE,TE,,True,Active,3916749,33151,14785,,21732,,,,,,,,88,6,Western Michigan,giovanniricci,ricci,1766790954074
7217,Trevontae Hights,WR,WR,,True,Active,,33141,14969,,22219,,,,,,,,81,2,Texas Christian,trevontaehights,hights,1597008351314
7218,Cam Sutton,TE,TE,,True,Active,4373904,33154,14847,,22220,,,,,,,,0,2,Fresno State,camsutton,sutton,1711052401493
7227,Artavis Pierce,RB,RB,,True,Active,4042808,33179,14881,,21848,,,,,,,,0,2,Oregon State,artavispierce,pierce,1658761557763
7228,Ahmad Wagner,WR,WR,,True,Inactive,3935018,33182,14880,,22229,,,,,,,,2,2,Kentucky,ahmadwagner,wagner,1599693359959
723,Michael Robinson,RB,RB,,False,Inactive,,,,,12273,,,,,,,,26,8,Penn State,michaelrobinson,robinson,
7233,Andre Baccellia,WR,WR,ARI,True,Inactive,3886809,32943,14942,,22234,,IR,Neck,,,LWR,6,82,6,Washington,andrebaccellia,baccellia,1765923348883
7234,Maurice Ffrench,WR,WR,,True,Active,4036055,32944,14943,,22235,,,,,,,,80,2,Pittsburgh,mauriceffrench,ffrench,1660599932439
7235,Aleva Hifo,WR,WR,,True,Active,4046668,32945,14879,,22236,,,,,,,,84,2,Brigham Young,alevahifo,hifo,1629165040246
7236,Devwah Whaley,RB,RB,,True,Active,,33170,14772,,22237,,,,,,,,0,2,Arkansas,devwahwhaley,whaley,1599693357437
7237,Scotty Washington,WR,WR,,True,Active,3919557,33168,14588,,22238,,,,,,,,85,6,Wake Forest,scottywashington,washington,1762304125016
7243,Kevin Davidson,QB,QB,,True,Inactive,4031232,33304,14635,,21968,,,,,,,,9,2,Princeton,kevindavidson,davidson,1599693357448
7244,Ja'Marcus Bradley,WR,WR,,True,Inactive,3917569,33302,14571,,22244,,,,,,,,84,3,Louisiana,jamarcusbradley,bradley,1692309930627
7245,Nate Wieting,TE,TE,,True,Inactive,3894852,33314,14929,,22245,,,,,,,,87,2,Iowa,natewieting,wieting,1621176003216
7258,Luke Sellers,RB,RB,,True,Inactive,3909014,33191,14848,,22257,,,,,,,,47,2,South Dakota State,lukesellers,sellers,1599693359838
7262,Jalen Morton,QB,QB,IND,True,Active,,33229,14894,,22261,,,,,,,,6,2,Prairie View,jalenmorton,morton,1628264742884
7264,Jordan Jones,RB,RB,,True,Active,,33228,14900,,22262,,,,,,,,45,2,Prairie View,jordanjones,jones,1599693360012
727,Anthony Dixon,RB,RB,,False,Inactive,13212,,6484,5773,12285,,,,,,,,26,10,Mississippi State,anthonydixon,dixon,
7272,Dylan Stapleton,TE,TE,,True,Inactive,4366655,33164,14841,,22270,,,,,,,,84,2,James Madison,dylanstapleton,stapleton,1599693359805
7274,Tyler Simmons,WR,WR,,True,Active,4035018,33163,14842,,22271,,,,,,,,82,2,Georgia,tylersimmons,simmons,1629839427901
7279,DeMichael Harris,WR,WR,,True,Active,4374496,33215,15020,,22276,,,,,,,,12,2,Southern Miss,demichaelharris,harris,1666720227476
7286,Marvelle Ross,WR,WR,,True,Inactive,3939146,33140,14952,,22282,,,,,,,,83,2,"Notre Dame College, Ohio",marvelleross,ross,1599693362265
7287,Josh Hammond,WR,WR,,True,Active,4034944,33127,14784,,22283,,,,,,,,80,3,Florida,joshhammond,hammond,1693321503489
7288,Ben Ellefson,TE,TE,,True,Active,3930900,33124,14864,,22284,,,,,,,,82,3,North Dakota State,benellefson,ellefson,1685649041285
7296,Brandon Wright,K,K,,True,Active,,33149,14954,,22292,,,,,,,,49,3,Georgia State,brandonwright,wright,1608084051876
7299,Justice Shelton-Mosley,WR,WR,,True,Inactive,4051242,32947,15091,,22293,,,,,,,,0,2,Vanderbilt,justicesheltonmosley,sheltonmosley,1588363242033
730,LeGarrette Blount,RB,RB,,False,Injured Reserve,13213,24318,6482,5854,12296,00-0027325,,,,,,,0,12,Oregon,legarretteblount,blount,1607212221127
7308,Nick Bowers,TE,TE,,True,Active,3929633,33315,14869,,21719,,,,,,,,88,4,Penn State,nickbowers,bowers,1693608328560
7309,Siaosi Mariner,WR,WR,,True,Active,,33353,14863,,22301,,,,,,,,0,2,Utah State,siaosimariner,mariner,1630372815267
7314,Dominik Eberle,K,K,,True,Active,3932960,33352,14903,,22307,,,,,,,,17,2,Utah State,dominikeberle,eberle,1664915443750
7315,Bobby Holly,RB,RB,,True,Active,4040419,32984,15092,,22309,,,,,,,,0,2,Louisiana Tech,bobbyholly,holly,1599279055321
7316,Darius Bradwell,RB,RB,,True,Active,4040640,32975,14919,,21826,,,,,,,,32,2,Tulane,dariusbradwell,bradwell,1660501236960
7317,Jared Rice,TE,TE,,True,Active,,32988,14923,,21790,,,,,,,,40,2,Fresno State,jaredrice,rice,1599693360060
7318,Gabe Nabers,RB,RB,,True,Active,4035611,32987,15093,,22310,,,,,,,,40,2,Florida State,gabenabers,nabers,1661894451273
7319,Jeff Cotton,WR,WR,,True,Inactive,4282647,32978,14922,,22311,,,,,,,,0,3,Idaho,jeffcotton,cotton,1692222623840
7320,Dalton Schoen,WR,WR,,True,Active,3916124,32990,14850,,22312,,,,,,,,0,2,Kansas State,daltonschoen,schoen,1640752205100
7334,Earnest Edwards,WR,WR,,True,Inactive,4034320,33250,14924,,22326,,,,,,,,0,2,Maine,earnestedwards,edwards,1599693360074
7335,Bryce Perkins,QB,QB,,True,Active,3675812,33258,14429,,21819,,,,,,,,10,5,Virginia,bryceperkins,perkins,1756166706057
7336,James Gilbert,RB,RB,,True,Active,,33251,14575,,21851,,,,,,,,49,2,Kansas State,jamesgilbert,gilbert,1599693357491
7337,Easop Winston,WR,WR,,True,Active,4245174,33299,14817,,21724,,,,,,,,85,5,Washington State,easopwinston,winston,1746811824944
7339,J.J. Koski,WR,WR,,True,Active,3910287,33254,14926,,22327,,,,,,,,43,3,Cal Poly,jjkoski,koski,1693172741549
7340,Brandon Polk,WR,WR,,True,Active,3929652,33298,14927,,22328,,,,,,,,0,2,James Madison,brandonpolk,polk,1599693360082
735,Danny Woodhead,RB,RB,,False,Inactive,11788,9560,5816,5297,12317,00-0026019,,,,,,,39,12,Chadron State,dannywoodhead,woodhead,1521267001435
7351,Kirk Merritt,WR,WR,,True,Active,3915145,33242,14861,,22339,,,,,,,,33,3,Arkansas State,kirkmerritt,merritt,1695770138324
7352,Matt Cole,WR,WR,,True,Active,4041703,33236,14914,,22340,,,,,,,,18,2,McKendree,mattcole,cole,1661890551350
7353,Bryce Sterk,TE,TE,,True,Inactive,3886832,33245,15030,,22341,,,,,,,,87,2,Montana State,brycesterk,sterk,1599193855149
7357,Dan Chisena,WR,WR,CAR,True,Active,3929637,33023,14889,,22345,,,,,,SWR,7,88,6,Penn State,danchisena,chisena,1769060743924
7358,Jake Bargas,RB,RB,,True,Active,3895835,33021,15109,,22346,,,,,,,,47,3,North Carolina,jakebargas,bargas,1693318204069
7359,Nakia Griffin-Stewart,TE,TE,,True,Active,3930035,33031,15110,,22347,,,,,,,,89,2,Pittsburgh,nakiagriffinstewart,griffinstewart,1666042535491
736,Joique Bell,RB,RB,,False,Inactive,13536,24262,6489,5986,12323,,,,,,,,44,10,"Wayne State, Mich.",joiquebell,bell,
7367,Will Hastings,WR,WR,,True,Inactive,3916927,33017,14762,,22354,,,,,,,,0,2,Auburn,willhastings,hastings,1599693357324
7368,Sean Riley,WR,WR,,True,Active,,33018,14502,,22355,,,,,,,,0,2,Syracuse,seanriley,riley,1599693357462
737,Mickey Shuler,TE,TE,,False,Inactive,13456,24190,,,12326,,,,,,,,82,10,Penn State,mickeyshuler,shuler,
7370,JoJo Ward,WR,WR,,True,Active,4373937,33087,15111,,22358,,,,,,,,0,2,Hawaii,jojoward,ward,1629517257304
7376,Case Cookus,QB,QB,,True,Active,,33036,14888,,22364,,,,,,,,14,3,Northern Arizona,casecookus,cookus,1669226460370
7378,Kyle Markway,TE,TE,,True,Active,3924367,33044,14377,,21770,,,,,,,,47,2,South Carolina,kylemarkway,markway,1659995146485
7379,Rysen John,TE,TE,,True,Active,4045062,33041,15068,,22365,,,,,,,,87,2,Simon Fraser (CAN),rysenjohn,john,1660666255314
7387,George Campbell,WR,WR,,True,Inactive,3692942,33330,14944,,22373,,,,,,,,6,2,West Virginia,georgecampbell,campbell,1599693362225
739,Trent Edwards,QB,QB,,False,Inactive,,,,,12335,,,,,,,,5,6,Stanford,trentedwards,edwards,
7393,Sirgeo Hoffman,RB,RB,,False,Inactive,,33079,,,22378,,NA,,,,,,0,0,Portland State,sirgeohoffman,hoffman,
7394,Jermiah Braswell,WR,WR,,True,Active,,33073,15164,,22379,,,,,,,,0,2,Youngstown State,jermiahbraswell,braswell,1599693389697
7395,Rashad Medaris,WR,WR,,True,Active,,33083,15128,,22380,,,,,,,,0,2,Cincinnati,rashadmedaris,medaris,1599693382057
7396,Devin Phelps,WR,WR,,True,Active,,33084,14945,,22381,,,,,,,,0,2,Shepherd,devinphelps,phelps,1599693362228
7397,Parker Houston,TE,TE,,True,Active,,33080,15105,,22382,,,,,,,,86,2,San Diego State,parkerhouston,houston,1599693372829
740,Brandon Stokley,WR,WR,,False,Inactive,,,,,12343,,,,,,,,80,15,Louisiana-Lafayette,brandonstokley,stokley,
7400,Manasseh Bailey,WR,WR,,True,Active,4030747,32962,14873,,22385,,,,,,,,3,2,Morgan State,manassehbailey,bailey,1629840627914
7401,Khalil Tate,WR,WR,,True,Inactive,,32971,14481,,22386,,,,,,,,17,2,Arizona,khaliltate,tate,1623297614855
7404,Noah Togiai,TE,TE,,True,Active,3930298,32970,14843,,21796,,,,,,,,83,4,Oregon State,noahtogiai,togiai,1715626818625
7407,Isaiah Wright,WR,WR,,True,Active,4044121,33209,14503,,21755,,,,,,,,0,2,Temple,isaiahwright,wright,1649344522561
7412,Sandro Platzgummer,RB,RB,,True,Active,4683485,33188,14949,,22395,,,,,,,,34,3,,sandroplatzgummer,platzgummer,1662560408908
7414,Johnathon Johnson,WR,WR,,True,Active,3924325,33206,14886,,21726,,,,,,,,0,2,Missouri,johnathonjohnson,johnson,1599693359978
7418,Broc Rutter,QB,QB,,True,Active,,33202,14872,,22399,,,,,,,,5,2,North Central,brocrutter,rutter,1599693359936
7420,Josh Hokit,RB,RB,,True,Active,4049391,33200,14988,,22400,,,,,,,,0,2,Fresno State,joshhokit,hokit,1661282731229
7424,Anthony Jones,RB,RB,,True,Active,,33284,14870,,22404,,,,,,,,36,2,Florida International,anthonyjones,jones,1599693359926
7425,Patrick Carr,RB,RB,,True,Active,3915427,33281,14857,,22405,,Questionable,Undisclosed,,,,,0,2,Houston,patrickcarr,carr,1599693359878
7426,Seth Dawkins,WR,WR,,True,Inactive,4035996,33282,15018,,22406,,,,,,,,13,2,Louisville,sethdawkins,dawkins,1599186654818
7427,Tyler Mabry,TE,TE,,True,Inactive,3916587,33286,14928,,22407,,Questionable,Undisclosed,,,,,43,5,Maryland,tylermabry,mabry,1756171206536
7435,Cameron Scarlett,RB,RB,,True,Active,3931401,33345,14887,,22414,,,,,,,,0,2,Stanford,cameronscarlett,scarlett,1629150943666
7436,Mason Kinsey,WR,WR,TEN,True,Active,4057082,33351,14858,,22415,,,,,,SWR,8,12,6,Berry College,masonkinsey,kinsey,1767849948396
7437,Kyle Williams,WR,WR,,False,Inactive,4252364,33350,15153,,22416,,,,,,,,80,2,Arizona State,kylewilliams,williams,1745632822037
7438,Kristian Wilkerson,WR,WR,,True,Active,3910176,33349,15163,,22417,,,,,,,,82,6,Southeast Missouri State,kristianwilkerson,wilkerson,1768335018074
7439,Tommy Hudson,TE,TE,,True,Inactive,3675550,33340,15159,,22418,,Questionable,Undisclosed,,,,,89,4,Arizona State,tommyhudson,hudson,1723155334714
7446,Tucker McCann,K,K,,True,Active,4035098,33343,14860,,22425,,,,,,,,0,2,Missouri,tuckermccann,mccann,1698279046240
745,Marshawn Lynch,RB,RB,,True,Injured Reserve,10456,8266,5202,4186,12386,00-0025399,,,,,,,0,15,California,marshawnlynch,lynch,1588660243022
7452,Josh Pearson,WR,WR,,True,Active,4368796,33294,14778,,22430,,,,,,,,89,2,Jacksonville State,joshpearson,pearson,1629077737024
7454,Travis Jonsen,WR,WR,,True,Active,,33274,14892,,22432,,,,,,,,85,2,Montana State,travisjonsen,jonsen,1695770738075
7455,John Hurst,WR,WR,,True,Inactive,4683123,33295,14877,,22433,,Questionable,Ankle,,,,,9,2,West Georgia,johnhurst,hurst,1660085134557
7457,Michael Dereus,WR,WR,,True,Active,4043814,33013,15121,,22435,,,,,,,,82,2,Georgetown,michaeldereus,dereus,1629870042753
7458,Isaiah Zuber,WR,WR,,True,Inactive,3916129,33020,14862,,21749,,Questionable,Undisclosed,,,,,19,3,Mississippi State,isaiahzuber,zuber,1693947937988
7460,Jake Burt,TE,TE,,True,Active,3915308,33026,14930,,22437,,,,,,,,0,2,Boston College,jakeburt,burt,1606619436287
7462,Stephen Guidry,WR,WR,,True,Active,,33094,14441,,21954,,,,,,,,0,2,Mississippi State,stephenguidry,guidry,1626744655453
7464,Connor Slomka,RB,RB,,True,Active,4036949,33143,14953,,21813,,,,,,,,0,2,Army,connorslomka,slomka,1599693362272
7465,Nick Tiano,QB,QB,,True,Active,,33167,14935,,22440,,,,,,,,8,2,Chattanooga,nicktiano,tiano,1599693362200
7466,Nathan Cottrell,RB,RB,,True,Active,3917812,33123,14773,,22441,,Questionable,Undisclosed,,,,,31,2,Georgia Tech,nathancottrell,cottrell,1660695019345
747,Erik Lorig,RB,RB,,False,Inactive,13407,24229,,,12392,,,,,,,,41,6,Stanford,eriklorig,lorig,
7475,Napoleon Maxwell,RB,RB,,True,Inactive,3128846,33177,14981,,22450,,,,,,,,46,2,Florida International,napoleonmaxwell,maxwell,1599693364540
748,Mike Williams,WR,WR,,False,Inactive,13489,24076,6513,,12412,,,,,,,,15,9,Syracuse,mikewilliams,williams,
7481,Chase Harrell,TE,TE,,True,Active,3880416,33198,14767,,22456,,,,,,,,0,2,Arkansas,chaseharrell,harrell,1641873630453
7483,Farrod Green,TE,TE,,True,Active,3930097,33214,14908,,22458,,,,,,,,86,2,Mississippi State,farrodgreen,green,1652223932434
749,Zach Miller,TE,TE,,False,Inactive,12699,9444,6124,5394,12415,00-0027125,,,,,,,86,11,Nebraska-Omaha,zachmiller,miller,1555446948936
7496,Nick Westbrook-Ikhine,WR,WR,MIA,True,Active,3929785,33348,14750,,21734,,,,,,RWR,3,18,6,Indiana,nickwestbrookikhine,westbrookikhine,1767721812688
7499,Paul Quessenberry,TE,TE,,True,Active,2575891,33364,15179,,22475,,,,,,,,40,2,Navy,paulquessenberry,quessenberry,1662560408908
7502,Dominique Dafney,TE,TE,,True,Active,4036129,33367,15181,,22477,,,,,,,,46,5,Indiana State,dominiquedafney,dafney,1756163405792
7503,Connor Davis,TE,TE,,True,Active,,33362,15172,,22473,,,,,,,,0,2,Stony Brook,connordavis,davis,1658798745042
7509,Chris Owusu,WR,WR,,False,Inactive,,,,,,,,,,,,,17,8,Stanford,chrisowusu,owusu,
7512,Aaron Smith,RB,RB,,False,Inactive,,,,,,,,,,,,,44,5,,aaronsmith,smith,
7515,Sergio Castillo,K,K,,True,Active,,,9844,,,,,,,,,,6,8,West Texas A&amp;M,sergiocastillo,castillo,1608166802697
7517,Duplicate Player,WR,WR,,False,Inactive,,,,,,,,,,,,,12,0,Southern Mississippi,duplicateplayer,player,
7518,Taylor Russolino,K,K,,True,Active,,,15225,,,,,,,,,,0,2,Millsaps,taylorrussolino,russolino,1608600654642
7521,Chris Blair,WR,WR,ATL,True,Active,,,15376,,22488,,,,,,SWR,7,19,5,Alcorn State,chrisblair,blair,1767685510813
7522,Hunter Thedford,TE,TE,,True,Active,,,15393,,,,,,,,,,60,3,Utah,hunterthedford,thedford,1685982004711
7523,Trevor Lawrence,QB,QB,JAX,True,Active,,,15357,,22490,,,,,,QB,1,16,5,Clemson,trevorlawrence,lawrence,1768173630542
7524,Player Invalid,WR,WR,,False,Inactive,,,,,,,,,,,,,,0,,playerinvalid,invalid,
7525,DeVonta Smith,WR,WR,PHI,True,Active,,,15406,,21687,,,,,,RWR,2,6,5,Alabama,devontasmith,smith,1768181731492
7526,Jaylen Waddle,WR,WR,MIA,True,Active,,,15404,,22598,,Questionable,Ribs,,,LWR,2,17,5,Alabama,jaylenwaddle,waddle,1769626221479
7527,Mac Jones,QB,QB,SF,True,Active,,,15402,,22496,,,,,,QB,2,10,5,Alabama,macjones,jones,1769028057919
7528,Najee Harris,RB,RB,LAC,True,Inactive,,,15468,,21768,,IR,Achilles,,,RB,2,22,5,Alabama,najeeharris,harris,1758744610620
7529,Gary Brightwell,RB,RB,CIN,True,Active,,,15343,,22672,,,,,,RB,4,32,5,Arizona,garybrightwell,brightwell,1767733215264
7530,Frank Darby,WR,WR,,True,Active,,,15465,,,,,,,,,,3,3,Arizona State,frankdarby,darby,1755041446830
7531,Feleipe Franks,TE,TE,ATL,True,Active,,,15324,,22498,,,,,,TE,4,84,5,Arkansas,feleipefranks,franks,1764966949093
7532,Rakeem Boyd,RB,RB,,True,Inactive,,,15224,,,,,,,,,,35,1,Arkansas,rakeemboyd,boyd,1641948658473
7533,Anthony Schwartz,WR,WR,,True,Active,,,15334,,,,Questionable,Knee,,Sprain,,,84,4,Auburn,anthonyschwartz,schwartz,1724617234475
7534,Seth Williams,WR,WR,,True,Inactive,,,15405,,,,Questionable,Undisclosed,,,,,83,4,Auburn,sethwilliams,williams,1755126655025
7535,Hunter Long,TE,TE,JAX,True,Active,,,15246,,22509,,,,,,TE,3,84,5,Boston College,hunterlong,long,1767830446084
7536,Quintin Morris,TE,TE,JAX,True,Active,,,15460,,22511,,,,,,TE,4,80,5,Bowling Green,quintinmorris,morris,1767830145873
7537,Jaret Patterson,RB,RB,LAC,True,Active,,,15315,,22556,,,,,,RB,5,32,5,Buffalo,jaretpatterson,patterson,1768344319286
7538,Zach Wilson,QB,QB,MIA,True,Active,,,15330,,22495,,,,,,QB,2,0,5,BYU,zachwilson,wilson,1767720612684
7539,Gerrid Doaks,RB,RB,,True,Active,,,15331,,,,,,,,,,26,3,Cincinnati,gerriddoaks,doaks,1715609407791
7540,Amari Rodgers,WR,WR,,True,Active,,,15441,,,,,,,,,,3,2,Clemson,amarirodgers,rodgers,1753175132416
7541,Cornell Powell,WR,WR,,True,Active,,,15446,,22568,,,,,,,,82,4,Clemson,cornellpowell,powell,1764708054988
7543,Travis Etienne,RB,RB,JAX,True,Active,,,15385,,21696,,,,,,RB,1,1,5,Clemson,travisetienne,etienne,1769549742148
7544,Player Invalid,RB,RB,,False,Inactive,,,,,,,,,,,,,,0,,playerinvalid,invalid,
7545,Marlon Williams,WR,WR,,True,Inactive,,,15279,,,,,,,,,,0,1,UCF,marlonwilliams,williams,1620062736674
7546,Tre Nixon,WR,WR,,True,Active,,,15525,,,,,,,,,,82,3,UCF,trenixon,nixon,1720548639800
7547,Amon-Ra St. Brown,WR,WR,DET,True,Active,,,15332,,22587,,,,,,SWR,1,14,5,USC,amonrastbrown,stbrown,1770326156104
7548,Tyler Vaughns,WR,WR,,True,Active,,,15419,,,,,,,,,,80,1,USC,tylervaughns,vaughns,1642544408184
7549,CJ Marable,RB,RB,,True,Active,,,15308,,,,,,,,,,37,2,Coastal Carolina,cjmarable,marable,1693173341674
7550,Warren Jackson,WR,WR,,True,Active,,,15173,,,,Questionable,Undisclosed,,,,,83,1,Colorado State,warrenjackson,jackson,1661950256282
7551,Deon Jackson,RB,RB,,True,Active,,,15635,,,,,,,,,,36,4,Duke,deonjackson,jackson,1756253121171
7552,Blake Proehl,WR,WR,,True,Active,,,15230,,,,,,,,,,13,2,East Carolina,blakeproehl,proehl,1693347610423
7553,Kyle Pitts,TE,TE,ATL,True,Active,,,15265,,22508,,,,,,TE,1,8,5,Florida,kylepitts,pitts,1770328556333
7554,Tre' McKitty,TE,TE,,True,Active,,,15252,,,,,,,,,,38,4,Georgia,tremckitty,mckitty,1755732016571
7555,Jamie Newman,QB,QB,,True,Inactive,,,15186,,,,,,,,,,10,1,Georgia,jamienewman,newman,1623297314824
7556,Marquez Stevenson,WR,WR,,True,Active,,,15436,,,,,,,,,,13,2,Houston,marquezstevenson,stevenson,1696978537827
7557,Player Invalid,TE,TE,,False,Inactive,,,,,,,,,,,,,,0,,playerinvalid,invalid,
7558,Whop Philyor,WR,WR,,True,Active,,,15418,,,,,,,,,,0,1,Indiana,whopphilyor,philyor,1630453253152
7559,Ihmir Smith-Marsette,WR,WR,ARI,True,Active,,,15287,,22595,,,,,,SWR,10,87,5,Iowa,ihmirsmithmarsette,smithmarsette,1768541417261
7560,Pooka Williams,RB,RB,,True,Active,,,15223,,,,,,,,,,12,1,Kansas,pookawilliams,williams,1660500636702
7561,Elijah Mitchell,RB,RB,,True,Active,,,15379,,22535,,,,,,,,45,5,Louisiana,elijahmitchell,mitchell,1768435258594
7562,Tutu Atwell,WR,WR,LAR,True,Active,,,15229,,22602,,,,,,SWR,3,5,5,Louisville,tutuatwell,atwell,1769380256967
7563,Javian Hawkins,RB,RB,,True,Active,,,15207,,,,,,,,,,14,1,Louisville,javianhawkins,hawkins,1651692013321
7564,Ja'Marr Chase,WR,WR,CIN,True,Active,,,15183,,22564,,,,,,LWR,1,1,5,LSU,jamarrchase,chase,1769632222364
7565,Terrace Marshall,WR,WR,MIA,True,Active,,,15214,,22685,,,,,,SWR,7,85,5,LSU,terracemarshall,marshall,1770243326277
7566,Player Invalid,WR,WR,,False,Inactive,,,,,,,,,,,,,,0,,playerinvalid,invalid,
7567,Kenneth Gainwell,RB,RB,PIT,True,Active,,,15222,,22562,,,,,,RB,3,14,5,Memphis,kennethgainwell,gainwell,1769963129789
7568,Brevin Jordan,TE,TE,HOU,True,Inactive,,,15369,,22506,,IR,Knee,,,TE,4,9,5,Miami (FL),brevinjordan,jordan,1765248338733
7569,Nico Collins,WR,WR,HOU,True,Active,,,15200,,21756,,Questionable,Concussion,,,LWR,1,12,5,Michigan,nicocollins,collins,1769711409234
7570,Player Invalid,WR,WR,,False,Inactive,,,,,,,,,,,,,,0,,playerinvalid,invalid,1691982903072
7571,Rashod Bateman,WR,WR,BAL,True,Active,,,15210,,22623,,Questionable,Illness,,,RWR,2,7,5,Minnesota,rashodbateman,bateman,1767573005503
7572,Kylin Hill,RB,RB,,True,Active,,,14379,,,,,,,,,,32,1,Mississippi State,kylinhill,hill,1692825044155
7573,Damon Hazelton,WR,WR,,True,Active,,,15341,,,,,,,,,,86,1,Missouri,damonhazelton,hazelton,1654032943764
7574,Larry Rountree,RB,RB,,True,Active,,,15432,,,,,,,,,,30,2,Missouri,larryrountree,rountree,1694541022349
7576,Sage Surratt,TE,TE,,True,Active,,,15174,,,,Questionable,Ankle,,,,,47,3,Wake Forest,sagesurratt,surratt,1725314745424
7578,Myron Mitchell,WR,WR,,True,Active,,,15295,,,,,,,,,,87,1,UAB,myronmitchell,mitchell,1661792747411
7579,Austin Watkins,WR,WR,,True,Active,,,15434,,,,,,,,,,41,3,UAB,austinwatkins,watkins,1724703644508
758,Shayne Graham,K,K,,False,Inactive,3504,5854,2448,,12489,,,,,,,,17,20,Virginia Tech,shaynegraham,graham,
7580,Khalil McClain,WR,WR,,True,Active,,,15726,,,,,,,,,,0,1,Troy,khalilmcclain,mcclain,1629149443462
7581,Kellen Mond,QB,QB,,True,Active,,,15470,,,,,,,,,,2,3,Texas A&M,kellenmond,mond,1715220016326
7582,Jhamon Ausbon,WR,WR,,True,Active,,,15576,,,,,,,,,,48,1,Texas A&M,jhamonausbon,ausbon,1629687049340
7583,Sam Ehlinger,QB,QB,DEN,True,Active,,,15328,,21815,,,,,,QB,3,4,5,Texas,samehlinger,ehlinger,1768683019355
7584,Brennan Eagles,WR,WR,,True,Active,,,15572,,,,,,,,,,0,1,Texas,brennaneagles,eagles,1629259548861
7585,Davis Mills,QB,QB,HOU,True,Active,,,15542,,22505,,,,,,QB,2,10,5,Stanford,davismills,mills,1768917342860
7586,Dazz Newsome,WR,WR,,True,Active,,,15560,,,,,,,,,,84,2,North Carolina,dazznewsome,newsome,1692729041230
7587,Dyami Brown,WR,WR,JAX,True,Active,,,15274,,22686,,,,,,RWR,4,5,5,North Carolina,dyamibrown,brown,1768155012764
7588,Javonte Williams,RB,RB,DAL,True,Inactive,,,15306,,22558,,IR,Shoulder,,,RB,1,33,5,North Carolina,javontewilliams,williams,1770058234879
7589,Ian Book,QB,QB,,True,Active,,,15368,,,,,,,,,,13,4,Notre Dame,ianbook,book,1736453740304
7591,Justin Fields,QB,QB,NYJ,True,Inactive,,,15416,,22492,,IR,Knee,,Soreness,QB,1,7,5,Ohio State,justinfields,fields,1770083751227
7593,Trey Sermon,RB,RB,,True,Active,,,15413,,21801,,,,,,,,37,5,Ohio State,treysermon,sermon,1765994151281
7594,Chuba Hubbard,RB,RB,CAR,True,Active,,,15242,,21691,,,,,,RB,1,30,5,Oklahoma State,chubahubbard,hubbard,1769983531492
7595,Tylan Wallace,WR,WR,BAL,True,Active,,,15310,,22604,,,,,,RWR,5,16,5,Oklahoma State,tylanwallace,wallace,1768235435583
7596,Elijah Moore,WR,WR,,True,Active,,,15280,,22592,,,,,,,,81,5,Ole Miss,elijahmoore,moore,1769476835434
7597,Kenny Yeboah,TE,TE,,True,Inactive,,,15339,,22514,,Questionable,Knee,,,,,88,4,Ole Miss,kennyyeboah,yeboah,1762498505780
7599,Jermar Jefferson,RB,RB,,True,Active,,,15296,,22555,,,,,,,,43,5,Oregon State,jermarjefferson,jefferson,1764783956564
7600,Pat Freiermuth,TE,TE,PIT,True,Active,,,15267,,22507,,,,,,TE,2,88,5,Penn State,patfreiermuth,freiermuth,1768261240551
7601,Rondale Moore,WR,WR,MIN,True,Inactive,,,15514,,22626,,IR,Knee,,,SWR,5,4,5,Purdue,rondalemoore,moore,1755030921135
7602,Kylen Granson,TE,TE,PHI,True,Active,,,15245,,22823,,,,,,TE,3,83,5,SMU,kylengranson,granson,1768272613285
7603,Shi Smith,WR,WR,,True,Active,,,15226,,,,Sus,Suspension,,,,,80,3,South Carolina,shismith,smith,1728519335422
7604,Tamorrion Terry,WR,WR,,False,Inactive,,,15217,,,,,,,,,,83,0,Florida State,tamorrionterry,terry,1625153161182
7605,Kyle Trask,QB,QB,,True,Active,,,15335,,22494,,,,,,,,16,5,Florida,kyletrask,trask,1763574652468
7606,Kadarius Toney,WR,WR,,True,Active,,,15336,,,,,,,,,,87,3,Florida,kadariustoney,toney,1739399431162
7607,Michael Carter,RB,RB,ARI,True,Active,,,15273,,22553,,,,,,RB,5,22,5,North Carolina,michaelcarter,carter,1767796819591
7608,Khalil Herbert,RB,RB,NYJ,True,Active,,,15281,,22563,,,,,,RB,4,31,5,Virginia Tech,khalilherbert,herbert,1767577205070
7609,Demetric Felton,RB,RB,,True,Active,,,15266,,,,,,,,,,25,4,UCLA,demetricfelton,felton,1756234209142
761,Brian St Pierre,QB,QB,,False,Inactive,,,,,12498,,,,,,,,6,8,Boston College,brianstpierre,stpierre,
7610,Trey Lance,QB,QB,LAC,True,Active,,,15198,,22493,,,,,,QB,2,5,5,North Dakota State,treylance,lance,1767628811015
7611,Rhamondre Stevenson,RB,RB,NE,True,Active,,,15372,,22546,,,,,,RB,1,38,5,Oklahoma,rhamondrestevenson,stevenson,1769444104875
7612,Dee Eskridge,WR,WR,MIA,True,Inactive,,,15461,,22569,,IR,Toe,,,SWR,5,82,5,Western Michigan,deeeskridge,eskridge,1766873104045
7613,Jonathan Adams,WR,WR,,True,Active,,,15251,,,,,,,,,,82,1,Arkansas State,jonathanadams,adams,1624427703806
7614,Darius Clark,RB,RB,,True,Active,,,15535,,,,Questionable,Knee,,,,,0,1,Newberry,dariusclark,clark,1631031954828
7616,Kai Locksley,WR,WR,,True,Active,,,15536,,,,,,,,,,0,1,Texas-El Paso,kailocksley,locksley,
7617,Matt Ammendola,K,K,,True,Active,,,15543,,,,,,,,,,16,2,Oklahoma State,mattammendola,ammendola,1702418738467
7618,Micah Simon,WR,WR,CAR,True,Active,,,15544,,,,,,,,,,81,1,Brigham Young,micahsimon,simon,1629420311214
7619,Mathew Sexton,WR,WR,,True,Active,,,15546,,,,,,,,,,87,3,Eastern Michigan,mathewsexton,sexton,1718750442705
762,James Starks,RB,RB,,False,Inactive,13214,24169,6487,5823,12506,,,,,,,,44,10,Buffalo,jamesstarks,starks,
7622,Sammis Reyes,TE,TE,,True,Active,,,15586,,,,,,,,,,35,4,Loyola (NO),sammisreyes,reyes,1724887205956
7623,Darece Roberson,WR,WR,,True,Active,,,15606,,,,,,,,,,0,1,Wright State,dareceroberson,roberson,1630456253513
7624,Carson Williams,TE,TE,,True,Inactive,,,15615,,,,,,,,,,86,1,Western Kentucky,carsonwilliams,williams,1622758243993
763,Shaun Suisham,K,K,,False,Inactive,9361,7527,4694,,12508,,,,,,,,6,12,Bowling Green,shaunsuisham,suisham,
764,Derek Hagan,WR,WR,,False,Inactive,9668,,,,12513,,,,,,,,80,8,Arizona State,derekhagan,hagan,
7670,Joshua Palmer,WR,WR,BUF,True,Inactive,,,15447,,22613,,Out,Ankle,,,LWR,3,5,5,Tennessee,joshuapalmer,palmer,1768151112383
768,Scott Chandler,TE,TE,,False,Inactive,10572,8383,5303,4257,12548,,,,,,,,88,13,Iowa,scottchandler,chandler,
769,Jordan Norwood,WR,WR,,False,Inactive,12587,9705,6375,,12551,,,,,,,,11,11,Penn State,jordannorwood,norwood,
7694,Tommy Tremble,TE,TE,CAR,True,Active,,,15371,,22662,,,,,,TE,2,82,5,Notre Dame,tommytremble,tremble,1768251039737
7703,Jacob Harris,WR,WR,,True,Active,,,15322,,,,,,,,,,30,4,UCF,jacobharris,harris,1756056047924
7713,Jaelon Darden,WR,WR,,True,Active,,,15240,,,,,,,,,,1,4,North Texas,jaelondarden,darden,1741844718963
7716,John Bates,TE,TE,WAS,True,Active,,,15289,,22657,,,,,,TE,3,87,5,Boise State,johnbates,bates,1767579605643
7720,Kene Nwangwu,RB,RB,NYJ,True,Active,,,15579,,22676,,,,,,RB,6,34,5,Iowa State,kenenwangwu,nwangwu,1767819608838
7729,Dez Fitzpatrick,WR,WR,,True,Inactive,,,15466,,,,Questionable,Undisclosed,,,,,87,4,Louisville,dezfitzpatrick,fitzpatrick,1755823531409
7733,Josh Pederson,TE,TE,,True,Inactive,,,15767,,,,Questionable,Ankle,,,,,87,3,Louisiana-Monroe,joshpederson,pederson,1723243553890
7734,Bruno Labelle,TE,TE,,True,Active,,,15715,,,,Questionable,Undisclosed,,,,,0,1,Cincinnati,brunolabelle,labelle,1631663105768
7735,Cary Angeline,TE,TE,,True,Active,,,15618,,,,,,,,,,0,1,North Carolina State,caryangeline,angeline,1630299627810
7741,Caleb Huntley,RB,RB,,True,Active,,,15239,,,,,,,,,,42,2,Ball State,calebhuntley,huntley,1703034057314
7744,Antonio Nunn,WR,WR,,True,Active,,,15578,,,,,,,,,,0,1,Buffalo,antonionunn,nunn,1630459853869
7746,Austin Trammell,WR,WR,JAX,True,Active,,,15663,,22973,,,,,,SWR,8,81,5,Rice,austintrammell,trammell,1768269625591
775,Stephen Hauschka,K,K,,True,Injured Reserve,11923,9066,5935,5030,12594,00-0025944,,,,,,,0,14,North Carolina State,stephenhauschka,hauschka,1607128217024
7751,Dax Milne,WR,WR,,True,Active,,,15569,,,,,,,,,,12,4,BYU,daxmilne,milne,1747072235189
7752,Kawaan Baker,WR,WR,,True,Active,,,15573,,,,,,,,,,17,4,South Alabama,kawaanbaker,baker,1756165806574
7757,Ben Skowronek,WR,WR,PIT,True,Active,,,15467,,22590,,,,,,LWR,6,15,5,Notre Dame,benskowronek,skowronek,1768190431934
7771,Jake Funk,RB,RB,,True,Active,,,15285,,,,,,,,,,36,3,Maryland,jakefunk,funk,1730846412788
7789,Jalen Camp,WR,WR,,True,Active,,,15248,,,,,,,,,,84,3,Georgia Tech,jalencamp,camp,1723010719908
7793,Racey McMath,WR,WR,,True,Active,,,15454,,,,,,,,,,80,3,LSU,raceymcmath,mcmath,1724808659455
7794,Chris Evans,RB,RB,,True,Active,,,15304,,,,,,,,,,25,4,Michigan,chrisevans,evans,1746431406775
78,Ahmad Bradshaw,RB,RB,,False,Inactive,10693,8504,5267,4305,2220,,,,,,,,44,13,Marshall,ahmadbradshaw,bradshaw,
7808,Ben Mason,TE,TE,,True,Active,,,15469,,,,Questionable,Undisclosed,,,,,44,3,Michigan,benmason,mason,1723592106159
7809,Avery Williams,RB,RB,,True,Active,,,15294,,22925,,,,,,,,39,4,Boise State,averywilliams,williams,1760476832831
7812,Simi Fehoko,WR,WR,ARI,True,Inactive,,,15559,,22645,,IR,Wrist,,,RWR,7,80,5,Stanford,simifehoko,fehoko,1762994133767
782,Will Tukuafu,RB,RB,,False,Inactive,13913,24735,7807,,12649,,,,,,,,46,10,Oregon,willtukuafu,tukuafu,
7828,Noah Gray,TE,TE,KC,True,Active,,,15459,,21785,,,,,,TE,2,83,5,Duke,noahgray,gray,1767740114609
7839,Evan McPherson,K,K,CIN,True,Active,,,15383,,22908,,,,,,K,1,2,5,Florida,evanmcpherson,mcpherson,1767753016347
7842,Luke Farrell,TE,TE,SF,True,Active,,,15566,,21795,,,,,,TE,2,89,5,Ohio State,lukefarrell,farrell,1767838546979
7848,Scooter Harrington,TE,TE,,True,Active,,,15722,,,,,,,,,,0,1,Stanford,scooterharrington,harrington,1630472755798
7852,Tory Carter,RB,RB,,True,Active,,,15562,,,,,,,,,,44,1,LSU,torycarter,carter,1670365206702
7854,Miller Forristall,TE,TE,,True,Active,,,15539,,,,Questionable,Undisclosed,,,,,82,3,Alabama,millerforristall,forristall,1731712805639
7855,Blake Haubeil,K,K,,True,Active,,,15401,,,,,,,,,,0,1,Ohio State,blakehaubeil,haubeil,1641341729481
7858,Brenden Knox,RB,RB,,True,Active,,,15299,,,,,,,,,,34,1,Marshall,brendenknox,knox,1652217331784
7859,Nick Eubanks,TE,TE,,True,Active,,,15563,,,,,,,,,,47,2,Michigan,nickeubanks,eubanks,1693160122271
7860,Osirus Mitchell,WR,WR,,True,Active,,,15577,,,,Questionable,Quadriceps,,,,,82,1,Mississippi State,osirusmitchell,mitchell,1663622423903
7862,T.J. Vasher,WR,WR,,True,Active,,,15244,,,,,,,,,,16,1,Texas Tech,tjvasher,vasher,1661730315770
7863,JaQuan Hardy,RB,RB,,True,Active,,,15660,,,,,,,,,,45,1,Tiffin,jaquanhardy,hardy,1661794846826
7864,Artayvious Lynn,TE,TE,,True,Active,,,15326,,,,,,,,,,0,1,TCU,artayviouslynn,lynn,1630447252274
7865,Brandon Smith,WR,WR,PIT,True,Active,,,15307,,22637,,,,,,SWR,,80,5,Iowa,brandonsmith,smith,1768541417272
7867,Spencer Brown,RB,RB,,True,Active,,,15580,,,,,,,,,,42,3,UAB,spencerbrown,brown,1724893206864
7868,Mason Stokke,RB,RB,CAR,True,Active,,,15646,,,,,,,,,,40,1,Wisconsin,masonstokke,stokke,1620002436980
7874,Jeremiah Haydel,WR,WR,,True,Active,,,15282,,,,,,,,,,0,1,Texas State,jeremiahhaydel,haydel,1630351536550
788,Dion Lewis,RB,RB,,True,Injured Reserve,14198,24936,7364,6483,12708,00-0028087,,,,,,,0,11,Pittsburgh,dionlewis,lewis,1628866223071
7885,Bailey Gaither,WR,WR,,True,Active,,,15538,,,,,,,,,,0,2,San Jose State,baileygaither,gaither,1665435920234
7890,Javon McKinley,WR,WR,,True,Inactive,,,15575,,,,,,,,,,0,1,Notre Dame,javonmckinley,mckinley,1668463863058
7891,Brock Wright,TE,TE,DET,True,Inactive,,,15681,,23010,,IR,Neck,,,TE,2,89,5,Notre Dame,brockwright,wright,1764919226298
7893,Dedrick Mills,RB,RB,,True,Active,,,15417,,,,,,,,,,0,1,Nebraska,dedrickmills,mills,1630443652148
7897,Roland Rivers,QB,QB,,True,Inactive,,,,,,,,,,,,,0,1,Slippery Rock,rolandrivers,rivers,
7899,Isaiah McKoy,WR,WR,,True,Active,,,15257,,,,,,,,,,0,1,Kent State,isaiahmckoy,mckoy,1638821156018
7901,Rico Bussey,WR,WR,,True,Active,,,15574,,,,,,,,,,84,1,Hawaii,ricobussey,bussey,1652742644567
7903,Briley Moore,TE,TE,,True,Active,,,15561,,,,,,,,,,82,1,Kansas State,brileymoore,moore,1660767354564
7904,Stevie Scott,RB,RB,,True,Active,,,15394,,,,,,,,,,49,2,Indiana,steviescott,scott,1693351504247
7905,Dylan Soehner,TE,TE,,True,Active,,,15565,,,,Questionable,Undisclosed,,,,,89,1,Iowa State,dylansoehner,soehner,1670369106944
7915,Landen Akers,WR,WR,,True,Active,,,15731,,,,,,,,,,84,1,Iowa State,landenakers,akers,1661899852395
7918,A.J. Rose,RB,RB,,True,Active,,,15350,,,,,,,,,,24,1,Kentucky,ajrose,rose,1661021115529
7922,Riley Patterson,K,K,MIA,True,Active,,,15512,,22863,,,,,,K,2,47,5,Memphis,rileypatterson,patterson,1767721812684
7926,Carl Tucker,TE,TE,,True,Active,,,15412,,,,,,,,,,0,1,Alabama,carltucker,tucker,1631568053348
7933,Alex Kessman,K,K,CAR,True,Active,,,15534,,,,,,,,,,19,1,Pittsburgh,alexkessman,kessman,1640634949942
7935,Eli Stove,WR,WR,,True,Inactive,,,,,,,,,,,,,0,1,Auburn,elistove,stove,
7938,Hunter Kampmoyer,TE,TE,,True,Active,,,15765,,,,,,,,,,84,3,Oregon,hunterkampmoyer,kampmoyer,1724801157061
794,Kamar Aiken,WR,WR,,False,Inactive,14583,25379,8000,7097,12722,00-0028497,,,,,,,81,11,Central Florida,kamaraiken,aiken,1539960304942
7941,Nick Ralston,RB,RB,,True,Active,,,15661,,,,,,,,,,46,1,Louisiana,nickralston,ralston,1659023126918
7943,Zach Davidson,TE,TE,,True,Active,,,15567,,22667,,,,,,,,39,5,Central Missouri,zachdavidson,davidson,1767058528845
7944,Michael Strachan,WR,WR,,True,Active,,,15570,,,,,,,,,,84,4,Charleston,michaelstrachan,strachan,1755195643451
7946,Jack Stoll,TE,TE,NO,True,Inactive,,,15510,,22661,,IR,Knee,,,TE,4,88,5,Nebraska,jackstoll,stoll,1767385239705
7949,Trevon Grimes,WR,WR,,True,Inactive,,,15337,,,,Questionable,Undisclosed,,,,,47,1,Florida,trevongrimes,grimes,1624426803708
7951,B.J. Emmons,RB,RB,,True,Active,,,15520,,,,,,,,,,44,1,Florida Atlantic,bjemmons,emmons,1660600803553
7954,Connor Wedington,WR,WR,,True,Active,,,15356,,,,,,,,,,81,2,Stanford,connorwedington,wedington,1681758346182
7956,Cade Johnson,WR,WR,,True,Active,,,15427,,,,,,,,,,88,3,South Dakota State,cadejohnson,johnson,1693446020376
7960,T.J. Simmons,WR,WR,,True,Active,,,15720,,,,,,,,,,83,1,West Virginia,tjsimmons,simmons,1629655539275
7961,Jose Borregales,K,K,,True,Active,,,15617,,,,,,,,,,19,1,Miami (FL),joseborregales,borregales,1661878524044
7972,Tony Poljan,TE,TE,,True,Active,,,15506,,,,,,,,,,83,1,Virginia,tonypoljan,poljan,1641865529499
7978,Tre Walker,WR,WR,,True,Inactive,,,15425,,,,,,,,,,0,1,San Jose State,trewalker,walker,1622064605734
7980,John Raine,TE,TE,,True,Active,,,15662,,,,,,,,,,41,2,Northwestern,johnraine,raine,1684187745224
7983,Collin Hill,QB,QB,,True,Inactive,,,,,,,,,,,,,0,1,South Carolina,collinhill,hill,
7985,Pro Wells,TE,TE,,True,Active,,,15250,,,,,,,,,,88,1,TCU,prowells,wells,1629083137161
7988,Riley Lees,WR,WR,,True,Active,,,15655,,,,,,,,,,12,1,Northwestern,rileylees,lees,1629218145672
7989,DJ Turner,WR,WR,,True,Active,,,15533,,22644,,,,,,,,19,5,Pittsburgh,djturner,turner,1765247139084
7990,Garrett Groshek,RB,RB,,True,Active,,,15400,,,,,,,,,,0,1,Wisconsin,garrettgroshek,groshek,1637707843320
7992,Matt Bushman,TE,TE,,True,Active,,,15203,,,,,,,,,,49,3,BYU,mattbushman,bushman,1694212823478
7993,Trey Ragas,RB,RB,,True,Active,,,15463,,,,Questionable,Undisclosed,,,,,25,1,Louisiana,treyragas,ragas,1663877729210
7996,Dillon Stoner,WR,WR,,True,Inactive,,,15333,,,,,,,,,,16,2,Oklahoma State,dillonstoner,stoner,1673921116541
8002,Shane Buechele,QB,QB,,True,Active,,,15262,,21818,,,,,,,,6,5,SMU,shanebuechele,buechele,1767810356008
8005,Tarik Black,WR,WR,,True,Active,,,15519,,,,,,,,,,86,4,Texas,tarikblack,black,1755641143554
8008,Josh Imatorbhebhe,WR,WR,,True,Active,,,15389,,,,,,,,,,0,1,Illinois,joshimatorbhebhe,imatorbhebhe,1635795024579
801,Charles Clay,TE,TE,,True,Active,14145,24961,7424,6681,12751,00-0028112,,,,,,,85,11,Tulsa,charlesclay,clay,1615999520566
8013,Tim Jones,WR,WR,JAX,True,Active,,,15464,,22892,,,,,,SWR,7,13,5,Southern Miss,timjones,jones,1768268725292
8018,Shaun Beyer,TE,TE,,True,Active,,,15564,,,,,,,,,,80,1,Iowa,shaunbeyer,beyer,1666735514850
8019,Devontres Dukes,WR,WR,,True,Active,,,15211,,,,,,,,,,84,1,USF,devontresdukes,dukes,1630083622027
802,Pat Devlin,QB,QB,,False,Inactive,14240,25323,7356,,12752,,,,,,,,3,9,Delaware,patdevlin,devlin,
8021,Branden Mack,WR,WR,,True,Active,,,15521,,,,,,,,,,86,1,Temple,brandenmack,mack,1629827724981
8025,Adam Prentice,RB,RB,DEN,True,Active,,,15744,,23004,,,,,,RB,6,46,5,South Carolina,adamprentice,prentice,1766000151816
8026,Landon Rice,TE,TE,,True,Inactive,,,,,,,,,,,,,0,1,Jacksonville State,landonrice,rice,
8027,Tre Harbison,RB,RB,,True,Active,,,15669,,,,Questionable,Concussion,,,,,37,1,Charlotte,treharbison,harbison,1652628934611
8033,Bernhard Seikovits,TE,TE,,True,Active,,,15684,,,,,,,,,,47,4,AUT,bernhardseikovits,seikovits,1745972435874
8038,Nick Guggemos,TE,TE,,True,Active,,,15691,,,,,,,,,,83,2,St. Thomas,nickguggemos,guggemos,1690319715998
8039,Jibri Blount,TE,TE,,True,Active,,,15692,,,,,,,,,,0,1,North Carolina Central,jibriblount,blount,1627354261911
804,Clyde Gates,WR,WR,,False,Inactive,14209,24898,,,12754,,,,,,,,10,4,Abilene Christian,clydegates,gates,
8040,Quinn Nordin,K,K,,True,Active,,,15537,,,,Questionable,Undisclosed,,,,,13,2,Michigan,quinnnordin,nordin,1676499054007
8041,Shane Zylstra,TE,TE,DET,True,Active,,,15701,,23084,,,,,,TE,3,84,5,Minnesota State,shanezylstra,zylstra,1767646206272
8042,Chris Naggar,K,K,,True,Active,,,15695,,,,,,,,,,19,1,SMU,chrisnaggar,naggar,1652480422480
8051,Josh Johnson,RB,RB,,True,Inactive,,,15581,,,,Questionable,Undisclosed,,,,,34,1,Louisiana-Monroe,joshjohnson,johnson,1662680163253
8052,Donte Sylencieux,WR,WR,,True,Inactive,,,15706,,,,Questionable,Undisclosed,,,,,82,1,Graceland (IA),dontesylencieux,sylencieux,1624427703804
8055,Brian Johnson,K,K,,True,Active,,,15723,,,,,,,,,,16,1,Virginia Tech,brianjohnson,johnson,1655147435697
8056,Jake Verity,K,K,,True,Active,,,15771,,,,,,,,,,15,2,East Carolina,jakeverity,verity,1686174001997
8057,Kenji Bahar,QB,QB,,True,Active,,,15704,,,,,,,,,,0,1,Monmouth,kenjibahar,bahar,1640735703130
8058,Nate McCrary,RB,RB,,True,Active,,,15667,,,,Questionable,Undisclosed,,,,,30,3,Saginaw Valley State,natemccrary,mccrary,1725664216941
806,Daniel Thomas,RB,RB,,False,Inactive,14056,24849,,,12762,,,,,,,,30,4,Kansas State,danielthomas,thomas,1587840343572
8061,Jake Hausmann,TE,TE,,True,Active,,,15680,,,,,,,,,,46,1,Ohio State,jakehausmann,hausmann,1661891450930
8068,C.J. Saunders,WR,WR,,True,Active,,,15775,,,,,,,,,,85,2,Ohio State,cjsaunders,saunders,1697068229137
8070,Travis Toivonen,WR,WR,,True,Active,,,15779,,,,,,,,,,87,1,North Dakota,travistoivonen,toivonen,1664924744591
8074,Matt Seybert,TE,TE,,True,Active,,,15785,,,,,,,,,,41,1,Michigan State,mattseybert,seybert,1629836727949
8076,Michael Bandy,WR,WR,,True,Active,,,15786,,23099,,,,,,,,83,5,San Diego,michaelbandy,bandy,1769476535349
8077,Otis Anderson,RB,RB,,True,Active,,,15323,,,,,,,,,,0,1,Central Florida,otisanderson,anderson,1632183912371
8079,Craig Stevens,TE,TE,,False,Inactive,11319,8862,5777,4864,3,,,,,,,,88,12,California,craigstevens,stevens,
8085,Mekhi Sargent,RB,RB,,True,Active,,,15367,,,,,,,,,,36,2,Iowa,mekhisargent,sargent,1680551112418
8087,K.J. Costello,QB,QB,,True,Active,,,15703,,,,,,,,,,19,1,Mississippi State,kjcostello,costello,1661106920597
8088,Kalif Jackson,TE,TE,MIA,True,Active,,,15788,,,,,,,,,,60,1,Grambling State,kalifjackson,jackson,
8089,Sal Cannella,TE,TE,CLE,True,Active,,,14760,,23105,,,,,,TE,4,87,3,Auburn,salcannella,cannella,1767685510862
8090,Daniel Crawford,TE,TE,,True,Active,,,15789,,,,,,,,,,80,1,Northern Illinois,danielcrawford,crawford,1629750054036
8092,Corey Taylor,RB,RB,,True,Active,,,15791,,,,,,,,,,0,1,Tulsa,coreytaylor,taylor,1629473115815
8094,Michael Jacobson,TE,TE,,True,Active,,,15792,,,,,,,,,,86,4,Iowa State,michaeljacobson,jacobson,1756226409071
8095,Graham Adomitis,TE,TE,,True,Active,,,15793,,,,,,,,,,0,1,Princeton,grahamadomitis,adomitis,1629223546106
8099,DeMichael Harris-DUP,WR,WR,,False,Active,,,,,,,,,,,,,0,2,Southern Mississippi,demichaelharrisdup,harrisdup,
810,Ryan Mallett,QB,QB,,False,Inactive,14037,24861,7243,6470,12771,,,,,,,,15,9,Arkansas,ryanmallett,mallett,1515535201888
8101,Mark Vital,TE,TE,,True,Active,,,15798,,,,,,,,,,80,1,Baylor,markvital,vital,1659044431915
8102,DeShon Williams,TE,TE,,True,Active,,,,,,,,,,,,,0,1,Washington,deshonwilliams,williams,
8103,Ryan Willis,QB,QB,,True,Active,,,15812,,,,,,,,,,14,1,Virginia Tech,ryanwillis,willis,1654805552663
8105,Brayden Lenius,TE,TE,,True,Active,,,15840,,,,,,,,,,81,1,New Mexico,braydenlenius,lenius,1659040231348
8107,Nikola Kalinic,TE,TE,CHI,True,Active,,,15869,,23415,,,,,,TE,,86,4,York (CAN),nikolakalinic,kalinic,1768956610721
8108,DeVonte Dedmon,WR,WR,,True,Active,,,15870,,,,,,,,,,83,1,William & Mary,devontededmon,dedmon,1660661742003
811,Stevan Ridley,RB,RB,,False,Inactive,14028,24860,7361,6487,12774,00-0028011,,,,,,,22,11,Louisiana State,stevanridley,ridley,1546397118514
8110,Jake Ferguson,TE,TE,DAL,True,Active,,,15947,,23138,,,,,,TE,1,87,4,Wisconsin,jakeferguson,ferguson,1769719208492
8111,Cade Otton,TE,TE,TB,True,Active,,,16032,,23134,,,,,,TE,1,88,4,Washington,cadeotton,otton,1767593407173
8112,Drake London,WR,WR,ATL,True,Active,,,15868,,23151,,,,,,LWR,1,5,4,USC,drakelondon,london,1767636611750
8113,Player Invalid,RB,RB,,False,Inactive,,,,,,,,,,,,,,0,,playerinvalid,invalid,
8114,Erik Ezukanma,WR,WR,,True,Active,,,15815,,23325,,,,,,,,89,3,Texas Tech,erikezukanma,ezukanma,1759867858654
8115,Jalen Wydermyer,TE,TE,,True,Active,,,15925,,,,,,,,,,49,1,Texas A&M,jalenwydermyer,wydermyer,1683216311559
8116,Pierre Strong,RB,RB,GB,True,Active,,,16102,,23218,,,,,,RB,6,22,4,South Dakota State,pierrestrong,strong,1769063444146
8117,Jalen Tolbert,WR,WR,DAL,True,Active,,,16010,,22597,,,,,,SWR,3,1,4,South Alabama,jalentolbert,tolbert,1768246236749
8118,David Bell,WR,WR,,True,Active,,,15803,,23148,,NA,Hip,,Surgery,,,18,3,Purdue,davidbell,bell,1760483739678
8119,Jahan Dotson,WR,WR,PHI,True,Active,,,15850,,23155,,,,,,SWR,3,2,4,Penn State,jahandotson,dotson,1768271713379
812,Lee Smith,TE,TE,ATL,True,Active,14215,24946,7425,6665,12777,00-0028097,,,,,,,85,11,Marshall,leesmith,smith,1643165135105
8120,Jerrion Ealy,RB,RB,,True,Active,,,15987,,,,,,,,,,39,1,Ole Miss,jerrionealy,ealy,1693352703668
8121,Romeo Doubs,WR,WR,GB,True,Active,,,16027,,23167,,,,,,RWR,3,87,4,Nevada,romeodoubs,doubs,1769629822022
8122,Zonovan Knight,RB,RB,ARI,True,Inactive,,,16105,,23847,,IR,Ankle,,Sprain,RB,4,20,4,North Carolina State,zonovanknight,knight,1765989052314
8123,Hassan Haskins,RB,RB,LAC,True,Active,,,15992,,23273,,,,,,RB,3,28,4,Michigan,hassanhaskins,haskins,1768362659972
8124,Player Invalid,TE,TE,,False,Inactive,,,,,,,,,,,,,,0,,playerinvalid,invalid,1690825249841
8125,Calvin Austin,WR,WR,PIT,True,Active,,,15874,,22566,,,,,,SWR,2,19,4,Memphis,calvinaustin,austin,1768281015026
8126,Wan'Dale Robinson,WR,WR,NYG,True,Inactive,,,15838,,23170,,IR,Ribs,,,RWR,2,17,4,Kentucky,wandalerobinson,robinson,1770048938338
8127,Charlie Kolar,TE,TE,BAL,True,Active,,,15924,,23135,,,,,,TE,3,88,4,Iowa State,charliekolar,kolar,1767976258243
8128,Player Invalid,TE,TE,,False,Inactive,,,,,,,,,,,,,,0,,playerinvalid,invalid,
8129,Dameon Pierce,RB,RB,KC,True,Active,,,15875,,23223,,,,,,RB,3,25,4,Florida,dameonpierce,pierce,1767738914456
8130,Trey McBride,TE,TE,ARI,True,Active,,,15902,,23251,,,,,,TE,1,85,4,Colorado State,treymcbride,mcbride,1767578105202
8131,Isaiah Likely,TE,TE,BAL,True,Active,,,16033,,23256,,,,,,TE,2,80,4,Coastal Carolina,isaiahlikely,likely,1767973558044
8132,Tyler Allgeier,RB,RB,ATL,True,Active,,,15976,,23250,,,,,,RB,2,25,4,BYU,tylerallgeier,allgeier,1767636611760
8133,Player Invalid,WR,WR,,False,Inactive,,,,,,,,,,,,,,0,,playerinvalid,invalid,1682650209640
8134,Khalil Shakir,WR,WR,BUF,True,Active,,,15892,,23227,,,,,,SWR,2,10,4,Boise State,khalilshakir,shakir,1768704621436
8135,Treylon Burks,WR,WR,WAS,True,Active,,,15896,,23119,,,,,,RWR,7,13,4,Arkansas,treylonburks,burks,1767643206172
8136,Rachaad White,RB,RB,TB,True,Active,,,15802,,23217,,,,,,RB,2,1,4,Arizona State,rachaadwhite,white,1769716808843
8137,George Pickens,WR,WR,DAL,True,Active,,,15853,,23153,,,,,,RWR,2,3,4,Georgia,georgepickens,pickens,1770165008944
8138,James Cook,RB,RB,BUF,True,Active,,,15876,,23247,,,,,,RB,1,4,4,Georgia,jamescook,cook,1768702221137
8139,Zamir White,RB,RB,LV,True,Active,,,15852,,22539,,,,,,RB,3,3,4,Georgia,zamirwhite,white,1767993060161
814,Shane Vereen,RB,RB,,False,Injured Reserve,14017,24843,7250,6445,12780,00-0027994,,,,,,,35,9,California,shanevereen,vereen,1536283502186
8140,Justyn Ross,WR,WR,,True,Active,,,15910,,,,,,,,,,82,3,Clemson,justynross,ross,1755035447238
8141,Player Invalid,WR,WR,,False,Inactive,,,,,,,,,,,,,,0,,playerinvalid,invalid,1691693422253
8142,Alec Pierce,WR,WR,IND,True,Active,,,16022,,23232,,,,,,RWR,3,14,4,Cincinnati,alecpierce,pierce,1767597907675
8143,Jerome Ford,RB,RB,CLE,True,Inactive,,,15989,,23205,,IR,Shoulder,,,RB,2,34,4,Cincinnati,jeromeford,ford,1765318254889
8144,Chris Olave,WR,WR,NO,True,Active,,,15895,,22565,,Questionable,Illness,,,SWR,1,12,4,Ohio State,chrisolave,olave,1769742324785
8145,Jeremy Ruckert,TE,TE,NYJ,True,Active,,,15996,,22521,,,,,,TE,2,89,4,Ohio State,jeremyruckert,ruckert,1767821744786
8146,Garrett Wilson,WR,WR,NYJ,True,Inactive,,,15829,,23122,,IR,Knee,,Sprain,LWR,1,5,4,Ohio State,garrettwilson,wilson,1769874022796
8147,John Metchie,WR,WR,NYJ,True,Active,,,16069,,23160,,,,,,RWR,5,3,4,Alabama,johnmetchie,metchie,1767820208838
8148,Jameson Williams,WR,WR,DET,True,Active,,,15849,,23234,,,,,,RWR,2,1,4,Alabama,jamesonwilliams,williams,1769715608204
8149,Master Teague,RB,RB,,True,Active,,,16000,,,,,,,,,,33,2,Ohio State,masterteague,teague,1684770902593
8150,Kyren Williams,RB,RB,LAR,True,Active,,,15807,,23212,,,,,,RB,1,23,4,Notre Dame,kyrenwilliams,williams,1770257451514
8151,Kenneth Walker,RB,RB,SEA,True,Active,,,15909,,23214,,,,,,RB,1,9,4,Michigan State,kennethwalker,walker,1769451333249
8152,Kennedy Brooks,RB,RB,,True,Active,,,15978,,,,,,,,,,34,1,Oklahoma,kennedybrooks,brooks,1693347910320
8153,Isaiah Spiller,RB,RB,,True,Active,,,15908,,,,,,,,,,35,3,Texas A&M,isaiahspiller,spiller,1745616019609
8154,Brian Robinson,RB,RB,SF,True,Active,,,15907,,23190,,,,,,RB,2,3,4,Alabama,brianrobinson,robinson,1768850435834
8155,Breece Hall,RB,RB,NYJ,True,Active,,,15810,,22526,,Questionable,Knee,,,RB,1,20,4,Iowa State,breecehall,hall,1769962829783
8156,Player Invalid,QB,QB,,False,Inactive,,,,,,,,,,,,,,0,,playerinvalid,invalid,
8157,Bailey Zappe,QB,QB,NYJ,True,Active,,,15975,,23267,,,,,,QB,4,11,4,Western Kentucky,baileyzappe,zappe,1768253139906
8158,Carson Strong,QB,QB,,True,Active,,,15851,,,,,,,,,,0,1,Nevada,carsonstrong,strong,1671578155291
8159,Desmond Ridder,QB,QB,GB,True,Active,,,15928,,22502,,,,,,QB,3,18,4,Cincinnati,desmondridder,ridder,1768089007503
8160,Kenny Pickett,QB,QB,LV,True,Active,,,15841,,22501,,,,,,QB,2,15,4,Pittsburgh,kennypickett,pickett,1767591006462
8161,Malik Willis,QB,QB,GB,True,Active,,,15872,,23118,,,,,,QB,2,2,4,Liberty,malikwillis,willis,1770235225462
8162,Sam Howell,QB,QB,PHI,True,Active,,,15825,,23185,,,,,,QB,3,14,4,North Carolina,samhowell,howell,1768163429837
8163,Player Invalid,QB,QB,,False,Inactive,,,,,,,,,,,,,,0,,playerinvalid,invalid,1694373041571
8164,Matt Corral,QB,QB,,True,Active,,,15865,,,,,,,,,,17,2,Ole Miss,mattcorral,corral,1724697944431
8166,Dontario Drummond,WR,WR,,True,Active,,,16021,,,,,,,,,,19,1,Ole Miss,dontariodrummond,drummond,1693353904353
8167,Christian Watson,WR,WR,GB,True,Active,,,15946,,23395,,,,,,LWR,5,9,4,North Dakota State,christianwatson,watson,1769635222758
8168,Skyy Moore,WR,WR,SF,True,Active,,,16005,,23168,,,,,,SWR,6,9,4,Western Michigan,skyymoore,moore,1767925554729
8169,Tre Turner,WR,WR,,True,Active,,,15822,,,,,,,,,,0,1,Virginia Tech,treturner,turner,1652751045236
817,Jeremy Kerley,WR,WR,,False,Inactive,14151,24940,7392,6551,12794,00-0028091,,,,,,,10,11,Texas Christian,jeremykerley,kerley,1538001302423
8170,James Mitchell,TE,TE,CAR,True,Active,,,16035,,22524,,,,,,TE,4,85,4,Virginia Tech,jamesmitchell,mitchell,1767830746110
8171,Kyle Philips,WR,WR,,True,Active,,,15830,,,,,,,,,,15,3,UCLA,kylephilips,philips,1754287812627
8172,Greg Dulcich,TE,TE,MIA,True,Active,,,15891,,23310,,,,,,TE,3,85,4,UCLA,gregdulcich,dulcich,1767637811957
8173,ZaQuandre White,RB,RB,,True,Active,,,15801,,,,,,,,,,0,1,South Carolina,zaquandrewhite,white,1666041635061
8174,Kevin Harris,RB,RB,,True,Active,,,15991,,,,,,,,,,34,3,South Carolina,kevinharris,harris,1756248620594
8175,Reggie Roberson,WR,WR,,True,Active,,,16024,,,,,,,,,,80,1,SMU,reggieroberson,roberson,1693357205843
8176,Danny Gray,WR,WR,PHI,True,Active,,,15804,,23573,,,,,,SWR,7,82,4,SMU,dannygray,gray,1769195122694
8177,Grant Calcaterra,TE,TE,PHI,True,Active,,,16039,,23486,,,,,,TE,2,81,4,SMU,grantcalcaterra,calcaterra,1767995459854
8178,Braylon Sanders,WR,WR,,True,Active,,,16013,,,,,,,,,,80,3,Ole Miss,braylonsanders,sanders,1756197006340
8179,Snoop Conner,RB,RB,,True,Active,,,15897,,,,,,,,,,32,2,Ole Miss,snoopconner,conner,1724807160239
818,Bilal Powell,RB,RB,,True,Active,14129,24913,7367,6594,12800,00-0028064,,,,,,,29,11,Louisville,bilalpowell,powell,1651004101377
8180,Jalen Nailor,WR,WR,MIN,True,Active,,,16025,,23368,,,,,,SWR,3,1,4,Michigan State,jalennailor,nailor,1767746715118
8181,Connor Heyward,TE,TE,PIT,True,Active,,,15916,,23487,,,,,,TE,4,83,4,Michigan State,connorheyward,heyward,1768190731944
8182,Chase Allen,TE,TE,,True,Active,,,,,,,,,,,,,87,1,Iowa State,chaseallen,allen,
8183,Brock Purdy,QB,QB,SF,True,Active,,,15834,,23241,,,,,,QB,1,13,4,Iowa State,brockpurdy,purdy,1768856736949
8184,D'Vonte Price,RB,RB,,True,Inactive,,,15981,,,,,,,,,,27,1,Florida International,dvonteprice,price,1673920516567
8185,Johnny Johnson,WR,WR,,True,Inactive,,,16031,,,,,,,,,,88,3,Oregon,johnnyjohnson,johnson,1765925445509
8186,Devon Williams,WR,WR,,True,Active,,,15842,,,,,,,,,,0,1,Oregon,devonwilliams,williams,1660453854994
8187,CJ Verdell,RB,RB,,True,Active,,,16110,,,,,,,,,,0,1,Oregon,cjverdell,verdell,1661266856339
8188,Tyquan Thornton,WR,WR,KC,True,Inactive,,,15831,,23469,,IR,Concussion,,,RWR,6,80,4,Baylor,tyquanthornton,thornton,1766609131103
8189,Trestan Ebner,RB,RB,,True,Active,,,15988,,,,Questionable,Concussion,,,,,25,1,Baylor,trestanebner,ebner,1693522226180
8190,Abram Smith,RB,RB,,True,Active,,,16109,,,,,,,,,,41,1,Baylor,abramsmith,smith,1693249549283
8191,Slade Bolden,WR,WR,,True,Active,,,16029,,,,,,,,,,89,2,Alabama,sladebolden,bolden,1693429517490
8192,Curtis Hodges,TE,TE,,True,Active,,,16043,,,,Questionable,Undisclosed,,,,,87,2,Arizona State,curtishodges,hodges,1723592706240
8193,E.J. Perry,QB,QB,,True,Active,,,15973,,,,,,,,,,6,2,Brown,ejperry,perry,1725001508195
8194,Jashaun Corbin,RB,RB,,True,Active,,,15980,,23301,,,,,,,,30,3,Florida State,jashauncorbin,corbin,1767130520726
8195,Ronnie Rivers,RB,RB,LAR,True,Active,,,16108,,22547,,,,,,RB,4,20,4,Fresno State,ronnierivers,rivers,1767644706331
8196,Ty Fryfogle,WR,WR,,True,Active,,,15886,,,,,,,,,,13,2,Indiana,tyfryfogle,fryfogle,1693358405616
8197,Peyton Hendershot,TE,TE,,True,Active,,,16041,,,,,,,,,,88,3,Indiana,peytonhendershot,hendershot,1741821016345
8198,Charleston Rambo,WR,WR,,True,Inactive,,,16100,,,,Questionable,Undisclosed,,,,,43,2,Miami (FL),charlestonrambo,rambo,1694557524957
8199,D'Eriq King,QB,QB,,True,Active,,,15971,,,,,,,,,,0,2,Miami (FL),deriqking,king,1669161954097
82,Brandon Jacobs,RB,RB,,False,Inactive,,,4402,,2254,,,,,,,,34,8,Southern Illinois,brandonjacobs,jacobs,1622163912568
8200,Kevin Austin,WR,WR,NO,True,Active,,,16026,,23840,,,,,,RWR,10,81,4,Notre Dame,kevinaustin,austin,1767635411578
8201,Jack Coan,QB,QB,,True,Active,,,15968,,,,,,,,,,0,1,Notre Dame,jackcoan,coan,1661793046960
8202,Michael Woods,WR,WR,,True,Active,,,16030,,23468,,,,,,,,89,3,Oklahoma,michaelwoods,woods,1764720625270
8203,Jeremiah Hall,TE,TE,,True,Active,,,16037,,,,,,,,,,0,1,Oklahoma,jeremiahhall,hall,1660666255788
8204,Bo Melton,WR,WR,GB,True,Inactive,,,15935,,23482,,Out,Knee,,,SWR,6,16,4,Rutgers,bomelton,melton,1768411501807
8205,Isiah Pacheco,RB,RB,KC,True,Active,,,16104,,23371,,,,,,RB,1,10,4,Rutgers,isiahpacheco,pacheco,1770327356187
8206,Skylar Thompson,QB,QB,PIT,True,Inactive,,,15974,,23477,,IR,Hamstring,,,QB,4,17,4,Kansas State,skylarthompson,thompson,1757521238905
8207,Tyler Goodson,RB,RB,IND,True,Active,,,15990,,23341,,,,,,RB,3,31,4,Iowa,tylergoodson,goodson,1767805555538
8208,Tyler Badie,RB,RB,DEN,True,Active,,,15893,,23231,,,,,,RB,4,28,4,Missouri,tylerbadie,badie,1767966957555
8209,Makai Polk,WR,WR,,True,Active,,,16099,,,,,,,,,,83,3,Mississippi State,makaipolk,polk,1753993841258
8210,Chig Okonkwo,TE,TE,TEN,True,Active,,,16042,,23489,,,,,,TE,1,85,4,Maryland,chigokonkwo,okonkwo,1769726109043
8211,Tyrion Davis-Price,RB,RB,,True,Active,,,15986,,,,,,,,,,44,3,LSU,tyriondavisprice,davisprice,1756262722750
8212,Dustin Crum,QB,QB,,True,Active,,,15969,,,,,,,,,,0,1,Kent State,dustincrum,crum,1661632857616
8213,Dai'Jean Dixon,WR,WR,,True,Active,,,15571,,,,,,,,,,0,2,Nicholls State,daijeandixon,dixon,1663105209998
8214,Cole Turner,TE,TE,MIA,True,Active,,,15923,,22515,,,,,,TE,4,86,4,Nevada,coleturner,turner,1767992460376
8215,Austin Allen,TE,TE,,True,Active,,,,,,,,,,,,,49,1,Nebraska,austinallen,allen,
8216,Player Invalid,QB,QB,,False,Inactive,,,,,,,,,,,,,,0,,playerinvalid,invalid,
8217,Leddie Brown,RB,RB,,True,Active,,,15890,,,,,,,,,,0,1,West Virginia,leddiebrown,brown,1661902852444
8218,Max Borghi,RB,RB,,True,Active,,,15900,,,,,,,,,,0,1,Washington State,maxborghi,borghi,1661877623906
8219,Jelani Woods,TE,TE,NYJ,True,Active,,,15821,,23490,,Questionable,Hamstring,,,TE,4,86,4,Virginia,jelaniwoods,woods,1767375638788
822,Tandon Doss,WR,WR,,False,Inactive,14190,24910,,,12816,,,,,,,,17,5,Indiana,tandondoss,doss,
8220,Sincere McCormick,RB,RB,,True,Active,,,16107,,23199,,,,,,,,35,4,UTSA,sinceremccormick,mccormick,1767210025336
8221,Keaontay Ingram,RB,RB,KC,True,Inactive,,,15847,,22560,,IR,Undisclosed,,,RB,5,38,4,USC,keaontayingram,ingram,1747677943945
8222,Josh Johnson,WR,WR,,True,Active,,,,,,,,,,,,,0,2,Tulsa,joshjohnson,johnson,
8223,Velus Jones,RB,RB,SEA,True,Active,,,15846,,23481,,,,,,,,32,4,Tennessee,velusjones,jones,1769478335557
8224,Cole Kelley,QB,QB,,True,Active,,,15972,,,,,,,,,,0,1,Southeastern Louisiana,colekelley,kelley,1659903056236
8225,Daniel Bellinger,TE,TE,NYG,True,Active,,,16036,,23485,,,,,,TE,2,82,4,San Diego State,danielbellinger,bellinger,1767585305879
8226,Greg Bell,RB,RB,,True,Active,,,15977,,,,,,,,,,38,2,San Diego State,gregbell,bell,1696367432262
8227,Teagan Quitoriano,TE,TE,ATL,True,Active,,,16034,,23355,,,,,,TE,2,85,4,Oregon State,teaganquitoriano,quitoriano,1759329360902
8228,Jaylen Warren,RB,RB,PIT,True,Active,,,15984,,23479,,,,,,RB,2,30,4,Oklahoma State,jaylenwarren,warren,1768279513894
8229,Isaiah Weston,WR,WR,,True,Injured Reserve,,,16028,,,,,,,,,,81,1,Northern Iowa,isaiahweston,weston,1685048416914
8230,Ty Chandler,RB,RB,MIN,True,Active,,,15979,,21852,,,,,,RB,3,32,4,North Carolina,tychandler,chandler,1767592206446
8231,Player Invalid,RB,RB,,False,Inactive,,,,,,,,,,,,,,0,,playerinvalid,invalid,
8232,Jaquarii Roberson,WR,WR,,True,Active,,,15823,,,,,,,,,,84,1,Wake Forest,jaquariiroberson,roberson,1678490739852
8233,Mataeo Durant,RB,RB,,True,Active,,,16018,,,,,,,,,,0,1,Duke,mataeodurant,durant,1661285431422
8234,Jaivon Heiligh,WR,WR,,True,Active,,,16207,,,,,,,,,,0,1,Coastal Carolina,jaivonheiligh,heiligh,1661204709252
8235,Samori Toure,WR,WR,NO,True,Active,,,15917,,23634,,,,,,SWR,9,89,4,Nebraska,samoritoure,toure,1767386139904
8236,Jerreth Sterns,WR,WR,,True,Active,,,15813,,,,,,,,,,9,1,Western Kentucky,jerrethsterns,sterns,1678490739852
8237,Player Invalid,RB,RB,,False,Inactive,,,,,,,,,,,,,,0,,playerinvalid,invalid,
8238,Emeka Emezie,WR,WR,,True,Inactive,,,,,,,,,,,,,0,1,North Carolina State,emekaemezie,emezie,
8239,Ricky Person,RB,RB,,True,Active,,,16255,,,,,,,,,,31,1,North Carolina State,rickyperson,person,1755558933865
8240,BJ Baylor,RB,RB,,True,Active,,,15816,,,,,,,,,,36,1,Oregon State,bjbaylor,baylor,1690320916222
8241,Anthony Brown,QB,QB,,True,Active,,,16232,,,,,,,,,,15,3,Oregon,anthonybrown,brown,1737509716304
8242,Shermari Jones,RB,RB,,True,Active,,,16336,,,,,,,,,,0,1,Coastal Carolina,shermarijones,jones,
8243,DeAndre Torrey,RB,RB,,True,Active,,,16643,,,,,,,,,,0,1,North Texas,deandretorrey,torrey,1661288732015
8244,Player Invalid,RB,RB,,False,Inactive,,,,,,,,,,,,,,0,,playerinvalid,invalid,
8245,Derrick Deese,TE,TE,,True,Active,,,16040,,,,,,,,,,86,2,San Jose State,derrickdeese,deese,1690995334260
8246,Bryant Koback,RB,RB,,True,Inactive,,,16240,,,,,,,,,,40,2,Toledo,bryantkoback,koback,1712697006614
8247,Gerrit Prince,TE,TE,,True,Active,,,15888,,,,,,,,,,85,2,UAB,gerritprince,prince,1753154130139
8248,Kalil Pimpleton,WR,WR,,True,Active,,,16168,,,,,,,,,,81,1,Central Michigan,kalilpimpleton,pimpleton,1693322103400
8249,Lucas Krull,TE,TE,DEN,True,Inactive,,,16259,,23650,,IR,Foot,,,TE,4,85,4,Pittsburgh,lucaskrull,krull,1769208337524
8250,Tay Martin,WR,WR,,True,Active,,,15918,,23659,,,,,,,,13,3,Oklahoma State,taymartin,martin,1760714432862
8251,Calvin Jackson,WR,WR,,True,Active,,,15817,,,,,,,,,,9,1,Washington State,calvinjackson,jackson,1672449059967
8252,Travell Harris,WR,WR,,True,Active,,,16526,,,,,,,,,,0,1,Washington State,travellharris,harris,1660758353494
8253,Deven Thompkins,WR,WR,ATL,True,Active,,,16333,,23746,,,,,,SWR,8,83,4,Utah State,deventhompkins,thompkins,1765092042972
8254,Julius Chestnut,RB,RB,TEN,True,Active,,,15921,,23586,,,,,,RB,3,36,4,Sacred Heart,juliuschestnut,chestnut,1767199824613
8255,Raheem Blackshear,RB,RB,,True,Active,,,16355,,23298,,,,,,,,10,4,Virginia Tech,raheemblackshear,blackshear,1767667509407
8256,Player Invalid,TE,TE,,False,Inactive,,,,,,,,,,,,,,0,,playerinvalid,invalid,
8257,Player Invalid,QB,QB,,False,Inactive,,,,,,,,,,,,,,0,,playerinvalid,invalid,
8258,Cade York,K,K,,True,Active,,,16227,,23304,,,,,,,,36,3,LSU,cadeyork,york,1766107201260
8259,Cameron Dicker,K,K,LAC,True,Active,,,16226,,23567,,,,,,K,1,11,4,Texas,camerondicker,dicker,1767747015264
826,Torrey Smith,WR,WR,,False,Injured Reserve,14032,24845,7251,6442,12830,00-0027996,,,,,,,0,11,Maryland,torreysmith,smith,1568391332060
8260,Gabe Brkic,K,K,,True,Active,,,16246,,,,,,,,,,0,1,Oklahoma,gabebrkic,brkic,1674086434401
827,Tyrod Taylor,QB,QB,NYJ,True,Active,14163,24967,7357,6509,12831,00-0028118,Questionable,Knee,,,QB,2,2,15,Virginia Tech,tyrodtaylor,taylor,1767819908818
829,Andy Dalton,QB,QB,CAR,True,Active,14012,24822,7355,6493,12841,00-0027973,,,,,QB,2,14,15,TCU,andydalton,dalton,1770247851066
83,Tim Hightower,RB,RB,,False,Inactive,11383,8926,5785,4901,2262,00-0026289,,,,,,,22,12,Richmond,timhightower,hightower,1528822201316
830,A.J. Green,WR,WR,,True,Active,13983,24791,7241,6438,12845,00-0027942,,,,,,,18,12,Georgia,ajgreen,green,1675728052154
831,Andrew Hawkins,WR,WR,,False,Inactive,13958,24774,7989,6505,12847,,,,,,,,16,9,Toledo,andrewhawkins,hawkins,
832,Ryan Whalen,WR,WR,,False,Inactive,14131,24954,7411,,12857,,,,,,,,81,3,Stanford,ryanwhalen,whalen,
833,Jordan Cameron,TE,TE,,False,Inactive,14189,24889,7426,6572,12861,,,,,,,,84,9,Southern California,jordancameron,cameron,
835,Greg Little,WR,WR,,False,Inactive,14024,24846,7382,,12874,00-0027997,,,,,,,18,9,North Carolina,greglittle,little,1534614303052
8407,T.J. Pledger,RB,RB,,True,Active,,,16618,,,,,,,,,,0,1,Utah,tjpledger,pledger,1661211310021
8408,Jordan Mason,RB,RB,MIN,True,Active,,,16163,,23364,,,,,,RB,2,27,4,Georgia Tech,jordanmason,mason,1770089751683
8409,Tyler Snead,WR,WR,,True,Active,,,16614,,,,,,,,,,0,1,East Carolina,tylersnead,snead,1652742044443
8410,Jequez Ezzard,WR,WR,,True,Active,,,15889,,,,Questionable,Undisclosed,,,,,0,1,Sam Houston State,jequezezzard,ezzard,1660695619393
8411,Devon Allen,WR,WR,,True,Active,,,16178,,,,,,,,,,82,2,Oregon,devonallen,allen,1703791536862
8413,Chris Oladokun,QB,QB,KC,True,Active,,,16291,,23629,,,,,,QB,4,19,4,South Dakota State,chrisoladokun,oladokun,1767590106296
8414,Britain Covey,WR,WR,PHI,True,Active,,,16337,,23302,,,,,,SWR,6,18,4,Utah,britaincovey,covey,1765986950734
8416,Jalen Virgil,WR,WR,,True,Active,,,16332,,23642,,,,,,,,81,3,Appalachian State,jalenvirgil,virgil,1763576452590
8417,Player Invalid,RB,RB,,False,Inactive,,,,,,,,,,,,,,0,,playerinvalid,invalid,1658871324820
8418,Jared Smart,WR,WR,,True,Active,,,16619,,,,,,,,,,0,1,Hawai'i,jaredsmart,smart,1658592923988
8419,Stanley Berryhill,WR,WR,,True,Active,,,16490,,,,,,,,,,83,1,Arizona,stanleyberryhill,berryhill,1696370132496
8420,Jack Sorenson,WR,WR,,True,Active,,,16521,,,,,,,,,,0,1,Miami (OH),jacksorenson,sorenson,1661205009220
8421,Mike Harley,WR,WR,,True,Active,,,16525,,,,,,,,,,4,2,Miami (FL),mikeharley,harley,1724806258944
8422,Player Invalid,RB,RB,,False,Inactive,,,,,,,,,,,,,,0,,playerinvalid,invalid,
8423,Brittain Brown,RB,RB,CHI,True,Active,,,16294,,23632,,,,,,RB,5,38,4,UCLA,brittainbrown,brown,1768955710694
8424,Kevin Marks,RB,RB,,True,Active,,,16316,,,,,,,,,,0,1,Buffalo,kevinmarks,marks,1661894451239
8425,Player Invalid,RB,RB,,False,Inactive,,,,,,,,,,,,,,0,,playerinvalid,invalid,
8426,Player Invalid,RB,RB,,False,Inactive,,,,,,,,,,,,,,0,,playerinvalid,invalid,
8427,Player Invalid,RB,RB,,False,Inactive,,,,,,,,,,,,,,0,,playerinvalid,invalid,
8428,Zander Horvath,RB,RB,,True,Active,,,16298,,,,,,,,,,26,2,Purdue,zanderhorvath,horvath,1724804158070
8429,Levi Lewis,QB,QB,,True,Active,,,16402,,,,,,,,,,0,1,Louisiana,levilewis,lewis,1653079808390
8430,Player Invalid,QB,QB,,False,Inactive,,,,,,,,,,,,,,0,,playerinvalid,invalid,
8431,Chase Garbers,QB,QB,,True,Active,,,16436,,,,,,,,,,14,1,California,chasegarbers,garbers,1693176942051
8432,Player Invalid,TE,TE,,False,Inactive,,,,,,,,,,,,,,0,,playerinvalid,invalid,
8433,Cade Brewer,TE,TE,,True,Active,,,16134,,,,,,,,,,0,1,Texas,cadebrewer,brewer,1661710807153
8434,Player Invalid,TE,TE,,False,Inactive,,,,,,,,,,,,,,0,,playerinvalid,invalid,
8435,Kwamie Lassiter,WR,WR,,True,Active,,,16517,,,,,,,,,,18,2,Kansas,kwamielassiter,lassiter,1724442614871
8436,Neil Pau'u,WR,WR,,True,Active,,,16501,,,,,,,,,,0,1,BYU,neilpauu,pauu,1661783709487
8437,Thomas Hennigan,WR,WR,,True,Active,,,16301,,,,,,,,,,89,1,Appalachian State,thomashennigan,hennigan,1679433321840
8438,Corey Sutton,WR,WR,,True,Injured Reserve,,,16536,,,,,,,,,,0,1,Appalachian State,coreysutton,sutton,1659385819756
8439,Demetris Robertson,WR,WR,,True,Active,,,16435,,,,,,,,,,0,1,Auburn,demetrisrobertson,robertson,1652627734253
8440,Player Invalid,WR,WR,,False,Inactive,,,,,,,,,,,,,,0,,playerinvalid,invalid,
8441,Justin Hall,WR,WR,,True,Active,,,16229,,,,,,,,,,49,3,Ball State,justinhall,hall,1724699144265
8442,Jarrett Guarantano,QB,QB,,True,Active,,,16617,,,,,,,,,,16,1,Washington State,jarrettguarantano,guarantano,1690322116300
8475,Montrell Washington,WR,WR,,True,Active,,,16272,,,,,,,,,,80,3,Samford,montrellwashington,washington,1755903934350
8484,Ko Kieft,TE,TE,TB,True,Inactive,,,16282,,23618,,IR,Leg,,,TE,4,41,4,Minnesota,kokieft,kieft,1758735612041
8489,Drew Ogletree,TE,TE,IND,True,Inactive,,,16277,,23608,,IR,Neck,,,TE,2,85,4,Youngstown State,drewogletree,ogletree,1766855701741
8500,John FitzPatrick,TE,TE,GB,True,Inactive,,,16170,,23614,,IR,Achilles,,,TE,4,86,4,Georgia,johnfitzpatrick,fitzpatrick,1766443825172
8523,Nick Muse,TE,TE,,True,Active,,,16286,,23621,,,,,,,,87,4,South Carolina,nickmuse,muse,1765414556306
8527,Dareke Young,WR,WR,SEA,True,Active,,,15922,,23624,,,,,,LWR,6,83,4,Lenoir-Rhyne,darekeyoung,young,1769481335705
853,Jeff Maehl,WR,WR,,False,Inactive,14590,25526,,,12944,,,,,,,,88,3,Oregon,jeffmaehl,maehl,
8536,Caleb Shudak,K,K,,True,Active,,,16541,,,,,,,,,,6,1,Iowa,calebshudak,shudak,1692726040749
8539,Seth Green,TE,TE,,True,Active,,,16327,,,,,,,,,,42,4,Houston,sethgreen,green,1756225809046
8543,Drew Estrada,WR,WR,,True,Active,,,16326,,,,,,,,,,81,1,Baylor,drewestrada,estrada,1683235512834
8549,Trevon Clark,WR,WR,,True,Active,,,16438,,,,,,,,,,0,1,California,trevonclark,clark,1659550528067
8553,Tre Ford,QB,QB,,True,Active,,,,,,,,,,,,,0,1,Waterloo (CAN),treford,ford,
8559,Josh Babicz,TE,TE,,True,Active,,,16503,,,,,,,,,,0,2,North Dakota State,joshbabicz,babicz,1669442727260
8560,Davis Cheek,QB,QB,,True,Active,,,16504,,,,,,,,,,3,1,Elon,davischeek,cheek,1670363406668
8568,John Lovett,RB,RB,,True,Active,,,16243,,,,,,,,,,33,2,Penn State,johnlovett,lovett,1692124217376
857,T.J. Yates,QB,QB,,False,Inactive,14114,24939,7485,6603,12956,,,,,,,,2,9,North Carolina,tjyates,yates,1549394703508
8570,Derek Wright,WR,WR,,True,Active,,,16511,,,,Questionable,Knee,,,,,83,2,Utah State,derekwright,wright,1700859338698
8571,Ra'Shaun Henry,WR,WR,,True,Inactive,,,16507,,,,Questionable,Undisclosed,,,,,18,2,Virginia,rashaunhenry,henry,1718171133423
8572,Andrew Parchment,WR,WR,,True,Active,,,16510,,,,Questionable,Undisclosed,,,,,0,1,Florida State,andrewparchment,parchment,1660254927320
8573,Talolo Limi-Jones,WR,WR,,True,Active,,,,,,,,,,,,,0,1,Eastern Washington,talololimijones,limijones,
8575,Erik Krommenhoek,TE,TE,,True,Active,,,16313,,,,,,,,,,0,1,USC,erikkrommenhoek,krommenhoek,1661894451237
8577,James McCourt,K,K,,True,Active,,,16317,,,,,,,,,,14,1,Illinois,jamesmccourt,mccourt,1698786028285
8579,Brandon Peters,QB,QB,,True,Active,,,16318,,,,,,,,,,0,1,Illinois,brandonpeters,peters,1660596930480
8581,Trevon Bradford,WR,WR,,True,Active,,,16312,,,,,,,,,,0,1,Oregon State,trevonbradford,bradford,1661893851174
8583,Stone Smartt,TE,TE,NYJ,True,Active,,,16321,,23644,,,,,,TE,3,84,4,Old Dominion,stonesmartt,smartt,1767822044730
8589,Marcus Santos-Silva,TE,TE,,True,Active,,,16366,,,,,,,,,,0,1,Texas Tech,marcussantossilva,santossilva,1661258431820
8595,Kyric McGowan,WR,WR,,True,Active,,,16360,,,,,,,,,,87,2,Georgia Tech,kyricmcgowan,mcgowan,1724805657688
86,Dante Rosario,TE,TE,,False,Inactive,10598,8409,,,2332,,,,,,,,88,9,Oregon,danterosario,rosario,
860,Armon Binns,WR,WR,,False,Inactive,14223,,,,12978,,,,,,,,14,3,Cincinnati,armonbinns,binns,
8602,Danny Davis,WR,WR,,True,Active,,,16354,,,,,,,,,,0,1,Wisconsin,dannydavis,davis,1669163156107
8613,Taysir Mack,WR,WR,,True,Active,,,16393,,,,,,,,,,0,1,Pittsburgh,taysirmack,mack,1661059220311
862,Blaine Gabbert,QB,QB,,True,Active,13987,24797,7248,6451,12982,00-0027948,,,,,,,9,13,Missouri,blainegabbert,gabbert,1704696929145
8621,Garrett Walston,TE,TE,,True,Active,,,16397,,,,,,,,,,0,1,North Carolina,garrettwalston,walston,1652811948193
8624,Changa Hodge,WR,WR,,True,Active,,,16382,,,,,,,,,,0,1,Virginia Tech,changahodge,hodge,1652745344828
8628,Jontre Kirklin,WR,WR,,True,Active,,,15836,,,,,,,,,,84,2,LSU,jontrekirklin,kirklin,1724704845161
863,DuJuan Harris,RB,RB,,False,Inactive,14255,25117,7658,6837,12985,,,,,,,,35,9,Troy,dujuanharris,harris,
8632,JaVonta Payton,WR,WR,,True,Active,,,15845,,,,,,,,,,0,1,Tennessee,javontapayton,payton,1663279821862
8633,Stephon Robinson,WR,WR,,True,Active,,,16384,,,,,,,,,,0,1,Kansas State,stephonrobinson,robinson,1652745645050
8634,Chris Pierce,TE,TE,,True,Active,,,16383,,,,,,,,,,48,2,Vanderbilt,chrispierce,pierce,1715378144995
8638,Grayson Gunter,TE,TE,,True,Active,,,16347,,,,,,,,,,0,1,Southern Miss,graysongunter,gunter,1661208609501
8650,Lujuan Winningham,WR,WR,,True,Active,,,16352,,,,,,,,,,0,1,Central Arkansas,lujuanwinningham,winningham,1661209209619
8656,Tyshaun James,WR,WR,,True,Active,,,16331,,,,,,,,,,0,1,Central Connecticut State,tyshaunjames,james,1660765554497
866,Cecil Shorts,WR,WR,,False,Inactive,14184,24901,7389,6602,13002,,,,,,,,10,9,Mount Union,cecilshorts,shorts,
8660,Leroy Watson,TE,TE,,True,Active,,,16097,,23863,,,,,,,,77,3,UTSA,leroywatson,watson,1763502044433
8663,Jared Bernhardt,WR,WR,,True,Active,,,16489,,,,,,,,,,83,1,Ferris State,jaredbernhardt,bernhardt,1712086258476
8665,Armani Rogers,TE,TE,,True,Active,,,16362,,,,Questionable,Achilles,,Surgery,,,88,3,Ohio,armanirogers,rogers,1744993836875
8670,Parker Romo,K,K,,True,Active,,,16559,,23732,,,,,,,,39,2,Virginia Tech,parkerromo,romo,1763445337492
8676,Rashid Shaheed,WR,WR,SEA,True,Active,,,16560,,23729,,,,,,RWR,2,22,4,Weber State,rashidshaheed,shaheed,1769406360141
868,Virgil Green,TE,TE,,True,Inactive,14085,24991,7416,6570,13016,00-0028142,,,,,,,88,11,Nevada,virgilgreen,green,1604010934911
8685,John Mitchell,TE,TE,,True,Active,,,16434,,,,,,,,,,0,1,Florida Atlantic,johnmitchell,mitchell,1652627434414
8690,Jake Herslow,WR,WR,,True,Active,,,16433,,,,,,,,,,0,1,Houston,jakeherslow,herslow,1652627134082
8694,Henry Litwin,WR,WR,,True,Active,,,16421,,,,,,,,,,0,1,Slippery Rock,henrylitwin,litwin,1654805643668
8697,Kevin Shaa,WR,WR,,True,Active,,,16420,,,,,,,,,,0,1,Liberty,kevinshaa,shaa,1661797548355
8698,Jake Tonges,TE,TE,SF,True,Active,,,16418,,23662,,Questionable,Foot,,,TE,3,88,4,California,jaketonges,tonges,1769189122009
8699,Cyrus Holder,WR,WR,,True,Active,,,16424,,,,,,,,,,0,1,Duquesne,cyrusholder,holder,1654805643670
87,Jeff King,TE,TE,,False,Inactive,,,,,2350,,,,,,,,87,8,Virginia Tech,jeffking,king,
8700,Savon Scarver,WR,WR,,True,Active,,,16419,,,,,,,,,,0,1,Utah State,savonscarver,scarver,1654805644353
8705,Landon Lenoir,WR,WR,,True,Active,,,16422,,,,,,,,,,0,1,Southern Illinois,landonlenoir,lenoir,1654805643668
8706,Kehinde Oginni,TE,TE,,True,Active,,,16440,,,,,,,,,,72,2,,kehindeoginni,oginni,1715289020713
8707,Tayon Fleet-Davis,RB,RB,,True,Active,,,16403,,,,,,,,,,0,1,Maryland,tayonfleetdavis,fleetdavis,1661632857619
8721,De'Montre Tuggle,RB,RB,,True,Active,,,16462,,,,,,,,,,0,1,Ohio,demontretuggle,tuggle,1661878223913
8731,Shemar Bridges,WR,WR,,True,Active,,,16437,,,,,,,,,,85,2,Fort Valley State,shemarbridges,bridges,1696368632175
8732,Raleigh Webb,WR,WR,,True,Active,,,16439,,,,,,,,,,17,2,The Citadel,raleighwebb,webb,1724602832370
874,Julius Thomas,TE,TE,,False,Inactive,14204,24916,7415,6598,13027,00-0028067,,,,,,,89,9,Portland State,juliusthomas,thomas,1535142922119
8741,Jamal Pettigrew,TE,TE,,True,Active,,,16405,,,,,,,,,,0,1,McNeese State,jamalpettigrew,pettigrew,1660674656733
8745,Lance McCutcheon,WR,WR,,True,Active,,,16406,,23966,,,,,,,,10,4,Montana State,lancemccutcheon,mccutcheon,1763502643390
8747,Roger Carter,TE,TE,,True,Active,,,15982,,,,,,,,,,49,1,Georgia State,rogercarter,carter,1678490440151
8749,Tyreik McAllister,RB,RB,,True,Active,,,16476,,,,,,,,,,13,3,Charleston (WV),tyreikmcallister,mcallister,1747078535363
8751,Dylan Parham,TE,TE,,True,Active,,,16479,,,,,,,,,,0,2,North Carolina State,dylanparham,parham,1663104910278
8755,Kaden Davis,WR,WR,,True,Active,,,16472,,23917,,,,,,,,89,4,Northwest Missouri State,kadendavis,davis,1763657402465
8756,Brandon Johnson,WR,WR,,True,Active,,,16473,,23763,,,,,,,,89,4,UCF,brandonjohnson,johnson,1768976457485
8757,Rodney Williams,TE,TE,,True,Active,,,16480,,,,,,,,,,87,2,Tennessee-Martin,rodneywilliams,williams,1730845813323
8760,Dre Miller,TE,TE,,True,Active,,,16341,,,,,,,,,,16,2,Maine,dremiller,miller,1693350310331
8769,Josh Bist,TE,TE,,True,Active,,,,,,,,,,,,,0,1,Colorado Mesa,joshbist,bist,
8770,Malik Williams,WR,WR,,True,Active,,,16502,,,,,,,,,,0,1,Appalachian State,malikwilliams,williams,1654274742041
8775,Andrew Mevis,K,K,,True,Active,,,16349,,,,,,,,,,0,1,Iowa State,andrewmevis,mevis,1659127839978
8778,Justin Rigg,TE,TE,,True,Active,,,16520,,,,,,,,,,83,2,Kentucky,justinrigg,rigg,1693164022537
8783,Kendric Pryor,WR,WR,,True,Active,,,16519,,23996,,,,,,,,19,4,Wisconsin,kendricpryor,pryor,1758057920314
8798,Felix Harper,QB,QB,,True,Active,,,16585,,,,,,,,,,0,1,Alcorn State,felixharper,harper,1653340512464
8799,Zaire Mitchell-Paden,TE,TE,NO,True,Inactive,,,16530,,23720,,IR,Knee,,,TE,5,84,4,Florida Atlantic,zairemitchellpaden,mitchellpaden,1767385239706
8800,Malik Davis,RB,RB,DAL,True,Inactive,,,15828,,23880,,IR,Eye,,,RB,6,43,4,Florida,malikdavis,davis,1767462646297
8801,Dennis Houston,WR,WR,TB,True,Active,,,16356,,23725,,,,,,SWR,8,89,4,Western Illinois,dennishouston,houston,1767667809216
8809,Aaron Shampklin,RB,RB,,True,Active,,,16367,,,,,,,,,,48,3,Harvard,aaronshampklin,shampklin,1756225808845
881,Ricky Stanzi,QB,QB,,False,Inactive,14080,24922,,,13048,,,,,,,,2,5,Iowa,rickystanzi,stanzi,
8812,Jonathan Garibay,K,K,,True,Active,,,15856,,,,,,,,,,0,1,Texas Tech,jonathangaribay,garibay,1660068632494
8813,Anthony Turner,WR,WR,,True,Active,,,,,,,,,,,,,0,1,Grand View,anthonyturner,turner,
8817,Nolan Givan,TE,TE,,True,Active,,,16534,,,,,,,,,,0,1,Southeastern Louisiana,nolangivan,givan,1660588229322
882,David Ausberry,TE,TE,,False,Inactive,14102,,,,13050,,,,,,,,86,5,USC,davidausberry,ausberry,
8820,Troy Hairston,RB,RB,,True,Active,,,16543,,,,,,,,,,36,3,Central Michigan,troyhairston,hairston,1754272811028
8824,Samson Nacua,WR,WR,,True,Active,,,16485,,,,,,,,,,89,1,BYU,samsonnacua,nacua,1724815557709
8825,Kekoa Crawford,WR,WR,,True,Active,,,16483,,,,,,,,,,89,2,California,kekoacrawford,crawford,1692652208856
8828,Michael Young,WR,WR,,True,Active,,,16486,,,,,,,,,,0,2,Cincinnati,michaelyoung,young,1668554755317
8831,Ethan Fernea,WR,WR,,True,Active,,,16484,,,,,,,,,,13,2,UCLA,ethanfernea,fernea,1730229056217
8840,Cole Fotheringham,TE,TE,,True,Active,,,16556,,,,,,,,,,49,3,Utah,colefotheringham,fotheringham,1755937838039
8849,Tanner Conner,TE,TE,NYG,True,Active,,,16338,,23737,,,,,,TE,4,48,4,Idaho State,tannerconner,conner,1767665709227
885,Richard Gordon,TE,TE,,False,Inactive,14211,24968,7561,,13059,,,,,,,,85,9,Miami,richardgordon,gordon,
8858,Keshunn Abram,WR,WR,,True,Active,,,16429,,,,,,,,,,0,1,Kent State,keshunnabram,abram,1660603504698
886,Taiwan Jones,RB,RB,,True,Active,14167,24912,7324,,13063,00-0028063,,,,,,,36,12,Eastern Washington,taiwanjones,jones,1696358150213
8861,Irvin Charles,WR,WR,NYJ,True,Active,,,16430,,23962,,PUP,Knee - ACL,,Surgery,RWR,6,19,4,Indiana (PA),irvincharles,charles,1756260621555
8863,Kaylon Geiger,WR,WR,,True,Active,,,16538,,,,,,,,,,80,1,Texas Tech,kaylongeiger,geiger,1693229146726
8864,Ben Beise,TE,TE,,True,Active,,,16537,,,,,,,,,,0,1,Wisconsin-River Falls,benbeise,beise,1660607704569
887,Denarius Moore,WR,WR,,False,Inactive,14153,24935,7398,,13069,,,,,,,,17,9,Tennessee,denariusmoore,moore,
8876,Kevin Kassis,WR,WR,,True,Active,,,16487,,,,,,,,,,0,2,Montana State,kevinkassis,kassis,1668555355564
8878,Jared Scott,TE,TE,,True,Active,,,16586,,,,,,,,,,0,2,Idaho State,jaredscott,scott,1663691454607
8881,Willie Johnson,WR,WR,,True,Active,,,16589,,,,Questionable,Undisclosed,,,,,0,1,Marshall,williejohnson,johnson,1681333242634
8884,JJ Howland,TE,TE,,True,Active,,,16611,,,,,,,,,,0,2,Yale,jjhowland,howland,1663105209998
8885,Tucker Fisk,TE,TE,LAC,True,Active,,,16627,,24021,,,,,,TE,4,42,4,Stanford,tuckerfisk,fisk,1768504505290
8888,Kameron Brown,WR,WR,,True,Active,,,16609,,,,,,,,,,0,1,Coastal Carolina,kameronbrown,brown,1660663255289
8890,Naz Bohannon,TE,TE,,True,Active,,,16608,,,,,,,,,,0,1,Clemson,nazbohannon,bohannon,1659224119638
8891,Ryan McDaniel,WR,WR,,True,Active,,,16607,,,,,,,,,,0,1,North Carolina Central,ryanmcdaniel,mcdaniel,1660601704567
8892,Keric Wheatfall,WR,WR,,True,Active,,,15814,,,,,,,,,,0,1,Fresno State,kericwheatfall,wheatfall,1660698920076
8893,Nick Sciba,K,K,,True,Active,,,16613,,,,,,,,,,0,2,Wake Forest,nicksciba,sciba,1667947834429
89,Chad Henne,QB,QB,,True,Active,11291,8834,5685,4684,2405,00-0026197,,,,,,,4,15,Michigan,chadhenne,henne,1676318159596
8905,Travis Koontz,TE,TE,,True,Active,,,16623,,,,,,,,,,0,1,Texas Tech,traviskoontz,koontz,1654724710601
8908,Brandon Lewis,WR,WR,,True,Active,,,16540,,,,,,,,,,0,1,Air Force,brandonlewis,lewis,1660438853208
891,Vincent Brown,WR,WR,,False,Inactive,14027,24869,7386,,13078,,,,,,,,86,9,San Diego State,vincentbrown,brown,
8915,Drew Plitt,QB,QB,,True,Active,,,16636,,,,,,,,,,7,2,Ball State,drewplitt,plitt,1700497850576
8917,KaVontae Turpin,WR,WR,DAL,True,Active,,,13894,,24068,,,,,,SWR,4,9,4,TCU,kavontaeturpin,turpin,1769438404104
8921,Maurice Alexander,WR,WR,CHI,True,Active,,,16641,,24073,,,,,,SWR,6,13,4,Florida International,mauricealexander,alexander,1768955410655
8924,Thomas Odukoya,TE,TE,NE,True,Active,,,16400,,23889,,Out,Undisclosed,,,TE,3,88,4,Eastern Michigan,thomasodukoya,odukoya,1766444125462
8928,Daylen Baldwin,WR,WR,,True,Active,,,16169,,,,,,,,,,86,2,Michigan,daylenbaldwin,baldwin,1724715646741
8931,Josh Ali,WR,WR,,True,Active,,,16645,,,,,,,,,,80,2,Kentucky,joshali,ali,1724620534786
8932,Lucas Havrisik,K,K,GB,True,Active,,,16646,,24079,,,,,,K,,35,4,Arizona,lucashavrisik,havrisik,1769061943828
8934,Clint Ratkovich,RB,RB,,True,Active,,,16180,,,,,,,,,,38,2,Northern Illinois,clintratkovich,ratkovich,1693429817636
8937,Parker White,K,K,,True,Active,,,16877,,,,,,,,,,48,1,South Carolina,parkerwhite,white,1684789825891
8938,Nathan Rourke,QB,QB,,True,Active,,,14646,,,,,,,,,,16,1,Ohio,nathanrourke,rourke,1723408540508
895,Jordan Todman,RB,RB,,False,Inactive,14186,24970,7249,,13102,,,,,,,,22,9,Connecticut,jordantodman,todman,1514601302288
896,Scott Tolzien,QB,QB,,False,Inactive,14353,25171,7663,6893,13103,,,,,,,,16,9,Wisconsin,scotttolzien,tolzien,1561606803403
899,Dan Bailey,K,K,,True,Active,14322,25427,7546,7144,13109,00-0028660,,,,,,,5,11,Oklahoma State,danbailey,bailey,1615333556406
902,Dwayne Harris,WR,WR,,True,Inactive,14100,24963,7385,6683,13117,00-0028114,Questionable,Triceps,,,,,82,11,East Carolina,dwayneharris,harris,1605829814050
904,DeMarco Murray,RB,RB,,False,Inactive,14005,24858,7359,6585,13124,00-0028009,,,,,,,29,9,Oklahoma,demarcomurray,murray,1531555201562
906,Phillip Tanner,RB,RB,,False,Inactive,14625,,,,13130,,,,,,,,25,3,Middle Tennessee,philliptanner,tanner,
91,Carson Palmer,QB,QB,,False,Injured Reserve,4459,6337,3014,2550,2428,00-0021429,,,,,,,3,17,Southern California,carsonpalmer,palmer,1515803701120
910,Henry Hynoski,RB,RB,,False,Inactive,2268575,25505,,,13141,,,,,,,,45,5,Pittsburgh,henryhynoski,hynoski,
913,Shaun Draughn,RB,RB,,False,Inactive,14518,25481,8022,7197,13158,00-0028202,,,,,,,25,9,North Carolina,shaundraughn,draughn,1508201221998
914,Leonard Hankerson,WR,WR,,False,Inactive,14021,24866,7381,6425,13162,,,,,,,,80,9,Miami,leonardhankerson,hankerson,
915,Roy Helu,RB,RB,,False,Inactive,14192,24892,7366,6593,13163,,,,,,,,26,9,Nebraska,royhelu,helu,
918,Niles Paul,TE,TE,,False,Injured Reserve,14156,24942,7384,6661,13170,00-0028093,,,,,,,0,11,Nebraska,nilespaul,paul,1565134827397
919,Aldrick Robinson,WR,WR,,False,Inactive,14164,24965,7399,6685,13171,00-0028116,,,,,,,8,11,Southern Methodist,aldrickrobinson,robinson,1567196755092
92,Andre Johnson,WR,WR,,False,Inactive,4461,6339,3028,1575,2429,,,,,,,,81,17,Miami,andrejohnson,johnson,
920,Evan Royster,RB,RB,,False,Inactive,14105,24964,,,13172,,,,,,,,26,3,Penn State,evanroyster,royster,
9220,Evan Hull,RB,RB,NO,True,Active,,,16676,,24204,,,,,,RB,5,34,3,Northwestern,evanhull,hull,1767580805601
9221,Jahmyr Gibbs,RB,RB,DET,True,Active,,,16808,,23200,,,,,,RB,1,0,3,Alabama,jahmyrgibbs,gibbs,1769872522766
9222,Zach Evans,RB,RB,,True,Active,,,16801,,,,,,,,,,38,2,Ole Miss,zachevans,evans,1753825824567
9223,Tiyon Evans,RB,RB,,True,Active,,,16911,,,,,,,,,,39,1,Louisville,tiyonevans,evans,1690566931555
9224,Chase Brown,RB,RB,CIN,True,Active,,,16934,,24374,,,,,,RB,1,30,3,Illinois,chasebrown,brown,1769719509882
9225,Tank Bigsby,RB,RB,PHI,True,Active,,,16705,,23193,,,,,,RB,2,37,3,Auburn,tankbigsby,bigsby,1767894051268
9226,De'Von Achane,RB,RB,MIA,True,Active,,,16661,,24179,,Questionable,Shoulder,,,RB,1,28,3,Texas A&M,devonachane,achane,1769965530041
9227,Israel Abanikanda,RB,RB,DAL,True,Active,,,16735,,24178,,,,,,RB,7,30,3,Pittsburgh,israelabanikanda,abanikanda,1767740414726
9228,Bryce Young,QB,QB,CAR,True,Active,,,16807,,23132,,,,,,QB,1,9,3,Alabama,bryceyoung,young,1768371660214
9229,Anthony Richardson,QB,QB,IND,True,Inactive,,,16653,,24117,,IR,Orbital,,Fracture,QB,2,5,3,Florida,anthonyrichardson,richardson,1768603241576
9230,Tanner McKee,QB,QB,PHI,True,Active,,,16686,,24124,,,,,,QB,2,16,3,Stanford,tannermckee,mckee,1767587406250
9231,Jaren Hall,QB,QB,,True,Active,,,16776,,,,,,,,,,15,2,BYU,jarenhall,hall,1745971234121
928,Randall Cobb,WR,WR,,True,Active,14053,24851,7256,6497,13227,00-0028002,,,,,,,18,13,Kentucky,randallcobb,cobb,1721326538482
933,DJ Smith,K,K,,False,Inactive,14170,,,,13245,,,,,,,,52,3,Appalachian State,djsmith,smith,
934,Ryan Taylor,TE,TE,,False,Inactive,14213,25005,,,13249,,,,,,,,86,5,North Carolina,ryantaylor,taylor,
935,DJ Williams,TE,TE,,False,Inactive,,,,,13250,,,,,,,,85,4,Arkansas,djwilliams,williams,
936,Matt Asiata,RB,RB,,False,Inactive,14360,25238,7666,6958,13255,00-0028198,,,,,,,41,9,Utah,mattasiata,asiata,
940,Andre Holmes,WR,WR,,False,Inactive,14403,25234,7405,6954,13264,00-0028263,,,,,,,19,11,Hillsdale,andreholmes,holmes,1548285308876
941,Christian Ponder,QB,QB,,False,Inactive,13966,24799,7347,6433,13270,,,,,,,,15,9,Florida State,christianponder,ponder,
942,Allen Reisner,TE,TE,,False,Inactive,14433,25230,7431,,13273,,,,,,,,85,3,Iowa,allenreisner,reisner,
943,Kyle Rudolph,TE,TE,,True,Active,14054,24830,7246,6459,13275,00-0027981,,,,,,,8,12,Notre Dame,kylerudolph,rudolph,1693841454292
945,Kevin Cone,WR,WR,,False,Inactive,14818,25658,,,13282,,,,,,,,14,3,Georgia Tech,kevincone,cone,
947,Julio Jones,WR,WR,,True,Active,13982,24793,7242,6475,13291,00-0027944,,,,,,,80,13,Alabama,juliojones,jones,1743925218895
9479,Darnell Washington,TE,TE,PIT,True,Inactive,,,16889,,23136,,IR,Forearm,,Surgery,TE,3,80,3,Georgia,darnellwashington,washington,1767204926290
9480,Brenton Strange,TE,TE,JAX,True,Active,,,17017,,24223,,,,,,TE,1,85,3,Penn State,brentonstrange,strange,1767672308109
9481,Luke Musgrave,TE,TE,GB,True,Active,,,16663,,24150,,,,,,TE,2,88,3,Oregon State,lukemusgrave,musgrave,1767986459055
9482,Michael Mayer,TE,TE,LV,True,Active,,,16666,,23140,,,,,,TE,2,87,3,Notre Dame,michaelmayer,mayer,1767585605854
9483,Zack Kuntz,TE,TE,,True,Active,,,17034,,,,,,,,,,88,2,Old Dominion,zackkuntz,kuntz,1756106753323
9484,Tucker Kraft,TE,TE,GB,True,Inactive,,,16649,,24118,,IR,Knee - ACL,,Surgery,TE,1,85,3,South Dakota State,tuckerkraft,kraft,1770326756236
9485,Player Invalid,TE,TE,,False,Inactive,,,,,,,,,,,,,,1,,playerinvalid,invalid,
9486,Dontayvion Wicks,WR,WR,GB,True,Active,,,16658,,23253,,Questionable,Concussion,,,LWR,4,13,3,Virginia,dontayvionwicks,wicks,1767994259671
9487,Parker Washington,WR,WR,JAX,True,Active,,,16690,,24143,,,,,,SWR,5,11,3,Penn State,parkerwashington,washington,1769631022183
9488,Jaxon Smith-Njigba,WR,WR,SEA,True,Active,,,16654,,23157,,,,,,LWR,1,11,3,Ohio State,jaxonsmithnjigba,smithnjigba,1770269153816
9489,Justin Shorter,WR,WR,LV,True,Active,,,16656,,24221,,,,,,SWR,7,88,3,Florida,justinshorter,shorter,1767735015354
949,Jacquizz Rodgers,RB,RB,,False,Inactive,14193,24932,7253,6482,13299,00-0028083,,,,,,,0,11,Oregon State,jacquizzrodgers,rodgers,1567201856561
9490,Tyler Scott,WR,WR,LAR,True,Active,,,16713,,24220,,,,,,SWR,7,86,3,Cincinnati,tylerscott,scott,1769476235271
9491,Ty Scott,WR,WR,,True,Active,,,17551,,,,,,,,,,81,1,Missouri State,tyscott,scott,1726259119270
9492,Trey Palmer,WR,WR,NO,True,Inactive,,,16936,,24217,,IR,Ankle,,,LWR,3,17,3,Nebraska,treypalmer,palmer,1759619749421
9493,Puka Nacua,WR,WR,LAR,True,Active,,,16790,,24172,,,,,,RWR,1,12,3,BYU,pukanacua,nacua,1769400959452
9494,Marvin Mims,WR,WR,DEN,True,Active,,,16849,,23165,,,,,,SWR,2,19,3,Oklahoma,marvinmims,mims,1769384457561
9495,Rakim Jarrett,WR,WR,,True,Active,,,16709,,,,,,,,,,82,2,Maryland,rakimjarrett,jarrett,1758066621150
9496,Sam James,WR,WR,,True,Active,,,16664,,,,,,,,,,83,1,West Virginia,samjames,james,1687381538715
9497,Jalin Hyatt,WR,WR,NYG,True,Active,,,16714,,24125,,Questionable,Illness,,,RWR,4,13,3,Tennessee,jalinhyatt,hyatt,1767546902849
9498,Jadon Haselwood,WR,WR,,True,Active,,,16908,,,,,,,,,,87,1,Arkansas,jadonhaselwood,haselwood,1693348510069
9499,Bryce Ford-Wheaton,WR,WR,NYG,True,Inactive,,,16743,,24199,,IR,Achilles,,,SWR,10,88,3,West Virginia,brycefordwheaton,fordwheaton,1753748717674
9500,Josh Downs,WR,WR,IND,True,Active,,,16689,,24145,,,,,,SWR,2,2,3,North Carolina,joshdowns,downs,1769726709045
9501,DeMario Douglas,WR,WR,NE,True,Active,,,16751,,24180,,,,,,SWR,4,3,3,Liberty,demariodouglas,douglas,1769222737586
9502,Tank Dell,WR,WR,HOU,True,Active,,,16935,,24176,,PUP,Knee - ACL + MCL,,Surgery,RWR,7,3,3,Houston,tankdell,dell,1769018101329
9503,Jacob Copeland,WR,WR,,True,Active,,,16655,,,,,,,,,,89,1,Maryland,jacobcopeland,copeland,1724697044053
9504,Kayshon Boutte,WR,WR,NE,True,Active,,,16795,,23121,,,,,,LWR,2,9,3,LSU,kayshonboutte,boutte,1769463934113
9505,Deuce Vaughn,RB,RB,DEN,True,Active,,,17003,,24188,,,,,,RB,7,42,3,Kansas State,deucevaughn,vaughn,1769752840784
9506,Sean Tucker,RB,RB,TB,True,Active,,,16728,,24194,,,,,,RB,3,44,3,Syracuse,seantucker,tucker,1767763217229
9507,Titus Swen,RB,RB,,True,Active,,,16711,,,,,,,,,,42,1,Wyoming,titusswen,swen,1683575736705
9508,Tyjae Spears,RB,RB,TEN,True,Active,,,16941,,24123,,,,,,RB,2,2,3,Tulane,tyjaespears,spears,1767658808707
9509,Bijan Robinson,RB,RB,ATL,True,Active,,,16739,,23189,,,,,,RB,1,7,3,Texas,bijanrobinson,robinson,1769720108500
9510,Lew Nichols,RB,RB,PIT,True,Active,,,16701,,24215,,,,,,RB,4,35,3,Central Michigan,lewnichols,nichols,1769841921570
9511,Keaton Mitchell,RB,RB,BAL,True,Active,,,16810,,24214,,,,,,RB,3,34,3,East Carolina,keatonmitchell,mitchell,1767627609415
9512,DeWayne McBride,RB,RB,,True,Active,,,16765,,,,,,,,,,27,1,UAB,dewaynemcbride,mcbride,1724999107702
954,Cam Newton,QB,QB,,True,Active,13994,24788,7257,6491,13320,00-0027939,,,,,,,1,11,Auburn,camnewton,newton,1681140324752
956,Mark Ingram,RB,RB,,True,Inactive,13981,24815,7244,6471,13337,00-0027966,,,,,,,22,12,Alabama,markingram,ingram,1688742925996
958,Joe Morgan,WR,WR,,False,Inactive,14424,25290,7408,,13341,,,,,,,,16,9,Walsh,joemorgan,morgan,
96,Aaron Rodgers,QB,QB,PIT,True,Active,8439,7200,4307,3118,2593,00-0023459,,,,,QB,1,8,21,California,aaronrodgers,rodgers,1769546142707
963,Luke Stocker,TE,TE,,True,Active,14099,24891,7413,,13370,00-0028042,,,,,,,35,11,Tennessee,lukestocker,stocker,1636053961194
964,Lance Kendricks,TE,TE,,True,Active,14007,24834,7412,6614,13386,00-0027985,,,,,,,0,11,Wisconsin,lancekendricks,kendricks,1578156929198
966,Austin Pettis,WR,WR,,False,Inactive,14035,24865,,,13391,,,,,,,,18,5,Boise State,austinpettis,pettis,
968,Greg Salas,WR,WR,,False,Injured Reserve,14106,24899,7388,,13394,,,,,,,,11,9,Hawaii,gregsalas,salas,
971,Rob Housler,TE,TE,,False,Inactive,14009,24856,7422,,13406,,,,,,,,88,9,Florida Atlantic,robhousler,housler,
973,Anthony Sherman,RB,RB,,True,Injured Reserve,14135,24923,7560,,13418,00-0028074,,,,,,,0,11,Connecticut,anthonysherman,sherman,1614900324211
974,Ryan Williams,RB,RB,,False,Inactive,14051,24825,,,13425,,,,,,,,34,2,Virginia Tech,ryanwilliams,williams,
975,McLeod Bethel-Thompson,QB,QB,,False,Inactive,14594,25483,8051,,13429,,,,,,,,4,1,Cal - Sacramento,mcleodbethelthompson,bethelthompson,1598278814239
9753,Zach Charbonnet,RB,RB,SEA,True,Inactive,,,16897,,23173,,Out,Knee,,,RB,9,26,3,UCLA,zachcharbonnet,charbonnet,1769196917144
9754,Quentin Johnston,WR,WR,LAC,True,Active,,,16899,,24226,,,,,,LWR,4,1,3,TCU,quentinjohnston,johnston,1769631922255
9755,Player Invalid,RB,RB,,False,Inactive,,,16650,,,,,,,,,,,1,,playerinvalid,invalid,1681246831189
9756,Jordan Addison,WR,WR,MIN,True,Active,,,16895,,23162,,,,,,RWR,2,3,3,USC,jordanaddison,addison,1768932944461
9757,Kendre Miller,RB,RB,NO,True,Inactive,,,16898,,24238,,IR,Knee,,,RB,2,5,3,TCU,kendremiller,miller,1761084318816
9758,C.J. Stroud,QB,QB,HOU,True,Active,,,16886,,23239,,,,,,QB,1,7,3,Ohio State,cjstroud,stroud,1768941007845
9759,C.J. Johnson,WR,WR,,True,Active,,,17086,,,,,,,,,,82,1,East Carolina,cjjohnson,johnson,1686000047730
978,Kendall Hunter,RB,RB,,False,Inactive,14159,24902,7358,,13440,,,,,,,,48,9,Oklahoma State,kendallhunter,hunter,
98,Fred Davis,TE,TE,,False,Inactive,,,,,2640,,,,,,,,83,6,USC,freddavis,davis,
980,Colin Kaepernick,QB,QB,,False,Inactive,14001,24823,7353,6530,13443,,,,,,,,0,11,Nevada,colinkaepernick,kaepernick,1653510326388
982,Bruce Miller,RB,RB,,True,Inactive,14083,24998,7505,6713,13446,,,,,,,,49,11,Central Florida,brucemiller,miller,1609204831498
984,Konrad Reuland,TE,TE,,False,Inactive,14434,25223,8520,,13449,,,,,,,,49,9,Stanford,konradreuland,reuland,
988,Doug Baldwin,WR,WR,,False,Injured Reserve,14221,25105,7963,6825,13460,00-0028434,,,,,,,0,11,Stanford,dougbaldwin,baldwin,1557721207964
990,Kris Durham,WR,WR,,False,Inactive,14095,24894,,,13463,,,,,,,,17,5,Georgia,krisdurham,durham,
992,Ricardo Lockette,WR,WR,,False,Inactive,14280,25106,8014,,13471,,,,,,,,83,9,Fort Valley State,ricardolockette,lockette,
999,Marcus Easley,WR,WR,,False,Inactive,13224,24082,6519,,13486,,,,,,,,81,10,Connecticut,marcuseasley,easley,
9997,Zay Flowers,WR,WR,BAL,True,Active,,,16919,,23120,,,,,,SWR,1,4,3,Boston College,zayflowers,flowers,1767610209023
9998,Hendon Hooker,QB,QB,NYJ,True,Active,,,16905,,24140,,,,,,QB,3,1,3,Tennessee,hendonhooker,hooker,1767492349212
9999,Will Levis,QB,QB,TEN,True,Inactive,,,16665,,23270,,IR,Shoulder,,Surgery,QB,3,8,3,Kentucky,willlevis,levis,1766170835074
ARI,Arizona Cardinals,DEF,DEF,ARI,True,,,,,,,,,,,,,,,,,,,
ATL,Atlanta Falcons,DEF,DEF,ATL,True,,,,,,,,,,,,,,,,,,,
BAL,Baltimore Ravens,DEF,DEF,BAL,True,,,,,,,,,,,,,,,,,,,
BUF,Buffalo Bills,DEF,DEF,BUF,True,,,,,,,,,,,,,,,,,,,
CAR,Carolina Panthers,DEF,DEF,CAR,True,,,,,,,,,,,,,,,,,,,
CHI,Chicago Bears,DEF,DEF,CHI,True,,,,,,,,,,,,,,,,,,,
CIN,Cincinnati Bengals,DEF,DEF,CIN,True,,,,,,,,,,,,,,,,,,,
CLE,Cleveland Browns,DEF,DEF,CLE,True,,,,,,,,,,,,,,,,,,,
DAL,Dallas Cowboys,DEF,DEF,DAL,True,,,,,,,,,,,,,,,,,,,
DEN,Denver Broncos,DEF,DEF,DEN,True,,,,,,,,,,,,,,,,,,,
DET,Detroit Lions,DEF,DEF,DET,True,,,,,,,,,,,,,,,,,,,
GB,Green Bay Packers,DEF,DEF,GB,True,,,,,,,,,,,,,,,,,,,
HOU,Houston Texans,DEF,DEF,HOU,True,,,,,,,,,,,,,,,,,,,
IND,Indianapolis Colts,DEF,DEF,IND,True,,,,,,,,,,,,,,,,,,,
JAX,Jacksonville Jaguars,DEF,DEF,JAX,True,,,,,,,,,,,,,,,,,,,
KC,Kansas City Chiefs,DEF,DEF,KC,True,,,,,,,,,,,,,,,,,,,
LAC,Los Angeles Chargers,DEF,DEF,LAC,True,,,,,,,,,,,,,,,,,,,
LAR,Los Angeles Rams,DEF,DEF,LAR,True,,,,,,,,,,,,,,,,,,,
LV,Las Vegas Raiders,DEF,DEF,LV,True,,,,,,,,,,,,,,,,,,,
MIA,Miami Dolphins,DEF,DEF,MIA,True,,,,,,,,,,,,,,,,,,,
MIN,Minnesota Vikings,DEF,DEF,MIN,True,,,,,,,,,,,,,,,,,,,
NE,New England Patriots,DEF,DEF,NE,True,,,,,,,,,,,,,,,,,,,
NO,New Orleans Saints,DEF,DEF,NO,True,,,,,,,,,,,,,,,,,,,
NYG,New York Giants,DEF,DEF,NYG,True,,,,,,,,,,,,,,,,,,,
NYJ,New York Jets,DEF,DEF,NYJ,True,,,,,,,,,,,,,,,,,,,
PHI,Philadelphia Eagles,DEF,DEF,PHI,True,,,,,,,,,,,,,,,,,,,
PIT,Pittsburgh Steelers,DEF,DEF,PIT,True,,,,,,,,,,,,,,,,,,,
SEA,Seattle Seahawks,DEF,DEF,SEA,True,,,,,,,,,,,,,,,,,,,
SF,San Francisco 49ers,DEF,DEF,SF,True,,,,,,,,,,,,,,,,,,,
TB,Tampa Bay Buccaneers,DEF,DEF,TB,True,,,,,,,,,,,,,,,,,,,
TEN,Tennessee Titans,DEF,DEF,TEN,True,,,,,,,,,,,,,,,,,,,
WAS,Washington Commanders,DEF,DEF,WAS,True,,,,,,,,,,,,,,,,,,,
